"","Burn1_TF1","Burn2_TF1","Burn2_TF2","Burn3_TF1","Burn3_TF2","Burn3_TF3","Burn4_TF1","Burn4_TF2","Burn5_TF1","Burn5_TF2","Burn6_TF1","Burn6_TF2","A1_TF1","A2_TF1","A3_TF1","A3_TF2","A4_TF1","A4_TF2","A4_TF3","A4_TF4","A4_TF5","A4_TF6","B1_TF1","B2_TF1","B2_TF2","B3_TF1","B3_TF2","B3_TF3","B3_TF4","B3_TF5","B4_TF1","B5_TF1","C1_TF1","C2_TF1","C2_TF2","C2_TF3","C2_TF4","C3_TF1","C3_TF2","C4_TF1","C4_TF2","C4_TF3","C5_TF1","C5_TF2","C6_TF1","D1_TF1","D1_TF2","D2_TF1","D3_TF1","D4_TF1","D4_TF2","D5_TF1","D5_TF2","D6_TF1","Target1","Target2","Target3","Target4","Target5","Target6","Target7","Target8","Target9","Target10","Target11","Target12","Target13","Target14","Target15","Target16","Target17","Target18","Target19","Target20","Target21","Target22","Target23","Target24","Target25","Target26","Target27","Target28","Target29","Target30","Target31","Target32","Target33","Target34","Target35","Target36","Target37","Target38","Target39","Target40","Target41","Target42","Target43","Target44","Target45","Target46","Target47","Target48","Target49","Target50","Target51","Target52","Target53","Target54","Target55","Target56","Target57","Target58","Target59","Target60","Target61","Target62","Target63","Target64","Target65","Target66","Target67","Target68","Target69","Target70","Target71","Target72","Target73","Target74","Target75","Target76","Target77","Target78","Target79","Target80","Target81","Target82","Target83","Target84","Target85","Target86","Target87","Target88","Target89","Target90","Target91","Target92","Target93","Target94","Target95","Target96","Target97","Target98","Target99","Target100","Target101","Target102","Target103","Target104","Target105","Target106","Target107","Target108","Target109","Target110","Target111","Target112","Target113","Target114","Target115","Target116","Target117","Target118","Target119","Target120","Target121","Target122","Target123","Target124","Target125","Target126","Target127","Target128","Target129","Target130","Target131","Target132","Target133","Target134","Target135","Target136","Target137","Target138","Target139","Target140"
"cell1",0,3,2,1,2,1,0,3,11,0,2,3,1,0,0,0,0,0,2,3,0,1,1,1,0,0,0,0,0,0,0,0,0,0,0,0,0,1,0,0,0,0,1,0,0,0,0,0,0,0,0,0,0,0,1,1,0,0,1,2,0,0,3,5,0,0,0,0,5,0,3,1,6,4,0,0,0,2,1,0,2,3,3,0,2,0,0,0,0,0,0,0,0,0,0,1,0,0,1,1,0,0,4,0,0,0,0,0,4,0,0,0,1,0,0,2,0,3,1,0,1,0,5,4,0,4,0,0,1,0,0,0,8,0,3,1,0,0,0,9,0,0,2,6,0,7,0,0,0,0,4,6,0,5,0,0,0,1,0,1,0,0,0,3,0,0,1,1,6,0,2,0,1,1,3,3,0,0,2,0,2,0,1,0,0,0,1,0,5,0,2,3,6,0
"cell2",1,0,3,3,0,0,0,0,0,0,0,2,0,2,0,0,0,0,0,0,0,0,0,0,0,1,2,0,3,0,0,0,0,0,0,0,0,0,2,0,0,0,1,0,0,0,0,0,0,0,0,0,0,0,0,0,1,0,0,0,0,0,0,0,0,0,0,0,1,4,3,2,1,0,0,0,0,0,0,0,0,0,0,2,0,0,0,0,0,0,0,0,0,0,0,1,2,2,1,1,0,0,0,0,0,0,0,0,0,0,0,0,1,0,0,0,1,1,1,3,0,0,0,1,0,0,0,0,1,0,0,1,2,0,0,0,0,0,0,0,0,0,0,0,0,0,0,0,0,0,0,0,1,0,0,0,0,2,0,0,3,1,0,3,0,0,4,0,0,0,3,0,0,1,1,1,0,0,0,0,0,0,1,0,1,0,0,0,0,0,0,0,6,0
"cell3",4,0,1,2,0,1,1,0,3,0,1,1,0,3,0,0,0,1,0,0,0,0,0,0,0,0,1,4,0,2,0,0,0,0,0,0,0,1,0,0,0,0,0,0,0,0,0,0,0,0,0,0,0,0,1,0,0,0,0,2,0,2,0,0,0,0,0,1,0,1,1,2,1,1,0,0,0,0,0,0,1,0,0,1,0,0,0,0,0,0,0,0,0,2,0,3,3,0,1,0,0,0,6,0,1,0,0,0,4,0,0,0,0,0,0,0,0,0,1,0,0,0,2,2,0,0,0,0,0,0,0,0,4,0,2,0,0,0,1,0,1,0,0,0,0,0,0,0,2,1,0,0,0,2,0,2,0,1,0,0,0,1,0,3,0,2,1,1,0,0,0,0,0,1,0,1,0,0,0,0,0,0,0,0,0,0,0,0,0,0,5,0,0,0
"cell4",1,0,0,1,0,3,0,3,1,0,0,7,0,1,0,0,0,1,3,2,0,0,0,0,0,0,0,0,0,0,0,0,0,0,0,0,0,4,1,0,0,0,0,0,0,0,0,0,0,0,0,0,0,0,8,0,0,0,0,0,0,0,0,0,0,0,0,0,0,0,4,4,0,4,0,0,0,0,0,0,0,0,5,1,0,0,0,0,2,0,0,0,0,0,6,3,2,1,0,1,0,0,0,0,2,0,0,0,2,0,0,0,2,0,0,0,1,0,1,0,0,0,2,2,0,1,1,0,0,0,0,2,2,0,1,0,0,0,0,0,1,0,0,0,0,0,0,0,0,0,0,1,0,1,0,0,0,3,0,0,0,1,0,2,0,0,1,0,2,0,0,0,0,2,0,1,0,0,1,0,0,0,4,0,3,0,1,0,0,0,4,0,2,0
"cell5",0,3,1,0,0,0,3,0,0,0,2,3,3,0,0,0,0,0,0,0,0,0,0,0,0,1,0,1,0,0,0,0,0,0,0,0,0,2,0,0,0,0,0,0,0,0,0,0,0,0,0,0,0,0,1,0,0,0,0,0,0,0,0,0,0,0,0,0,0,0,0,1,0,1,1,0,0,0,0,0,0,0,1,0,0,0,0,0,0,0,0,0,0,1,2,0,0,1,1,0,0,0,0,0,0,0,0,0,0,0,0,0,1,0,0,0,0,4,1,0,0,0,1,1,0,0,0,1,1,0,0,1,3,0,0,0,0,0,0,0,0,0,0,0,0,0,0,0,0,1,0,0,0,1,0,0,0,0,0,0,0,2,0,1,0,1,3,0,0,0,1,0,0,0,3,2,0,0,0,0,0,0,0,0,0,0,0,0,1,0,1,0,0,0
"cell6",1,0,0,1,0,1,2,2,0,2,0,1,0,0,0,0,0,0,4,1,2,2,3,0,1,0,0,0,1,0,0,0,0,0,0,0,0,2,1,0,0,0,0,0,0,0,0,0,0,0,0,0,0,0,0,2,0,2,0,0,0,0,0,0,0,0,0,0,1,0,1,4,3,2,0,0,0,0,0,0,3,1,0,2,2,0,0,0,0,0,0,0,0,0,1,3,1,0,3,0,0,0,0,0,1,0,0,0,5,0,0,0,0,0,0,0,0,1,0,7,0,0,5,5,0,0,2,0,0,0,0,0,0,0,1,3,0,0,0,0,4,0,0,0,0,0,0,0,0,0,1,0,2,1,0,1,0,2,0,0,4,2,0,2,0,0,2,4,0,0,2,0,1,2,0,0,0,0,0,0,0,0,0,0,0,0,0,0,2,0,0,0,0,0
"cell7",0,0,0,1,0,0,1,1,0,0,0,2,1,0,0,0,0,0,0,0,0,0,0,0,0,0,6,1,2,1,0,0,0,0,0,0,0,0,1,0,0,0,2,3,0,0,0,0,0,0,0,0,0,0,2,0,3,0,0,0,0,2,0,0,0,0,0,0,0,3,1,1,0,0,0,0,0,0,0,0,0,0,3,2,0,0,0,0,0,0,0,0,0,0,0,3,1,1,2,0,0,0,0,0,0,0,0,0,2,0,0,0,0,0,0,2,0,1,0,1,1,0,2,0,0,0,0,1,0,0,0,0,2,0,0,0,0,0,0,0,1,0,0,0,0,0,0,0,0,1,0,0,0,2,0,2,0,5,0,0,1,0,0,0,0,0,1,0,0,0,0,1,0,0,0,0,0,0,1,0,0,3,0,0,0,0,1,0,0,0,0,0,2,0
"cell8",6,5,0,0,0,4,5,2,4,0,0,1,4,8,2,0,3,0,0,0,2,4,6,1,0,0,0,0,0,0,1,0,0,1,0,0,0,0,0,0,0,0,7,4,0,0,0,0,0,0,0,0,0,0,2,3,0,0,7,3,0,2,4,4,0,0,0,2,0,0,0,3,10,9,0,0,1,4,3,1,3,0,6,0,4,0,0,0,0,0,0,0,0,0,0,9,0,0,5,2,0,0,0,0,1,0,0,0,5,0,0,0,1,0,0,0,0,1,4,4,2,0,1,0,0,10,6,0,0,0,0,0,4,0,5,0,0,0,0,2,0,1,2,1,0,1,6,0,4,0,0,1,2,0,0,3,0,0,2,0,6,4,0,0,0,0,2,1,0,0,4,0,2,5,5,5,0,0,2,3,4,2,0,0,4,0,4,0,2,0,2,3,0,0
"cell9",1,2,0,5,4,1,4,0,2,0,4,2,1,0,0,0,3,3,2,1,0,0,3,2,0,0,0,0,0,0,2,0,0,0,0,0,2,0,0,0,0,0,0,0,0,0,0,0,0,0,0,0,0,0,5,0,0,0,2,0,0,2,2,0,0,0,0,3,2,0,0,3,5,3,0,4,2,4,8,6,2,0,5,9,2,0,1,0,0,0,0,0,0,0,0,1,0,2,2,0,0,0,8,0,2,0,0,0,1,0,0,0,0,0,0,2,0,0,1,3,1,0,6,7,0,1,4,0,0,0,0,1,3,0,0,0,0,0,0,3,2,0,9,3,1,4,4,5,8,0,0,5,8,0,0,6,0,0,0,1,4,0,0,1,0,0,6,7,1,0,2,0,1,4,3,2,0,0,1,2,3,0,0,0,0,0,0,0,0,0,3,0,6,1
"cell10",0,0,0,0,0,0,1,0,0,0,0,2,1,0,0,0,0,0,0,0,0,0,0,0,0,1,2,0,4,2,0,0,0,0,0,0,0,0,0,0,0,0,4,0,0,0,0,0,0,0,0,0,0,0,0,0,0,0,0,1,0,0,0,0,0,0,0,0,1,1,2,1,0,2,1,0,0,0,0,0,2,0,1,1,0,0,0,3,0,0,0,0,0,1,4,0,6,4,2,1,0,0,0,0,4,0,0,0,0,0,0,0,0,0,0,0,2,0,1,0,0,0,2,1,0,0,0,1,1,0,0,0,0,0,1,2,0,0,0,0,4,0,0,0,0,0,0,0,0,0,0,0,1,0,0,0,0,0,0,0,1,0,0,0,0,0,2,0,0,0,0,0,0,0,0,2,0,0,1,0,0,1,1,0,2,0,0,0,0,0,0,0,0,0
"cell11",1,1,0,2,3,0,0,1,0,1,0,1,0,0,0,0,1,0,0,1,0,0,1,2,0,0,0,0,0,0,0,0,0,0,0,0,0,1,0,0,0,0,2,2,0,0,0,0,0,0,0,0,0,0,1,1,0,0,0,0,0,1,0,0,0,0,0,1,3,0,1,3,3,1,1,0,0,0,0,0,2,1,4,1,2,0,0,0,2,0,0,0,0,0,2,0,8,0,0,3,0,0,0,0,1,0,0,0,0,0,0,0,0,0,0,0,0,1,1,3,2,0,1,0,0,0,2,0,0,0,0,3,0,0,3,0,0,0,2,0,4,0,0,0,0,0,0,0,2,0,1,0,0,4,0,1,0,3,0,0,3,1,0,0,0,0,1,3,4,0,0,0,1,0,5,1,0,0,2,0,0,0,0,0,3,0,0,0,0,0,0,0,0,0
"cell12",3,1,0,0,0,4,0,2,1,0,0,7,3,0,2,0,1,0,0,2,0,0,0,0,0,0,0,0,0,3,0,0,0,0,0,0,0,0,0,0,0,0,1,0,0,0,0,0,0,0,0,0,0,0,3,3,0,0,0,0,0,0,0,0,0,0,0,0,0,2,1,0,2,3,1,0,0,0,0,0,1,0,0,3,0,0,0,0,0,0,0,0,0,0,1,1,0,0,3,0,0,0,1,0,0,0,0,0,0,0,0,0,1,0,0,1,0,4,1,3,0,0,1,1,0,0,0,0,0,0,0,1,4,0,0,1,0,0,0,0,4,0,0,0,0,0,0,0,1,0,0,0,1,1,0,0,0,0,0,0,1,0,0,1,0,0,2,1,0,0,0,0,2,0,4,1,0,0,0,0,0,2,0,0,1,0,0,0,0,0,2,0,1,0
"cell13",3,0,0,0,1,0,0,0,1,0,0,1,0,0,2,0,0,0,0,0,0,0,0,0,0,2,1,1,0,2,0,0,0,0,0,0,0,0,1,0,0,0,0,0,0,0,0,0,0,0,0,0,0,0,0,0,0,0,0,0,0,0,0,0,0,0,0,0,0,1,0,3,1,1,1,0,0,0,0,0,0,0,0,0,0,0,0,0,0,0,0,0,0,1,0,0,0,1,0,0,0,0,2,0,0,0,0,0,0,0,0,0,0,0,0,0,1,1,1,0,1,0,0,0,0,0,0,0,0,0,0,0,0,0,0,1,0,0,0,0,0,0,0,0,0,0,0,0,0,0,0,0,0,0,0,1,0,1,0,0,1,0,0,0,0,0,0,0,0,0,0,0,0,0,1,0,0,0,0,0,0,1,0,0,2,0,0,0,0,0,0,0,0,0
"cell14",2,1,0,0,0,0,0,0,1,0,1,0,0,0,1,1,0,0,0,0,0,0,0,0,0,0,1,1,0,0,0,0,0,0,0,0,0,0,0,0,0,0,0,0,0,0,0,0,0,0,0,0,0,0,0,0,0,0,0,0,0,0,0,0,0,0,0,0,0,0,0,0,0,0,0,0,0,0,0,0,1,0,0,0,0,0,0,3,0,0,0,0,0,0,0,0,0,0,2,0,0,0,1,0,1,0,0,0,1,0,0,0,0,0,0,0,0,1,0,0,0,0,1,0,1,0,0,2,2,0,0,2,1,0,0,0,0,0,0,0,1,0,0,0,0,0,0,0,0,1,0,0,0,1,0,1,0,1,0,0,3,0,0,1,0,0,0,0,0,0,0,0,0,0,0,0,0,0,0,0,0,1,1,0,0,0,0,0,2,0,0,0,0,0
"cell15",4,6,0,3,3,0,3,6,0,0,0,3,1,2,0,0,0,0,1,0,2,1,3,2,2,0,0,0,0,0,0,0,0,0,0,0,0,3,4,0,0,0,1,4,0,0,0,0,0,0,0,0,0,0,0,0,0,2,0,1,0,2,0,0,0,0,0,2,1,1,4,2,2,8,3,0,0,1,0,0,2,0,4,4,2,0,0,0,0,0,0,0,0,0,0,6,0,1,12,2,0,0,0,0,3,0,0,0,2,0,0,0,0,0,0,6,5,7,3,2,0,0,0,7,0,5,6,0,0,0,0,1,0,0,2,0,0,0,0,0,1,0,2,10,2,0,1,0,6,0,2,0,0,0,0,4,0,0,2,0,1,2,0,2,0,0,3,8,0,0,3,0,0,3,1,0,0,0,2,0,0,2,0,0,0,0,0,0,5,0,1,0,3,0
"cell16",8,6,0,0,0,0,5,0,1,0,0,2,1,0,0,0,0,0,1,1,0,5,0,0,0,0,0,0,0,0,0,0,0,0,0,0,0,1,3,0,0,0,5,0,0,0,0,0,0,0,0,0,0,0,8,0,0,3,0,1,0,2,0,0,0,0,0,2,0,2,2,0,3,2,2,0,0,0,0,0,0,3,0,3,0,0,1,0,0,0,0,0,0,0,2,0,0,0,1,0,0,0,0,0,7,0,0,0,2,0,0,0,0,0,0,0,0,4,1,4,3,0,0,2,0,2,1,0,0,0,0,1,3,0,9,2,0,0,0,0,3,0,0,0,0,0,0,0,3,0,0,0,2,0,0,2,0,2,0,0,1,4,0,5,0,0,3,2,0,0,3,0,3,0,3,4,0,0,3,0,0,0,1,0,2,0,3,0,0,0,1,0,7,0
"cell17",2,1,3,0,0,3,0,2,0,1,0,3,1,0,0,0,1,2,0,0,0,2,3,1,0,0,0,0,0,0,0,0,0,0,0,0,0,3,2,0,0,0,2,0,0,0,0,0,0,0,0,0,0,0,0,0,0,2,0,4,0,0,0,0,0,0,0,4,0,6,2,0,0,0,2,0,0,0,0,0,1,1,2,3,0,0,2,0,0,0,0,0,0,0,0,1,0,0,6,2,0,0,1,0,2,0,0,0,1,0,0,0,0,0,0,3,0,2,0,7,6,0,3,3,0,2,1,0,0,0,0,0,5,0,2,1,0,0,0,0,1,0,0,0,0,0,0,0,5,0,0,0,0,4,0,0,0,3,0,0,3,0,0,2,0,0,0,0,3,0,3,0,2,3,0,5,0,0,0,0,0,0,0,0,2,0,0,0,1,0,0,0,0,0
"cell18",7,1,1,9,5,3,6,7,16,4,6,5,1,4,0,2,1,0,16,7,4,3,3,0,0,0,0,0,0,0,0,0,4,5,3,0,0,0,0,0,0,0,0,0,0,0,0,0,0,0,0,0,0,0,0,3,3,0,6,0,0,4,14,9,0,0,0,7,6,0,5,6,7,2,0,3,1,6,4,0,1,7,4,5,0,0,0,0,0,0,0,0,0,0,0,0,0,3,5,0,0,0,2,0,0,0,0,0,7,0,0,0,1,0,10,3,0,6,1,0,2,0,8,11,0,3,1,0,0,0,0,0,5,0,12,3,0,0,0,0,0,8,3,6,4,0,0,0,0,0,5,8,10,0,0,2,0,0,0,0,3,0,0,7,0,12,6,2,0,0,2,0,0,7,3,5,0,0,0,4,3,0,0,0,0,0,6,0,6,0,2,0,4,2
"cell19",0,1,2,4,0,0,1,0,3,2,1,0,2,0,0,0,3,3,1,0,4,0,1,0,0,0,0,0,0,0,0,0,0,0,0,0,0,0,4,0,0,0,0,1,0,0,0,0,0,0,0,0,0,0,1,1,0,0,0,0,0,5,0,0,0,0,0,0,2,7,4,2,0,7,0,0,0,0,0,0,1,3,1,5,0,0,6,0,0,0,0,0,0,0,1,2,4,1,1,0,0,0,2,0,0,0,0,0,1,0,0,0,0,0,0,1,0,0,0,2,0,0,0,6,0,1,3,0,0,0,0,1,2,0,3,5,0,0,0,0,3,0,0,0,0,0,0,0,0,0,1,0,1,0,0,0,0,0,0,0,0,4,0,0,0,0,1,3,1,0,1,2,0,1,0,0,0,0,1,0,0,0,0,0,5,0,1,0,2,0,0,0,2,0
"cell20",3,0,3,0,3,1,3,2,7,2,1,4,2,2,0,0,4,0,0,1,0,2,4,0,1,0,0,0,0,0,0,0,1,0,0,3,0,2,0,0,0,0,8,1,0,0,0,0,6,0,0,0,0,0,1,4,0,0,0,0,0,0,0,0,0,0,0,0,4,0,3,3,2,5,0,0,3,3,1,0,0,0,4,1,2,0,2,0,0,0,0,0,0,0,0,0,0,1,3,0,0,0,4,0,0,0,0,0,2,0,0,0,1,0,0,0,0,1,1,6,2,0,4,15,1,1,6,0,0,0,0,2,2,0,2,4,0,0,0,2,0,0,7,1,0,0,0,0,0,0,2,2,6,1,0,4,0,0,0,0,0,1,0,1,0,0,1,1,0,0,1,0,1,7,0,0,0,0,1,0,1,3,0,0,1,0,7,0,1,0,0,7,1,0
"cell21",2,1,2,0,0,0,0,2,2,0,4,3,1,0,0,0,0,3,1,2,0,3,4,0,2,0,0,0,0,0,0,0,0,0,0,0,0,1,4,0,0,0,1,4,0,0,0,0,0,0,0,0,0,0,2,3,0,0,0,1,0,1,0,0,0,0,0,0,1,0,0,1,5,1,0,0,0,0,0,0,0,0,7,0,0,0,0,0,0,0,0,0,0,0,0,1,0,0,1,1,0,0,0,0,1,0,0,0,3,0,0,0,0,0,0,1,0,2,0,0,1,0,1,0,0,0,2,0,0,0,0,0,0,0,2,2,0,0,0,0,1,0,0,0,0,0,0,0,2,0,0,3,2,1,0,4,0,0,0,0,2,2,0,5,0,0,3,6,0,0,3,2,4,1,3,6,0,0,0,0,0,0,0,0,0,0,1,0,0,0,1,0,0,0
"cell22",1,7,0,2,4,2,4,1,3,2,5,2,2,1,0,0,0,0,1,0,1,1,10,1,2,0,0,0,0,0,1,0,0,0,0,0,0,0,2,0,0,0,2,0,0,0,0,0,0,0,0,0,0,0,1,3,0,0,0,0,0,2,0,0,0,0,0,0,3,4,2,4,1,0,0,0,0,0,0,0,1,2,0,1,0,0,1,0,0,0,0,0,0,0,0,1,0,2,4,0,0,0,0,0,0,0,0,0,0,0,0,0,6,0,0,0,3,0,2,0,3,0,3,0,0,0,5,0,0,0,0,2,5,0,1,0,0,0,0,0,2,0,1,0,0,0,1,0,1,0,0,0,3,2,0,0,0,1,0,5,4,0,0,6,0,0,6,2,0,0,1,0,1,3,0,4,0,0,0,0,0,0,0,0,0,0,2,0,1,0,5,0,0,0
"cell23",0,0,1,0,0,0,0,1,0,0,0,3,0,0,0,0,4,0,0,0,1,0,0,1,0,0,0,0,0,0,0,0,0,0,0,0,0,0,0,0,0,0,0,2,0,0,0,0,0,0,0,0,0,0,3,0,1,1,0,1,0,0,0,0,0,0,0,3,0,2,0,5,1,2,0,0,0,0,0,0,0,0,1,3,0,0,3,0,0,0,0,0,0,0,3,1,0,0,4,0,0,0,1,0,4,0,0,0,5,0,0,0,0,0,0,0,3,2,0,3,3,0,1,0,0,0,0,0,0,0,0,3,0,0,0,1,0,0,0,0,1,0,0,0,0,0,0,0,5,0,0,3,0,2,0,2,0,0,0,0,0,2,0,2,0,0,3,4,3,0,0,3,0,0,0,1,0,0,1,0,0,0,0,0,1,0,3,0,1,0,0,0,6,0
"cell24",1,2,1,0,0,0,0,1,0,0,0,5,3,0,0,0,0,0,1,0,0,0,4,2,1,0,0,0,0,0,0,0,0,0,0,0,0,3,0,0,0,0,0,0,0,0,0,0,0,0,0,0,0,0,0,1,0,0,0,0,0,2,0,0,0,0,0,0,0,0,1,0,2,1,1,0,0,0,0,0,4,1,2,1,2,0,2,0,0,0,0,0,0,0,0,2,2,4,7,0,0,0,4,0,1,0,0,0,1,0,0,0,2,0,0,0,0,1,0,0,0,0,0,0,0,1,0,0,0,0,0,0,0,0,2,2,0,0,0,0,0,0,0,0,0,0,0,0,0,0,0,0,5,0,0,1,0,0,0,0,1,0,0,2,0,0,1,0,0,0,0,0,0,1,0,0,0,0,0,0,0,0,1,0,0,0,0,0,0,0,0,0,2,0
"cell25",2,0,0,0,0,0,0,0,0,2,0,0,1,0,0,0,0,0,0,0,0,0,0,0,0,1,1,0,0,3,0,0,0,0,0,0,0,0,1,0,0,0,0,0,0,0,0,0,0,0,0,0,0,0,0,0,0,0,0,1,0,0,0,0,0,0,0,3,3,1,0,0,0,1,0,0,0,0,0,0,1,0,0,2,0,0,0,0,1,0,0,0,0,0,0,1,0,0,0,1,0,0,0,0,0,0,0,0,3,0,0,0,0,0,0,0,0,3,0,0,1,0,1,2,0,0,0,1,2,0,0,0,1,0,1,1,0,0,1,0,0,0,0,0,0,0,0,0,0,0,0,0,2,1,0,0,0,0,0,0,1,2,0,0,0,0,3,0,0,0,2,1,0,0,1,2,0,0,1,0,0,1,1,0,2,0,3,0,1,0,4,0,0,0
"cell26",1,0,0,3,0,2,0,3,0,0,0,1,0,1,0,0,0,2,1,4,0,4,1,0,0,0,0,0,0,0,0,0,0,0,0,0,0,1,0,0,0,0,0,0,0,0,0,0,0,0,0,0,0,0,0,0,0,0,0,3,0,3,0,0,0,0,0,2,0,0,2,1,0,3,2,0,0,0,0,0,0,1,1,5,1,0,0,0,0,0,0,0,0,0,1,0,1,3,3,0,0,0,0,0,1,0,0,0,1,0,0,0,1,0,0,0,3,5,0,0,0,0,3,1,0,0,4,0,0,0,0,3,0,0,1,0,0,0,0,0,0,0,0,0,0,0,0,0,2,0,1,0,1,1,0,2,0,3,0,0,3,0,0,4,1,0,0,1,1,0,0,0,0,0,0,4,0,0,1,0,0,0,0,0,0,0,1,0,4,0,0,0,0,0
"cell27",6,1,1,0,0,0,3,2,0,0,0,1,1,0,0,0,0,1,6,1,1,5,3,2,4,0,0,0,0,0,0,3,0,0,0,0,0,6,0,0,0,0,1,3,0,0,0,0,0,0,0,0,0,0,1,0,0,4,0,0,0,0,0,0,0,0,0,6,0,3,1,0,0,1,2,0,0,0,0,0,2,2,9,1,0,0,5,0,0,0,0,0,0,0,0,0,0,0,1,3,0,0,6,0,2,0,0,0,1,0,0,0,2,0,0,2,4,4,2,1,1,0,0,0,0,2,2,0,0,0,0,2,1,0,1,0,0,0,0,0,5,0,0,0,0,0,0,0,0,0,1,10,0,1,0,1,0,5,0,0,1,0,0,2,0,0,2,2,0,0,1,0,0,0,6,1,0,0,0,0,0,0,1,0,1,0,1,0,0,0,2,0,2,0
"cell28",1,2,0,0,0,2,2,0,0,0,3,1,0,1,0,0,0,0,0,0,0,0,0,0,0,0,1,0,1,2,0,0,0,0,0,0,0,0,4,0,0,0,1,0,0,0,0,0,0,0,0,0,0,0,0,0,0,0,0,0,0,0,0,0,0,0,0,0,1,1,2,3,2,1,0,0,0,0,0,0,0,0,0,1,0,0,0,0,0,0,0,0,0,0,0,0,3,0,0,0,0,0,2,0,4,0,0,0,0,0,0,0,0,0,0,0,0,0,0,2,0,0,0,2,0,0,0,0,0,0,0,0,0,0,2,1,0,0,0,0,0,0,0,0,0,0,0,0,0,0,0,0,1,1,0,2,0,0,0,0,0,0,0,2,0,0,1,0,0,0,0,1,0,0,1,1,0,0,0,0,0,1,0,0,0,0,3,0,0,0,1,0,0,0
"cell29",2,0,1,0,0,0,2,2,2,0,5,0,1,3,0,0,0,0,1,2,2,3,5,1,1,0,0,0,0,0,1,0,0,0,0,0,0,3,2,0,0,0,1,0,0,0,0,0,0,0,0,0,0,0,0,0,0,0,0,3,0,2,0,0,0,0,0,0,3,1,0,2,3,3,2,0,0,0,0,0,9,0,4,6,0,0,2,0,5,0,0,0,0,0,0,2,2,2,5,3,0,0,0,0,3,0,0,0,6,0,0,0,2,0,0,0,0,2,0,2,0,0,3,0,0,0,5,0,0,0,0,0,0,0,4,2,0,0,0,0,0,0,0,0,0,0,0,0,0,0,2,0,0,0,0,4,0,0,0,0,1,2,0,3,0,0,0,0,0,0,3,2,0,4,0,2,0,0,0,0,0,2,0,0,3,0,1,0,2,0,1,0,4,0
"cell30",0,2,1,6,1,1,1,3,0,5,0,0,2,5,0,0,1,2,2,6,0,0,4,3,6,0,0,0,0,0,0,0,2,2,0,0,6,0,0,0,0,0,7,2,0,0,0,0,0,0,0,0,0,0,4,10,0,0,7,0,0,0,2,5,0,0,0,0,0,0,0,2,0,1,0,1,1,3,1,6,5,6,2,5,5,0,0,0,0,0,0,0,0,0,0,2,0,7,4,5,0,0,3,0,1,0,0,0,5,0,2,0,0,0,3,5,3,2,5,6,3,0,13,0,0,3,2,0,0,0,0,0,1,0,6,0,0,0,0,0,0,0,4,5,3,2,1,1,0,0,6,0,0,3,0,4,0,4,0,0,3,0,0,5,0,0,0,3,1,0,0,0,0,9,4,9,0,0,3,2,7,3,0,0,1,0,4,0,1,0,4,8,1,5
"cell31",0,2,0,0,2,0,0,1,1,3,2,3,3,0,0,0,0,0,0,3,0,0,0,0,2,0,0,0,0,0,0,0,0,0,0,0,0,0,1,0,0,0,2,0,0,0,0,0,0,0,0,0,0,0,0,3,0,3,0,1,0,1,0,0,0,0,0,0,0,1,0,0,1,12,2,0,0,0,0,0,0,1,2,1,2,0,1,0,3,0,0,0,0,0,3,1,0,0,3,0,0,0,3,0,1,0,0,0,0,0,0,0,0,0,0,0,0,0,2,0,1,0,1,4,0,0,0,0,0,0,0,0,1,0,3,1,0,0,0,0,5,2,0,0,0,0,0,0,2,0,4,1,0,4,0,1,0,3,0,0,0,1,0,1,0,0,3,1,0,0,1,0,1,1,9,1,0,0,1,0,0,4,0,0,0,0,2,0,0,0,0,0,4,0
"cell32",4,0,0,0,0,8,2,0,7,4,2,2,0,0,0,0,0,0,1,0,0,0,0,3,0,0,0,0,0,0,0,0,0,0,0,0,0,3,0,0,0,0,0,2,0,0,0,0,0,0,0,0,0,0,0,5,0,4,0,0,0,0,0,0,0,0,0,2,2,1,1,0,3,1,0,0,0,0,0,0,3,0,2,0,2,0,0,0,0,0,0,0,0,0,0,0,3,2,1,0,0,0,2,0,3,0,0,0,3,0,0,0,2,0,0,2,1,0,3,2,1,0,0,3,0,7,0,0,0,0,0,0,0,0,0,2,0,0,0,0,4,0,0,0,0,0,0,0,4,0,1,0,0,3,0,0,0,0,0,0,0,0,0,4,0,0,0,4,0,0,1,2,0,2,0,5,0,0,2,0,0,0,0,0,0,0,1,0,3,0,1,0,0,0
"cell33",0,0,0,0,0,4,0,0,0,0,0,0,3,0,1,0,0,0,0,0,0,0,0,0,0,0,1,1,4,0,0,0,0,0,0,0,0,0,2,0,0,0,6,0,0,0,0,0,0,0,0,0,0,0,0,0,0,0,0,0,0,2,0,0,0,0,0,0,1,2,0,0,0,1,1,0,0,0,0,0,0,0,2,0,0,0,0,1,1,0,0,0,0,1,1,0,2,1,0,2,0,0,0,0,0,0,0,0,0,0,0,0,0,0,0,0,1,1,2,1,1,0,0,3,0,0,0,0,0,0,0,0,0,0,0,0,0,0,0,0,0,0,0,0,0,0,0,0,0,0,0,0,3,0,1,2,0,2,0,0,2,0,0,4,0,0,1,0,0,0,1,0,0,0,2,1,0,0,1,0,0,0,0,0,0,0,0,0,0,0,1,0,0,0
"cell34",3,1,1,0,5,6,0,2,0,0,8,4,1,3,0,0,4,3,1,4,2,2,2,0,1,0,0,0,0,0,2,0,4,0,1,2,4,1,6,0,0,0,7,2,0,0,0,0,0,0,0,0,0,0,0,1,0,2,0,2,0,2,3,0,0,0,0,3,0,0,6,1,5,4,0,2,2,0,1,2,5,1,1,2,0,0,1,0,0,0,0,0,0,0,0,5,0,3,8,0,0,0,0,0,2,0,0,0,2,0,2,0,1,0,0,1,2,2,4,0,0,0,2,5,0,5,1,0,0,0,0,2,1,0,4,1,0,0,0,0,0,3,0,3,5,0,4,1,1,0,8,2,2,0,0,1,0,3,1,0,4,10,0,2,0,0,4,6,1,0,4,0,2,3,7,0,0,0,1,0,1,4,0,0,0,0,5,0,0,0,1,5,3,0
"cell35",0,0,0,0,0,0,0,0,1,2,0,5,1,0,0,0,7,0,3,0,2,0,1,1,0,0,0,0,0,0,0,0,0,0,0,0,0,2,0,0,0,0,1,1,0,0,0,0,0,0,0,0,0,0,3,0,0,1,0,0,0,2,0,0,0,0,0,1,1,4,2,4,4,0,0,0,0,0,0,0,3,0,5,0,2,0,1,0,0,0,0,0,0,0,0,0,0,0,6,1,0,0,1,0,1,0,0,0,0,0,0,0,2,0,0,2,1,1,1,2,0,0,0,0,0,3,1,0,0,0,0,0,1,0,1,0,0,0,0,0,3,0,0,0,0,0,0,0,2,0,3,3,1,3,0,1,0,1,0,0,0,0,0,4,0,0,0,1,0,0,5,3,0,0,0,3,0,0,0,0,0,3,0,0,0,0,0,0,0,0,2,0,1,0
"cell36",1,0,0,0,0,1,0,0,0,0,0,0,0,0,1,0,0,0,0,0,0,0,0,0,0,0,0,1,0,0,0,0,0,0,0,0,0,0,0,0,0,0,1,0,0,0,0,0,0,0,0,0,0,0,0,0,0,0,0,0,0,1,0,0,0,0,0,0,1,0,1,1,1,0,0,0,0,0,0,0,0,0,2,0,0,0,0,0,0,0,0,0,0,0,1,0,0,1,1,2,0,0,0,0,0,0,0,0,0,0,0,0,0,0,0,0,0,1,1,0,1,0,1,0,0,0,0,0,0,0,0,0,0,0,0,0,0,0,0,0,0,0,0,0,0,0,0,0,0,0,0,0,0,2,0,1,0,0,0,0,0,0,0,0,0,0,0,0,0,0,0,0,0,0,0,1,0,0,0,0,0,0,0,0,1,0,0,0,0,0,0,0,1,0
"cell37",0,1,2,1,0,0,0,1,3,0,1,1,0,1,1,0,0,0,0,0,0,0,0,0,0,0,2,0,1,0,0,0,0,0,0,0,0,0,1,0,0,0,0,0,0,0,0,0,0,0,0,0,0,0,0,0,0,0,0,2,0,1,0,0,0,0,0,0,0,0,0,0,0,2,0,0,0,0,0,0,3,0,1,1,0,0,0,0,0,0,0,0,0,0,0,0,1,1,6,2,0,0,1,0,0,0,0,0,0,0,0,0,0,0,0,0,0,1,0,0,1,0,0,0,0,0,0,2,0,0,0,1,2,0,5,2,0,0,0,0,0,0,0,0,0,0,0,0,0,0,0,0,1,1,0,2,0,0,0,0,0,2,0,3,0,0,1,0,0,0,0,0,0,1,0,1,0,0,0,0,0,3,0,0,1,0,0,0,0,0,1,0,0,0
"cell38",1,4,1,1,0,3,1,0,1,0,0,1,0,0,2,0,0,0,0,0,0,0,0,0,0,1,2,0,1,2,0,0,0,0,0,0,0,1,0,0,0,0,0,2,0,0,0,0,0,0,0,0,0,0,2,0,2,2,0,1,0,0,0,0,0,0,0,0,0,2,1,1,3,1,0,0,0,0,0,0,1,0,0,3,0,0,0,1,0,0,0,0,0,0,0,0,1,2,2,5,0,0,5,0,0,0,0,0,2,0,0,0,0,0,0,0,0,0,0,0,1,0,0,3,0,0,0,0,5,0,0,0,3,0,3,0,0,0,0,0,0,0,0,0,0,0,0,0,0,1,0,0,0,4,0,0,0,4,0,0,0,0,0,2,0,0,0,0,0,0,1,0,0,2,0,0,0,0,2,0,0,0,0,0,0,0,0,0,4,0,4,0,2,0
"cell39",0,1,0,1,0,2,1,0,0,2,0,0,0,0,0,1,0,0,0,0,0,0,0,0,0,0,1,0,0,1,0,0,0,0,0,0,0,0,0,0,0,0,3,0,0,0,0,0,0,0,0,0,0,0,1,0,0,0,0,2,0,3,0,0,0,0,0,5,0,4,0,0,3,0,0,0,0,0,0,0,1,0,0,0,0,0,0,0,0,0,0,0,0,1,0,1,0,1,2,2,0,0,0,0,0,0,0,0,1,0,0,0,0,0,0,0,0,2,0,1,0,0,0,3,0,0,0,3,2,0,0,0,0,0,1,0,0,0,0,0,1,0,0,0,0,0,0,0,0,0,0,0,3,1,0,0,0,0,0,0,0,1,0,2,0,0,1,0,0,0,1,0,0,0,1,3,0,0,2,0,0,1,0,0,2,0,2,0,2,0,1,0,0,0
"cell40",5,3,5,2,0,1,1,2,0,2,2,0,0,0,0,0,0,3,3,5,8,3,0,3,4,0,0,0,0,0,2,0,7,3,3,0,0,0,0,0,0,0,0,7,0,0,0,0,0,0,0,0,0,0,7,2,0,0,3,0,0,4,1,2,0,0,0,0,3,0,1,0,2,0,0,0,0,7,2,14,4,7,4,0,3,0,5,0,0,0,0,0,0,0,0,2,0,7,4,3,0,0,0,0,6,0,0,0,1,0,4,0,1,0,0,2,0,0,3,2,0,0,5,3,0,6,11,0,0,0,0,0,4,0,8,1,0,0,0,1,2,7,6,6,0,0,15,0,2,0,6,13,0,6,0,0,0,0,0,0,0,7,0,7,0,0,7,5,7,0,3,0,5,2,0,0,0,0,0,2,6,0,0,0,0,0,5,0,4,0,0,1,9,7
"cell41",0,1,0,2,1,1,2,0,0,0,0,1,0,0,0,0,0,0,0,0,0,0,0,0,0,0,2,0,0,0,0,0,0,0,0,0,0,0,0,0,0,0,1,0,0,0,0,0,0,0,0,0,0,0,0,0,2,0,0,0,0,0,0,0,0,0,0,3,1,2,0,1,1,2,0,0,0,0,0,0,1,0,0,0,0,0,0,3,0,0,0,0,0,0,0,0,2,0,1,0,0,0,1,0,0,0,0,0,1,0,0,0,0,0,0,0,0,1,1,1,0,0,1,1,0,0,0,8,0,0,0,0,0,0,0,0,0,0,0,0,0,0,0,0,0,0,0,0,0,0,0,0,1,3,0,1,0,0,0,0,1,0,0,1,0,0,0,0,0,0,0,2,0,0,2,2,0,0,1,0,0,1,2,0,0,0,2,0,1,0,0,0,0,0
"cell42",1,0,1,5,0,6,8,0,7,5,0,0,5,2,0,0,9,1,1,6,5,0,9,2,0,0,0,0,0,0,3,0,0,0,2,6,1,0,0,1,0,0,0,1,0,0,0,0,0,0,0,0,0,0,9,7,0,0,1,0,0,4,1,4,0,0,0,0,4,0,1,1,4,11,5,8,2,3,2,0,4,2,6,9,5,0,2,0,0,0,0,0,0,0,0,1,0,1,3,2,0,0,4,0,0,0,0,0,0,0,0,0,2,0,3,6,2,9,0,0,1,0,3,7,0,3,5,0,0,0,0,0,2,3,1,0,0,0,3,0,0,1,8,9,2,5,0,3,3,0,3,4,4,12,0,3,0,0,0,0,3,0,1,4,0,3,2,1,3,0,6,0,9,3,3,17,0,0,3,9,7,1,0,0,0,0,0,0,1,0,0,11,0,0
"cell43",0,0,0,2,1,0,3,0,0,1,0,2,0,1,2,0,0,1,2,5,0,0,3,0,0,0,0,0,0,0,0,0,0,0,0,0,0,0,1,0,0,0,1,0,0,0,0,0,0,0,0,0,0,0,0,0,0,2,0,2,0,2,0,0,0,0,0,1,3,4,1,1,0,7,0,0,0,0,0,0,3,3,5,0,2,0,0,0,2,0,0,0,0,0,0,1,0,0,2,1,0,0,1,0,1,0,0,0,1,0,0,0,0,0,0,0,2,2,2,0,0,0,3,4,0,1,1,0,0,0,0,0,1,0,1,1,0,0,0,0,6,1,0,0,0,0,0,0,3,0,1,0,2,3,0,2,0,3,0,0,0,1,0,3,0,0,1,0,0,0,0,0,0,1,0,4,0,0,0,0,0,0,0,0,2,0,1,0,4,0,1,0,2,0
"cell44",4,1,3,5,4,0,1,5,11,3,0,1,0,6,0,0,1,1,4,1,0,0,0,4,1,0,0,0,0,0,0,0,0,0,1,1,0,0,2,0,0,0,4,0,0,0,0,1,0,0,0,0,0,0,3,0,0,0,2,1,0,7,0,0,0,0,0,6,2,0,2,0,3,0,0,6,1,9,2,0,9,1,3,0,2,0,0,0,0,0,0,0,0,0,0,5,0,4,14,1,0,0,3,0,0,0,0,0,0,0,0,0,0,0,0,0,0,1,3,5,4,0,4,1,0,0,0,0,0,0,0,3,0,0,1,6,0,0,0,0,0,0,7,10,2,3,2,3,1,0,0,0,1,9,0,8,0,0,1,0,0,0,2,2,0,0,3,0,1,0,6,0,2,3,4,7,0,0,1,0,6,1,2,0,4,0,4,0,0,0,1,5,3,0
"cell45",1,2,0,1,0,0,0,1,0,0,0,4,6,0,0,1,0,0,0,0,0,0,2,2,1,0,0,0,0,0,0,0,0,0,0,0,0,1,0,0,0,0,4,0,0,0,0,0,0,0,0,0,0,0,0,1,0,0,0,0,0,5,0,0,0,0,0,0,0,0,0,1,3,0,1,0,0,0,0,0,3,2,0,2,1,0,2,0,0,0,0,0,0,0,0,3,1,1,3,0,0,0,5,0,1,0,0,0,2,0,0,0,2,0,0,0,0,0,0,0,0,0,0,0,0,3,2,0,0,0,0,0,2,0,3,0,0,0,0,0,0,0,0,0,0,0,0,0,0,0,0,1,0,0,1,3,0,0,0,0,0,0,0,1,0,0,2,1,0,0,0,2,0,0,4,2,0,0,0,0,0,1,0,0,0,0,1,0,0,0,2,0,4,0
"cell46",3,0,1,0,0,2,0,3,2,0,3,5,1,1,0,0,1,1,0,2,3,0,0,1,0,0,0,0,0,0,0,0,0,0,0,0,0,1,2,0,0,0,0,2,0,0,0,0,0,0,0,0,0,0,1,1,0,0,0,0,0,1,0,0,0,0,0,0,2,1,5,1,0,2,1,0,0,0,0,0,1,0,4,4,0,0,0,0,0,0,0,0,0,0,2,0,1,1,6,3,0,0,0,0,1,0,0,0,1,0,0,0,0,0,0,3,0,8,2,0,0,0,2,0,0,3,1,0,0,0,0,1,0,0,0,1,0,0,0,0,0,0,0,0,0,0,0,0,2,0,8,1,3,3,0,0,0,1,0,0,0,1,0,0,0,0,1,0,2,0,0,0,0,0,4,1,0,0,1,0,0,0,0,0,0,0,0,0,3,0,2,0,1,0
"cell47",1,0,1,0,0,1,1,4,1,1,1,3,4,0,1,1,0,0,0,0,0,0,0,0,0,0,0,2,2,2,0,0,0,0,0,0,0,0,2,0,0,0,1,0,0,0,0,0,0,0,0,0,0,0,1,0,4,1,0,0,0,0,0,0,1,0,0,1,0,1,2,3,0,2,0,0,0,0,0,0,0,0,4,0,0,0,0,0,0,0,0,0,0,3,2,0,0,1,1,1,0,0,3,0,3,0,0,0,0,0,0,0,3,0,0,0,0,2,1,7,1,0,1,3,0,0,0,1,0,0,0,0,0,0,1,0,0,0,0,0,3,0,0,0,0,0,0,0,0,1,0,0,3,0,0,1,0,0,0,0,3,0,0,2,0,0,1,0,0,0,0,0,0,2,0,0,0,0,0,0,0,1,3,0,0,0,3,0,5,0,0,0,0,0
"cell48",2,3,2,2,0,5,0,4,5,2,6,5,0,0,0,0,0,0,2,3,4,5,3,0,4,0,0,0,0,0,0,0,0,0,0,0,0,5,0,0,0,0,3,1,0,0,0,0,0,0,0,0,0,0,3,12,0,1,3,4,0,5,0,0,0,0,0,1,4,0,0,0,4,4,0,2,0,2,0,4,0,0,2,14,2,0,0,0,0,0,0,0,0,0,0,3,0,0,6,0,0,0,2,0,2,0,0,0,1,0,1,0,0,0,0,2,8,1,4,0,2,0,2,6,0,0,9,0,0,0,0,0,0,0,6,2,0,0,0,5,0,0,3,8,3,0,7,0,4,0,1,2,2,4,0,5,0,0,3,2,3,0,0,4,0,0,1,9,6,0,3,0,0,2,1,0,0,0,0,0,4,6,0,0,7,0,0,0,0,0,3,3,3,0
"cell49",0,0,2,0,1,0,0,2,1,3,1,1,0,0,0,0,0,0,0,0,0,0,0,0,0,0,1,5,0,3,0,0,0,0,0,0,0,0,0,0,0,0,0,0,0,0,0,0,0,0,0,0,0,0,0,0,3,0,0,1,0,1,0,0,0,0,0,1,2,0,2,0,4,1,0,0,0,0,0,0,1,0,2,0,0,0,0,0,0,0,0,0,0,0,1,0,0,3,0,0,0,0,0,0,0,0,0,0,6,0,0,0,1,0,0,0,0,0,6,0,0,0,1,0,0,0,0,0,3,0,0,0,0,0,0,0,0,0,0,0,2,0,0,0,0,0,0,0,0,2,0,0,1,0,0,0,0,0,0,0,0,2,0,1,0,0,0,0,0,0,1,3,0,3,0,0,0,0,2,0,0,0,1,0,2,0,0,0,0,0,0,0,0,0
"cell50",2,0,0,5,0,0,1,5,5,0,1,6,2,0,0,0,1,0,1,6,0,2,7,0,7,0,0,0,0,0,0,0,0,0,4,0,1,1,0,0,0,0,4,10,0,3,0,0,0,0,0,0,0,0,5,2,0,0,4,2,0,0,2,1,0,0,0,14,4,0,4,0,3,0,1,3,5,2,0,2,0,0,9,1,0,0,0,0,1,0,0,0,0,0,0,0,0,2,1,2,0,0,0,0,3,0,0,0,8,0,2,0,1,0,0,1,0,2,0,1,1,0,5,5,0,3,7,0,0,0,0,6,1,0,2,0,0,0,0,0,0,4,4,1,6,3,0,8,5,0,0,3,3,2,0,1,0,0,0,0,0,0,6,9,0,0,2,2,0,0,2,0,0,1,1,0,0,0,0,3,3,0,0,1,2,0,5,0,1,0,0,4,3,1
"cell51",0,0,0,1,0,4,0,0,0,3,2,4,0,0,1,1,0,0,0,0,0,0,0,0,0,0,5,0,2,1,0,0,0,0,0,0,0,1,1,0,0,0,0,1,0,0,0,0,0,0,0,0,0,0,0,0,0,0,0,0,0,1,0,0,0,0,0,0,0,2,0,2,0,0,1,0,0,0,0,0,0,0,0,1,0,0,0,3,0,0,0,0,0,0,1,0,0,0,1,0,0,0,0,0,1,0,0,0,3,0,0,0,2,0,0,0,0,0,0,0,0,0,0,2,0,0,0,0,0,0,0,0,3,0,0,0,0,0,1,0,2,0,0,0,0,0,0,0,0,3,0,0,0,2,0,3,0,0,0,0,0,0,0,0,0,0,0,0,0,0,1,0,0,4,0,0,0,0,0,0,0,2,1,0,1,0,0,0,0,0,1,0,3,0
"cell52",1,0,0,0,0,0,0,0,0,0,0,0,0,0,0,1,0,0,0,0,0,0,0,0,0,1,0,1,0,0,0,0,0,0,0,0,0,0,1,0,0,0,1,0,0,0,0,0,0,0,0,0,0,0,1,0,0,0,0,1,0,0,0,0,0,0,0,0,0,0,0,2,0,0,0,0,0,0,0,0,0,0,0,0,0,0,0,0,0,0,0,0,0,0,1,0,1,0,0,0,0,0,0,0,0,0,0,0,2,0,0,0,0,0,0,0,1,0,1,0,0,0,3,1,0,0,0,2,2,0,0,0,0,0,3,0,0,0,0,0,1,0,0,0,0,0,0,0,0,0,0,0,0,0,0,1,0,2,0,0,0,1,0,0,0,0,1,0,0,0,0,0,0,2,0,2,0,0,0,0,0,0,1,0,1,0,4,0,0,0,0,0,0,0
"cell53",2,1,0,0,1,0,0,0,2,0,0,1,0,0,0,1,0,0,0,0,0,0,0,0,0,0,4,0,0,1,0,0,0,0,0,0,0,0,0,0,0,0,0,0,0,0,0,0,0,0,0,0,0,0,0,0,0,0,0,0,0,0,0,0,0,0,0,0,0,0,0,0,1,0,0,0,0,0,0,0,1,0,1,1,0,0,0,0,0,0,0,0,0,0,0,1,2,4,2,0,0,0,1,0,1,0,0,0,1,0,0,0,0,0,0,0,0,1,0,0,0,0,1,1,1,0,0,2,4,0,0,0,1,0,0,0,0,0,0,0,1,0,0,0,0,0,0,0,0,1,0,0,2,0,0,0,0,1,0,0,0,0,0,0,0,0,2,0,0,0,0,3,0,0,0,0,0,0,2,0,0,0,0,0,0,0,0,0,1,0,0,0,0,0
"cell54",0,0,1,1,0,0,0,2,2,0,0,0,2,0,1,2,0,0,0,0,0,0,0,0,0,0,1,1,0,4,0,0,0,0,0,0,0,2,5,0,0,0,0,0,0,0,0,0,0,0,0,0,0,0,1,0,0,1,0,2,0,0,0,0,0,0,0,3,0,0,0,0,0,2,2,0,0,0,0,0,1,0,0,2,0,0,0,1,0,0,0,0,0,2,0,0,1,1,1,0,0,0,0,0,1,0,0,0,3,0,0,0,1,0,0,0,0,1,0,0,0,0,0,0,0,0,0,0,0,0,0,2,1,0,1,0,0,0,0,0,3,0,0,0,0,0,0,0,0,1,0,0,1,1,0,0,0,1,0,0,0,3,0,2,0,0,2,0,0,0,0,0,0,0,0,0,0,0,0,0,0,1,2,0,0,0,0,0,0,0,0,0,1,0
"cell55",0,0,0,1,0,1,1,3,0,0,0,0,0,1,0,0,1,0,2,0,0,0,0,0,0,1,0,1,1,2,0,0,0,0,0,0,0,1,0,0,0,0,0,1,0,0,0,0,0,0,0,0,0,0,3,0,4,0,0,1,0,0,0,0,0,0,0,0,0,1,0,0,1,0,0,0,0,0,0,0,0,0,0,1,0,0,0,0,2,0,0,0,0,1,3,2,1,0,0,1,0,0,1,0,0,0,0,0,2,0,0,0,0,0,0,0,2,1,1,1,1,0,1,2,0,0,0,0,2,0,0,0,0,0,0,2,0,0,1,0,2,0,0,0,0,0,0,0,0,0,0,0,1,1,0,0,0,0,0,0,0,1,0,0,0,0,1,0,0,0,1,1,0,1,0,0,0,0,0,0,0,1,1,0,3,0,0,0,1,0,0,0,4,0
"cell56",2,0,2,3,1,3,0,7,2,0,0,2,0,0,0,0,3,0,1,4,0,4,3,0,2,0,0,0,0,0,3,4,0,0,0,0,0,0,0,0,0,0,0,3,0,0,0,0,0,0,0,0,0,0,0,1,0,3,4,0,0,0,5,0,0,0,0,0,0,0,4,0,5,3,0,2,0,3,0,0,2,6,4,2,0,0,8,0,0,0,0,0,0,0,0,5,0,0,10,0,0,0,2,0,0,0,0,0,2,0,0,0,0,0,0,2,0,3,0,5,4,0,6,1,0,1,2,0,0,0,0,1,3,0,5,0,0,0,0,1,0,0,2,2,0,0,5,0,2,0,0,2,0,1,0,0,0,0,0,0,0,0,0,1,0,0,2,5,5,0,2,0,3,1,2,0,0,0,0,0,1,6,0,0,1,0,0,0,2,0,0,3,3,0
"cell57",2,0,2,4,0,1,1,0,0,0,2,2,5,0,0,1,0,0,0,0,0,0,0,0,0,2,1,2,0,0,0,0,0,0,0,0,0,0,2,0,0,0,7,1,0,0,0,0,0,0,0,0,0,0,1,0,1,3,0,3,0,0,0,0,0,0,0,0,0,0,0,1,3,1,1,0,0,0,0,0,3,0,0,3,0,0,0,0,0,0,0,0,0,2,0,0,0,2,2,4,0,0,4,0,1,0,0,0,8,0,0,0,0,0,0,0,4,3,4,0,5,0,3,0,0,0,0,1,0,0,0,0,3,0,0,1,0,0,0,0,2,0,0,0,0,0,0,0,0,1,0,0,1,1,0,1,0,0,0,0,1,0,0,2,0,0,2,0,0,0,2,3,0,0,0,0,0,0,0,0,0,1,0,0,0,0,3,0,2,0,0,0,2,0
"cell58",3,0,0,0,0,0,0,0,4,2,4,3,2,2,0,0,0,0,0,1,7,0,1,0,0,0,0,0,0,0,0,0,2,0,0,0,0,3,0,0,0,0,1,1,0,0,0,0,0,0,0,0,0,0,5,3,0,3,0,3,0,0,0,0,0,0,0,6,0,3,1,1,2,6,2,0,0,0,0,0,6,0,3,3,0,0,0,0,1,0,0,0,0,0,0,3,0,0,5,0,0,0,0,0,0,0,0,0,3,0,0,0,3,0,0,5,0,1,0,0,1,0,0,0,0,0,4,0,0,0,0,1,1,0,3,4,0,0,0,0,0,3,0,5,1,0,0,0,2,0,2,0,1,0,0,2,0,0,0,0,0,0,0,5,1,0,1,1,0,0,0,0,1,2,1,6,0,0,5,0,0,0,0,0,0,0,2,0,3,0,2,0,0,0
"cell59",3,11,0,4,5,2,1,4,2,2,0,2,2,5,0,0,0,0,1,0,1,1,4,0,1,0,1,0,0,0,0,0,0,0,0,0,0,4,2,0,0,0,0,2,0,0,0,0,0,0,0,0,0,0,0,0,0,2,0,0,0,2,0,0,0,0,0,1,0,5,1,3,2,6,1,0,0,3,0,0,1,0,3,5,3,0,0,0,0,0,0,0,0,0,0,9,0,3,4,2,0,0,0,0,1,0,0,0,7,0,0,0,1,0,0,0,1,9,4,2,0,0,0,7,0,5,6,0,0,0,0,0,0,0,4,1,0,0,0,0,2,0,5,12,3,0,1,0,4,0,2,0,0,0,0,1,0,0,4,0,2,1,0,3,0,0,5,11,0,0,1,0,0,4,2,0,0,0,2,0,0,1,0,0,0,0,1,0,2,0,8,0,5,0
"cell60",1,3,0,3,0,7,0,6,7,1,3,0,0,0,0,0,2,0,3,1,0,0,2,0,4,0,0,0,0,0,1,0,0,0,0,1,0,0,4,0,0,0,4,7,0,0,0,0,0,0,0,0,0,0,2,0,0,1,0,0,0,0,2,2,0,0,0,4,6,0,1,1,0,2,0,0,0,2,0,0,3,1,0,5,1,0,1,0,2,0,0,0,0,0,0,4,0,2,6,0,0,0,1,0,0,0,0,0,1,0,0,0,1,0,0,0,1,2,0,1,2,0,0,0,0,0,9,0,0,0,0,3,1,0,8,0,0,0,0,2,0,0,1,0,1,0,8,2,1,0,0,1,0,2,0,0,0,0,4,4,1,1,0,2,0,0,1,1,1,0,0,0,0,1,1,2,0,0,0,0,1,2,0,0,0,0,7,0,0,0,1,0,2,0
"cell61",0,0,0,0,0,0,5,4,2,6,0,13,4,0,0,0,6,5,0,5,0,2,6,2,0,2,0,0,0,0,1,3,6,1,8,0,5,0,0,0,4,2,4,0,0,0,0,0,0,0,0,0,0,0,1,5,8,0,13,0,0,1,2,0,0,0,0,0,1,0,6,0,1,0,1,9,5,3,2,5,1,3,3,0,0,0,3,0,4,0,0,0,0,0,0,2,0,1,11,0,0,0,10,0,8,0,0,0,6,0,2,0,3,0,0,0,1,0,5,12,7,0,9,9,0,3,3,0,0,0,0,0,5,0,2,0,0,0,0,8,0,0,5,10,3,0,7,2,10,0,2,4,5,1,0,8,0,0,0,0,4,0,3,2,0,5,0,1,1,0,0,0,0,4,0,0,0,0,0,0,3,0,0,0,0,0,2,0,5,0,10,6,10,4
"cell62",0,0,0,0,0,0,2,1,3,0,2,2,1,1,0,0,0,0,7,1,1,2,0,1,1,0,0,0,0,0,0,1,0,0,0,0,0,1,3,0,0,0,0,2,0,0,0,0,0,0,0,0,0,0,0,0,0,2,0,1,0,4,0,0,0,0,0,2,1,5,3,1,0,1,2,0,0,0,0,0,2,3,2,2,1,0,5,0,0,0,0,0,0,0,0,0,0,0,1,0,0,0,6,0,4,0,0,0,2,0,0,0,3,0,0,1,3,5,0,2,0,0,1,4,0,1,2,0,0,0,0,0,0,0,1,0,0,0,0,0,5,0,0,0,0,0,0,0,0,0,1,6,0,2,0,0,0,5,0,0,2,0,0,1,0,0,1,3,2,0,2,0,0,0,1,0,0,0,0,0,0,0,3,0,1,0,1,0,0,0,1,0,2,0
"cell63",6,1,0,0,0,6,5,0,1,1,0,0,1,7,1,0,0,0,0,0,1,2,2,3,0,0,0,0,0,0,1,0,0,1,0,0,0,0,0,0,0,0,3,3,0,0,0,0,0,0,0,0,0,0,0,2,0,0,5,4,0,2,1,4,0,0,0,3,0,0,0,5,4,2,0,0,1,2,7,1,4,2,2,0,5,0,0,0,0,0,0,0,0,0,0,4,0,2,1,2,0,0,0,0,4,0,0,0,6,0,0,0,0,0,0,0,0,3,4,4,2,0,1,2,0,5,3,0,0,0,0,0,1,0,1,0,0,0,0,3,0,1,3,2,1,2,1,0,5,0,1,1,2,0,0,4,0,0,0,0,5,2,0,1,0,0,3,0,0,0,1,0,4,5,3,8,0,0,6,1,2,1,0,0,1,0,2,0,0,0,4,2,0,0
"cell64",1,1,0,0,1,0,0,1,0,0,2,0,0,2,0,0,0,0,0,0,0,0,0,0,0,2,0,1,2,2,0,0,0,0,0,0,0,0,3,0,0,0,1,0,0,0,0,0,0,0,0,0,0,0,0,0,0,0,0,0,0,1,0,0,0,0,0,0,0,0,1,0,2,0,1,0,0,0,0,0,1,0,3,6,0,0,0,0,1,0,0,0,0,0,0,3,3,0,4,0,0,0,0,0,0,0,0,0,3,0,0,0,0,0,0,0,3,0,3,0,0,1,1,1,0,0,0,1,2,0,0,0,0,0,1,0,0,0,0,0,3,0,0,0,0,0,0,0,0,0,0,0,2,0,0,5,0,0,0,0,2,0,0,0,0,0,4,0,0,0,1,0,0,0,0,0,0,0,2,0,0,0,2,0,2,0,0,0,2,0,1,0,3,0
"cell65",1,0,0,0,0,2,10,0,0,3,4,2,0,2,0,0,0,0,1,0,0,8,0,0,0,0,0,2,2,5,0,0,0,0,0,0,0,0,2,0,0,0,2,2,0,0,0,0,0,0,0,0,0,0,4,0,0,0,0,1,0,0,0,0,0,0,0,1,0,0,1,1,0,0,0,0,0,0,0,0,1,0,2,1,0,0,0,0,2,0,0,0,0,2,3,0,0,0,1,0,0,0,0,0,2,0,0,0,2,0,0,0,0,0,0,1,0,1,0,3,0,0,0,0,0,0,0,1,2,0,0,2,1,0,2,2,0,0,0,0,1,0,0,0,0,0,0,0,1,0,0,0,0,0,0,0,0,2,0,0,1,2,0,0,0,0,1,0,0,0,2,1,0,0,1,0,0,0,0,0,0,0,0,0,4,0,0,0,0,0,1,0,0,0
"cell66",2,3,3,2,4,1,2,3,0,0,2,3,0,0,0,0,0,0,1,3,0,2,0,1,0,0,0,0,0,0,2,3,0,0,0,0,0,0,1,0,0,0,0,1,0,0,0,0,0,0,0,0,0,0,4,0,2,1,0,2,0,2,0,0,0,0,0,3,0,7,0,0,4,3,0,0,0,0,0,0,2,0,12,0,0,0,0,0,0,0,0,0,0,0,0,0,0,6,2,1,0,0,0,0,0,0,0,0,4,0,0,0,2,0,0,0,0,2,1,6,2,0,6,3,1,2,1,0,0,0,0,0,0,0,2,2,0,0,0,0,0,0,0,2,0,0,0,2,0,0,0,0,1,3,0,2,0,3,0,0,0,0,0,0,0,0,3,3,0,0,0,0,5,1,5,3,0,0,3,0,0,0,0,0,1,0,0,0,0,0,0,0,1,0
"cell67",5,2,13,0,0,12,3,3,4,3,9,19,10,11,0,0,11,11,4,5,5,7,4,3,8,0,0,0,0,0,11,0,5,9,18,0,0,0,0,0,0,2,4,5,0,0,0,0,0,0,0,0,0,0,4,14,0,0,10,0,0,5,18,0,0,0,0,3,0,0,3,2,4,9,0,7,12,11,3,7,9,0,5,0,13,0,0,0,0,0,0,0,0,0,0,3,0,4,11,3,0,0,3,0,2,0,0,0,0,0,1,0,7,0,3,18,11,0,0,4,4,0,6,11,0,4,14,0,0,0,0,3,2,0,10,5,0,0,0,13,0,6,3,5,0,3,6,4,7,0,8,5,2,18,0,3,0,0,0,0,4,0,7,4,0,2,0,9,3,0,4,0,4,6,8,13,0,0,0,5,8,12,0,0,3,0,13,0,1,0,0,9,15,0
"cell68",0,4,1,0,5,2,0,3,3,1,1,1,0,3,0,2,2,3,3,0,0,1,0,0,0,0,0,0,0,0,0,0,0,0,0,0,0,1,1,0,0,0,1,0,0,0,0,0,0,0,0,0,0,0,2,3,0,0,0,1,0,2,0,0,0,0,0,2,0,2,3,1,2,0,5,0,0,0,0,0,1,1,0,3,1,0,0,0,0,0,0,0,0,0,0,0,4,0,1,2,0,0,0,0,6,0,0,0,0,0,0,0,2,0,0,0,0,1,0,1,0,0,3,1,0,0,0,0,1,0,0,0,5,0,1,0,0,0,0,0,3,2,0,0,0,1,0,1,3,0,1,1,0,5,0,2,0,0,0,0,2,1,0,4,0,0,0,1,1,0,1,0,1,1,2,1,0,0,2,0,0,1,0,0,0,0,0,0,0,0,5,0,4,0
"cell69",1,1,2,1,1,1,0,1,0,3,0,2,0,3,0,0,0,0,0,4,1,2,1,0,0,0,0,0,0,0,0,0,0,0,0,0,0,0,1,0,0,0,4,0,0,0,0,0,0,0,0,0,0,0,0,3,0,1,0,1,0,2,0,0,0,0,0,1,0,0,0,1,2,7,0,0,0,0,0,0,0,1,2,1,0,0,0,0,4,0,0,0,0,0,1,2,2,1,5,0,0,0,0,0,2,0,0,0,1,0,0,0,0,0,0,0,3,0,0,1,0,0,1,1,0,0,3,0,0,0,0,0,1,0,0,0,0,0,0,0,4,0,0,0,0,0,0,0,1,0,1,0,0,4,0,1,0,1,0,0,1,0,0,1,0,0,0,3,0,0,1,0,1,0,5,2,0,0,4,0,0,4,0,0,0,0,1,0,0,0,0,0,0,0
"cell70",0,0,0,2,0,0,0,4,0,0,0,2,0,0,0,1,0,0,0,0,0,0,0,0,0,0,0,1,1,0,0,0,0,0,0,0,0,1,0,0,0,0,0,0,0,0,0,0,0,0,0,0,0,0,1,0,0,0,0,1,0,0,0,0,0,0,0,1,0,0,1,1,0,1,0,0,0,0,0,0,1,0,0,0,0,0,0,0,0,0,0,0,0,0,0,0,2,3,0,0,0,0,0,0,1,0,0,0,0,0,0,0,0,0,0,2,1,0,1,0,1,0,1,1,0,0,0,1,0,0,0,0,2,0,0,0,0,0,0,0,1,0,0,0,0,0,0,0,0,1,0,0,2,0,0,0,0,1,0,0,0,2,0,0,0,0,1,0,0,0,0,2,0,1,0,0,0,0,0,0,0,2,1,0,0,0,3,0,0,0,1,0,0,0
"cell71",2,0,0,5,0,0,1,1,2,1,1,2,0,0,0,0,0,3,4,0,2,0,0,0,0,0,0,0,0,0,0,0,0,0,0,0,0,0,3,0,0,0,0,0,0,0,0,0,0,0,0,0,0,0,0,0,0,0,0,1,0,4,0,0,0,0,0,0,4,7,1,0,2,4,0,0,0,0,0,0,1,1,5,3,2,0,4,0,2,0,0,0,0,0,0,2,2,4,5,0,0,0,3,0,0,0,0,0,0,0,0,0,0,0,0,2,0,0,0,2,1,0,0,1,0,1,2,0,0,0,0,0,0,0,0,2,0,0,0,0,6,0,0,0,0,0,0,0,2,0,2,0,0,0,0,0,0,0,0,1,2,0,0,0,0,0,4,1,0,0,0,0,0,0,0,0,0,0,3,0,0,0,0,0,1,0,0,0,0,0,3,0,2,0
"cell72",0,1,0,0,1,0,0,0,0,0,0,0,0,1,0,0,0,0,0,0,0,0,0,0,0,0,0,1,3,0,0,0,0,0,0,0,0,0,1,0,0,0,1,0,0,0,0,0,0,0,0,0,0,0,2,0,0,0,0,2,0,0,0,0,0,0,0,0,0,1,0,1,1,2,0,0,0,0,0,0,0,0,1,0,0,0,0,0,0,0,0,0,0,0,1,0,0,0,0,1,0,0,1,0,1,0,0,0,0,0,0,0,1,0,0,0,0,3,3,1,0,0,1,1,0,0,0,0,0,0,0,0,0,0,0,3,0,0,0,0,0,0,0,0,0,0,0,0,0,2,0,0,0,2,0,0,0,0,0,0,0,0,0,0,0,0,0,0,0,0,2,2,0,0,2,3,0,0,0,0,0,0,2,0,0,0,0,0,0,0,1,0,0,0
"cell73",1,1,0,0,2,0,0,0,2,1,0,0,3,0,1,3,0,0,0,0,0,0,0,0,0,0,0,0,0,0,0,0,0,0,0,0,0,0,0,0,0,0,0,1,0,0,0,0,0,0,0,0,0,0,0,0,1,1,0,0,0,1,0,0,0,0,0,0,0,0,2,1,1,1,0,0,0,0,0,0,0,0,0,0,0,0,0,0,0,0,0,0,0,0,0,0,1,0,0,0,0,0,0,0,1,0,0,0,4,0,0,0,1,0,0,0,1,0,2,4,0,0,0,0,0,0,0,1,4,0,0,0,0,0,0,0,0,0,0,0,0,0,0,0,0,0,0,0,0,0,0,0,2,0,0,1,0,0,0,0,1,0,0,0,0,0,1,0,0,0,0,0,0,0,0,0,0,0,1,0,0,1,1,0,0,0,0,0,0,0,0,0,0,0
"cell74",0,0,0,0,0,0,0,9,4,9,1,7,2,0,0,0,6,10,0,4,0,1,13,2,0,2,0,0,0,0,4,3,4,2,14,0,3,0,0,0,3,4,3,0,0,0,0,0,0,0,0,0,0,0,4,14,3,0,11,0,0,5,5,0,0,0,0,0,0,0,7,0,4,3,4,9,3,3,2,2,5,1,3,2,0,0,7,0,1,0,0,0,0,0,0,4,0,3,11,0,0,0,6,0,4,0,0,0,11,0,3,0,3,0,0,0,3,0,7,7,3,0,5,7,0,4,7,0,0,0,0,0,3,0,2,0,0,0,0,8,0,0,2,14,1,0,12,0,8,0,6,4,4,2,0,7,0,0,0,0,3,0,2,6,0,3,4,2,3,0,0,0,0,3,0,0,0,0,0,0,0,0,0,0,0,0,2,0,3,0,4,11,11,5
"cell75",1,0,0,0,0,0,0,1,0,0,0,1,0,0,0,0,0,0,0,0,0,0,0,0,0,2,0,1,2,2,0,0,0,0,0,0,0,0,1,0,0,0,0,0,0,0,0,0,0,0,0,0,0,0,0,0,0,0,0,1,0,0,0,0,0,0,0,0,0,0,0,4,0,1,2,0,0,0,0,0,0,0,0,0,0,0,0,0,0,0,0,0,0,0,1,0,1,1,2,0,0,0,1,0,0,0,0,0,0,0,0,0,0,0,0,1,0,1,0,0,0,0,0,1,0,0,0,0,0,0,0,0,2,0,1,0,0,0,0,0,3,0,0,0,0,0,0,0,0,0,0,0,0,1,0,1,0,0,0,0,1,0,0,0,0,0,1,0,0,0,0,0,0,0,1,0,0,0,2,0,0,2,0,0,0,0,0,0,0,0,2,0,0,0
"cell76",1,2,0,0,0,0,3,0,4,1,0,1,0,0,0,0,0,2,3,0,0,0,2,0,2,0,0,0,0,0,0,0,0,0,0,0,0,1,1,0,0,0,1,3,0,0,0,0,0,0,0,0,0,0,0,0,0,0,0,4,0,0,0,0,0,0,0,0,4,2,5,1,1,0,0,0,0,0,0,0,1,1,1,0,0,0,0,0,1,0,0,0,0,0,0,4,6,1,0,0,0,0,0,0,1,0,0,0,3,0,0,0,0,0,0,2,0,4,3,1,1,0,3,3,0,0,0,0,0,0,0,0,1,0,1,0,0,0,0,0,8,0,0,0,0,0,0,0,1,0,0,0,2,3,0,2,0,0,0,0,4,0,0,6,0,0,2,2,0,0,0,0,2,4,6,2,0,0,2,0,0,4,0,0,0,0,2,0,1,0,3,0,6,0
"cell77",3,0,0,1,2,0,0,1,0,0,2,2,0,0,0,0,0,0,0,0,0,0,0,0,0,0,2,0,0,0,0,0,0,0,0,0,0,1,1,0,0,0,1,0,0,0,0,0,0,0,0,0,0,0,0,0,0,0,0,4,0,1,0,0,0,0,0,0,0,1,0,0,1,1,0,0,0,0,0,0,0,0,0,0,0,0,0,0,0,0,0,0,0,0,0,4,2,1,2,0,0,0,0,0,6,0,0,0,0,0,0,0,0,0,0,0,0,0,1,5,4,0,2,0,0,0,0,0,0,0,0,0,0,0,0,0,0,0,0,0,1,0,0,0,0,0,0,0,0,1,0,0,2,0,0,0,0,1,0,0,1,2,0,0,0,0,4,0,0,0,1,0,0,0,1,0,0,0,0,0,0,0,3,0,0,0,0,0,1,0,0,0,0,0
"cell78",3,0,2,2,0,2,2,2,5,0,0,3,0,0,0,0,0,2,0,1,0,0,3,0,0,0,0,0,0,0,0,0,0,0,0,0,0,0,6,0,0,0,2,4,0,0,0,0,0,0,0,0,0,0,1,0,0,1,0,0,0,3,0,0,0,0,0,0,0,0,0,1,5,2,0,0,0,0,0,0,0,1,0,0,0,0,3,0,1,0,0,0,0,1,0,0,0,0,3,0,0,0,1,0,0,0,0,0,3,0,0,0,1,0,0,0,2,1,7,0,0,0,2,0,0,0,1,0,0,0,0,0,0,0,1,2,0,0,0,0,2,0,0,0,0,0,0,0,2,0,1,1,0,3,0,2,0,4,0,0,1,1,0,2,0,0,2,2,3,0,3,1,0,0,2,0,0,0,0,0,0,0,0,0,1,0,1,0,1,0,0,0,0,0
"cell79",3,0,1,3,1,0,0,3,3,2,0,1,0,4,1,0,0,0,0,0,0,0,0,0,0,2,3,1,0,6,0,0,0,0,0,0,0,0,1,0,0,0,1,0,0,0,0,0,0,0,0,0,0,0,1,0,0,0,0,1,0,4,0,0,0,0,0,1,0,0,1,1,4,0,1,0,0,0,0,0,5,0,2,0,0,0,0,0,0,0,0,0,0,3,0,1,2,0,4,2,0,0,2,0,1,0,0,0,1,0,0,0,0,0,0,0,0,1,3,2,0,0,1,0,0,0,0,1,4,0,0,1,1,0,1,2,0,0,0,0,0,0,0,0,0,0,0,0,0,2,0,0,3,3,0,2,0,1,0,0,3,2,0,0,0,0,2,0,0,0,2,0,0,0,3,1,0,0,1,0,0,1,1,0,2,0,2,0,1,0,0,0,3,0
"cell80",3,0,3,1,3,0,5,4,3,1,0,3,4,0,0,0,4,0,0,0,0,6,0,0,0,0,0,0,0,0,0,0,0,2,0,1,4,0,0,0,0,0,0,0,0,0,0,0,0,0,0,0,0,0,0,0,0,0,5,0,0,1,6,0,0,0,0,1,2,0,6,4,4,6,3,1,9,0,0,2,3,1,2,4,2,0,0,0,0,0,0,0,0,0,0,4,0,7,3,4,0,0,2,0,0,0,0,0,8,0,7,0,2,0,0,0,0,6,6,2,2,0,4,4,0,2,4,0,0,0,0,4,2,0,1,0,0,0,0,0,0,3,2,2,1,3,7,2,0,0,0,2,2,4,0,6,0,1,0,4,2,0,2,2,0,0,4,2,2,0,0,0,0,2,2,1,0,0,0,0,3,1,0,0,0,0,0,0,1,0,0,5,0,0
"cell81",3,0,0,0,0,0,0,0,0,0,3,2,2,0,0,0,0,0,0,0,0,0,0,0,0,1,3,2,1,0,0,0,0,0,0,0,0,0,1,0,0,0,5,1,0,0,0,0,0,0,0,0,0,0,1,0,0,0,0,0,0,0,0,0,0,0,0,0,1,1,1,5,1,0,2,0,0,0,0,0,0,0,0,0,0,0,0,0,0,0,0,0,0,0,0,0,1,3,1,1,0,0,3,0,0,0,0,0,0,0,0,0,0,0,0,0,0,0,1,1,0,0,5,1,0,0,0,0,0,0,0,0,0,0,2,1,0,0,0,0,0,0,0,0,0,0,0,0,0,1,0,0,3,0,0,2,0,2,0,0,0,2,0,2,0,0,1,0,0,0,0,2,0,0,2,1,0,0,0,0,0,2,0,0,0,0,1,0,0,0,1,0,0,0
"cell82",5,8,6,9,3,10,11,9,0,7,0,3,18,0,0,0,0,5,9,0,3,11,0,7,7,0,0,0,0,0,10,10,6,0,0,6,5,0,0,2,3,4,0,0,0,0,0,0,0,0,0,0,0,0,5,0,0,0,8,0,0,5,0,18,0,0,0,5,3,0,5,21,13,7,9,0,6,0,5,0,4,2,5,12,6,0,9,0,0,0,0,0,0,0,0,3,0,14,13,0,0,0,7,0,12,0,0,0,10,0,9,0,5,0,2,3,0,0,2,8,14,0,13,18,0,22,41,0,0,0,0,10,5,0,11,10,0,0,0,9,0,0,12,12,4,19,0,12,23,0,8,3,6,6,0,10,4,4,0,0,7,0,0,13,0,13,3,13,8,0,0,0,13,0,0,15,0,0,0,8,3,22,0,0,0,0,4,0,6,0,0,3,14,3
"cell83",4,12,0,13,6,11,11,9,0,0,0,17,8,16,0,0,0,4,6,11,7,0,11,7,0,0,0,0,0,0,11,0,2,8,0,14,5,0,0,0,2,0,10,0,0,0,0,0,0,0,0,0,0,0,1,0,0,0,6,0,0,0,14,2,0,0,0,0,3,0,10,2,19,13,6,6,0,17,4,16,6,5,5,6,5,0,0,0,5,0,0,0,0,0,0,10,0,2,13,0,0,0,13,0,5,0,0,0,7,0,5,0,0,0,0,6,0,0,2,0,4,0,16,11,0,6,8,0,0,0,0,0,21,0,12,0,0,0,0,2,0,5,19,11,12,0,4,2,2,0,3,9,0,26,0,11,2,0,0,0,0,0,0,27,0,13,0,3,0,0,0,0,0,0,7,4,0,0,0,6,6,5,3,0,5,0,8,0,10,0,9,8,18,7
"cell84",0,0,0,2,0,1,0,1,0,1,0,0,1,0,1,0,0,0,0,0,0,0,0,0,0,2,2,0,1,1,0,0,0,0,0,0,0,1,0,0,0,0,1,4,0,0,0,0,0,0,0,0,0,0,0,0,4,0,0,0,0,2,0,0,0,0,0,0,0,0,1,1,1,0,3,0,0,0,0,0,1,0,3,1,0,0,0,0,0,0,0,0,0,0,3,1,1,0,0,0,0,0,1,0,0,0,0,0,1,0,0,0,0,0,0,0,1,0,0,3,0,0,0,2,0,0,0,0,1,0,0,0,0,0,1,0,0,0,0,0,1,0,0,0,0,0,0,0,0,1,0,0,0,7,0,0,0,2,0,0,2,1,0,3,0,0,1,0,0,0,1,0,0,0,0,1,0,0,0,0,0,0,0,0,0,0,2,0,1,0,0,0,0,0
"cell85",3,1,0,0,2,0,2,1,1,0,1,3,2,1,0,1,0,0,0,0,0,0,0,0,0,0,2,1,1,0,0,0,0,0,0,0,0,3,0,0,0,0,2,0,0,0,0,0,0,0,0,0,0,0,0,0,0,2,0,1,0,0,0,0,0,0,0,0,1,0,0,1,2,1,0,0,0,0,0,0,0,0,1,3,0,0,0,2,0,0,0,0,0,0,2,0,2,1,0,1,0,0,0,0,2,0,0,0,0,0,0,0,1,0,0,0,0,0,1,0,0,0,0,0,0,0,0,1,0,0,0,0,0,0,1,0,0,0,0,0,4,0,0,0,0,0,0,0,0,1,0,0,1,1,0,2,0,5,0,0,0,1,0,0,0,0,0,0,0,0,0,0,0,1,5,4,0,0,0,0,0,0,0,0,0,0,1,0,0,0,0,0,0,0
"cell86",2,0,0,0,2,0,2,2,1,0,0,1,1,1,3,0,0,0,0,0,0,0,0,0,0,0,0,2,0,2,0,0,0,0,0,0,0,0,0,0,0,0,0,0,0,0,0,0,0,0,0,0,0,0,0,0,0,0,0,0,0,1,0,0,0,0,0,0,0,0,1,0,0,0,0,0,0,0,0,0,0,0,2,0,0,0,0,0,0,0,0,0,0,1,1,1,0,0,1,0,0,0,0,0,1,0,0,0,0,0,0,0,3,0,0,0,0,1,2,0,0,0,1,0,0,0,0,2,0,0,0,0,0,0,1,0,0,0,0,0,1,0,0,0,0,0,0,0,0,0,0,0,1,0,0,0,0,0,0,0,0,0,0,0,0,0,0,0,0,0,0,0,0,1,0,0,0,0,0,0,0,0,1,0,0,0,2,0,0,0,0,0,0,0
"cell87",4,6,2,1,3,2,6,1,1,0,0,2,0,4,0,0,0,0,2,0,0,2,1,1,4,0,0,0,0,0,2,0,0,0,0,0,0,0,4,0,0,0,1,0,0,0,0,0,0,0,0,0,0,0,4,0,0,2,0,0,0,0,0,0,0,0,0,0,2,1,3,3,2,2,0,0,0,0,0,0,2,3,0,3,0,0,1,0,0,0,0,0,0,0,0,0,0,0,3,0,0,0,0,0,1,0,0,0,3,0,0,0,3,0,0,0,3,1,3,0,4,0,1,0,0,0,5,0,0,0,0,0,2,0,5,3,0,0,0,0,4,0,1,0,0,0,1,0,1,0,0,0,0,5,0,0,0,2,0,3,4,0,0,4,0,0,5,1,1,0,1,0,1,2,1,4,0,0,0,0,0,3,0,0,1,0,2,0,1,0,2,0,0,0
"cell88",4,1,3,0,4,0,2,2,0,0,0,4,2,3,0,1,0,0,0,3,0,2,0,1,0,0,0,2,0,0,0,0,0,0,0,0,0,2,0,0,0,0,0,3,0,0,0,0,0,0,0,0,0,0,2,1,1,1,0,0,0,1,0,0,0,0,0,2,4,0,1,1,3,1,0,0,0,0,0,0,2,0,3,0,0,0,0,0,2,0,0,0,0,0,3,0,0,4,0,0,0,0,0,0,2,0,0,0,3,0,0,0,0,0,0,0,0,0,4,3,4,0,0,0,0,1,3,0,0,0,0,0,0,0,3,0,0,0,1,0,3,0,0,0,0,0,0,0,1,0,2,1,1,2,0,0,0,6,0,0,0,1,0,1,0,0,1,0,1,0,0,0,0,1,2,1,0,0,2,0,0,2,0,0,2,0,0,0,0,0,1,0,0,0
"cell89",1,1,0,0,0,0,2,0,0,1,0,1,0,1,0,2,0,0,0,0,0,0,0,0,0,0,1,1,0,0,0,0,0,0,0,0,0,2,0,0,0,0,2,0,0,0,0,0,0,0,0,0,0,0,0,0,0,0,0,3,0,2,0,0,0,0,0,0,0,2,1,0,0,0,2,0,0,0,0,0,0,0,1,0,0,0,0,0,0,0,0,0,0,0,0,3,1,0,3,2,0,0,0,0,0,0,0,0,0,0,0,0,0,0,0,1,1,1,0,3,2,0,0,1,0,0,0,0,1,0,0,0,0,0,1,1,0,0,1,0,0,0,0,0,0,0,0,0,0,0,0,0,0,0,0,1,0,0,0,0,1,0,0,1,0,0,0,0,0,0,0,0,0,1,1,1,0,0,1,0,0,0,0,0,1,0,1,0,0,0,0,0,0,0
"cell90",6,1,0,0,0,0,2,0,1,0,4,1,1,2,0,0,2,0,1,0,2,2,0,0,0,0,0,0,0,0,0,0,0,0,0,0,0,0,2,0,0,0,7,0,0,0,0,0,0,0,0,0,0,0,3,0,0,7,0,3,0,4,0,0,0,0,0,0,0,5,2,2,1,2,1,0,0,0,0,0,2,3,0,1,0,0,1,0,0,0,0,0,0,0,5,0,0,3,3,0,0,0,2,0,3,0,0,0,2,0,0,0,0,0,0,0,3,3,0,7,2,0,0,4,0,6,4,0,0,0,0,1,3,0,3,4,0,0,0,0,1,0,0,0,0,0,0,0,4,0,0,0,0,0,0,5,0,2,0,0,2,4,0,1,0,0,3,0,0,0,1,0,6,2,3,2,0,0,3,0,0,1,1,0,3,0,2,0,1,0,1,0,3,0
"cell91",2,1,2,4,2,0,0,0,0,0,0,3,0,0,0,3,0,0,0,0,0,0,0,0,0,0,1,0,0,4,0,0,0,0,0,0,0,0,1,0,0,0,1,0,0,0,0,0,0,0,0,0,0,0,3,0,0,0,0,0,0,6,0,0,0,0,0,3,2,0,0,0,2,0,1,0,0,0,0,0,0,0,1,0,0,0,0,1,0,0,0,0,0,0,1,0,3,1,5,5,0,0,1,0,1,0,0,0,0,0,0,0,1,0,0,0,0,0,1,5,0,0,4,2,0,0,0,0,0,0,0,0,1,0,2,3,0,0,0,0,1,0,0,0,0,0,0,0,0,1,0,0,0,2,0,1,0,0,0,0,2,0,0,0,0,0,2,0,0,0,1,2,0,2,3,1,0,0,0,0,0,0,1,0,0,0,6,0,0,0,0,0,0,0
"cell92",0,0,0,0,2,0,2,0,0,0,0,0,0,1,0,0,0,0,0,0,0,0,0,0,0,1,1,0,0,0,0,0,0,0,0,0,0,0,0,0,0,0,1,0,0,0,0,0,0,0,0,0,0,0,1,0,0,0,0,4,0,0,0,0,0,0,0,1,0,1,2,0,1,3,0,0,0,0,0,0,0,0,1,1,0,0,0,0,0,0,0,0,0,0,0,0,2,0,1,0,0,0,1,0,0,0,0,0,1,0,0,0,0,0,0,0,1,4,1,2,0,0,0,1,0,0,0,0,0,0,0,4,0,0,0,0,0,0,0,0,0,0,0,0,0,0,0,0,0,0,0,0,0,0,0,0,0,0,0,0,1,3,0,0,0,0,0,0,0,0,1,1,0,0,1,0,0,0,0,0,0,1,0,0,0,0,4,0,3,0,1,0,3,0
"cell93",1,0,1,1,0,0,2,2,2,4,0,1,2,1,0,0,2,2,2,0,0,0,0,0,0,0,0,0,0,0,0,0,0,0,0,0,0,4,0,0,0,0,3,3,0,0,0,0,0,0,0,0,0,0,3,1,0,2,0,0,0,3,0,0,0,0,0,0,6,4,1,1,2,0,0,0,0,0,0,0,2,0,2,0,2,0,0,0,0,0,0,0,0,0,1,0,1,1,1,1,0,0,1,0,2,0,0,0,5,0,0,0,0,0,0,2,0,8,3,1,0,0,1,0,0,2,0,0,0,0,0,6,0,0,0,0,0,0,0,0,0,0,0,0,0,0,0,0,0,0,0,2,1,0,0,0,0,0,0,0,0,2,0,0,0,0,3,0,0,0,0,0,3,0,2,0,0,0,2,0,0,0,0,0,1,0,0,0,4,0,0,0,4,0
"cell94",3,0,0,0,0,0,1,0,0,0,0,0,0,0,0,0,0,0,0,0,0,3,0,0,0,1,0,0,0,2,0,0,0,0,0,0,0,0,1,0,0,0,0,0,0,0,0,0,0,0,0,0,0,0,0,0,0,0,0,0,0,0,0,0,0,0,0,0,2,1,0,1,0,4,0,0,0,0,0,0,2,0,1,4,0,0,0,0,0,0,0,0,0,0,0,3,1,1,1,0,0,0,0,0,0,0,0,0,1,0,0,0,0,0,0,0,1,0,0,1,1,0,0,0,0,0,0,1,0,0,0,1,0,0,1,1,0,0,0,0,2,0,0,0,0,0,0,0,0,0,0,0,1,2,0,0,0,0,0,0,0,6,0,4,0,0,1,0,0,0,0,3,0,2,1,1,0,0,1,0,0,0,1,0,0,0,0,0,3,0,1,0,1,0
"cell95",0,0,0,0,0,0,0,0,3,0,3,4,2,2,0,0,1,0,2,4,5,0,2,0,0,0,0,0,0,0,0,0,1,0,0,0,0,2,0,0,0,0,1,0,0,0,0,0,0,0,0,0,0,0,2,0,0,1,0,6,0,0,0,0,0,0,0,1,0,5,2,3,5,4,1,0,0,0,0,0,3,0,2,1,0,0,0,0,1,0,0,0,0,0,0,3,0,2,3,0,0,0,2,0,0,0,0,0,1,0,0,0,3,0,0,3,1,4,0,0,4,0,2,4,0,1,3,0,0,0,0,1,2,0,2,0,0,0,0,0,0,1,1,6,1,0,0,0,3,0,2,0,2,0,0,5,0,0,0,0,0,1,0,4,3,0,5,4,0,0,1,0,3,1,1,4,0,0,1,0,0,2,0,0,0,0,7,0,3,0,2,0,3,0
"cell96",1,3,0,0,1,0,4,1,1,0,0,2,1,1,0,0,0,0,0,0,0,0,0,0,0,0,0,1,0,1,0,0,0,0,0,0,0,0,0,0,0,0,1,0,0,0,0,0,0,0,0,0,0,0,0,0,0,0,0,0,0,1,0,0,0,0,0,0,2,0,1,3,2,4,0,0,0,0,0,0,3,0,1,3,0,0,0,0,0,0,0,0,0,1,0,0,0,1,0,0,0,0,2,0,1,0,0,0,3,0,0,0,0,0,0,0,0,1,0,0,1,0,0,0,0,0,0,0,0,0,0,0,1,0,2,0,0,0,0,0,2,0,0,0,0,0,0,0,0,0,0,0,0,0,0,2,0,0,0,0,5,0,0,1,0,0,3,0,0,0,3,0,0,1,0,3,0,0,0,0,0,0,0,0,0,0,0,0,0,0,0,0,2,0
"cell97",5,15,5,8,9,19,15,8,0,12,0,3,9,0,0,0,0,12,5,0,6,11,0,5,5,0,0,0,0,0,13,4,19,0,0,10,2,0,0,5,5,4,0,0,0,0,0,0,0,0,0,0,0,0,8,0,0,0,5,0,0,8,0,16,0,0,0,1,7,0,4,19,15,9,8,0,3,0,10,0,8,4,5,20,5,0,12,0,0,0,0,0,0,0,0,3,0,12,6,0,0,0,14,0,16,0,0,0,11,0,7,0,7,0,2,10,0,0,7,19,14,0,19,15,0,22,52,0,0,0,0,11,5,0,9,10,0,0,0,15,0,0,12,9,4,13,0,13,16,0,12,4,5,4,0,10,5,12,0,0,6,0,0,21,0,23,5,21,16,0,0,0,14,0,0,16,0,0,0,7,4,15,0,0,0,0,6,0,4,0,0,6,20,5
"cell98",0,0,3,0,2,0,0,2,1,0,0,0,0,1,0,0,1,0,1,0,2,1,0,0,0,0,0,0,0,0,0,0,0,0,0,0,0,0,0,0,0,0,4,1,0,0,0,0,0,0,0,0,0,0,0,8,0,0,0,0,0,1,0,0,0,0,0,0,0,0,0,2,1,8,0,0,0,0,0,0,3,3,2,4,1,0,0,0,0,0,0,0,0,0,0,0,2,0,4,0,0,0,5,0,0,0,0,0,4,0,0,0,0,0,0,2,2,2,0,1,1,0,0,2,0,1,1,0,0,0,0,0,1,0,5,0,0,0,0,0,1,0,0,0,0,0,0,0,1,0,2,0,1,2,0,3,0,0,0,0,0,0,0,0,0,0,2,3,0,0,2,1,0,0,1,4,0,0,0,0,0,0,0,0,0,0,2,0,0,0,0,0,2,0
"cell99",1,1,0,0,0,2,1,1,4,1,0,3,1,0,0,0,0,0,0,0,0,0,0,0,0,1,2,2,0,0,0,0,0,0,0,0,0,1,1,0,0,0,2,3,0,0,0,0,0,0,0,0,0,0,2,0,1,3,0,2,0,0,0,0,0,0,0,0,0,3,1,0,1,0,0,0,0,0,0,0,3,0,0,2,0,0,0,0,0,0,0,0,0,0,3,0,0,0,0,0,0,0,3,0,0,0,0,0,5,0,0,0,1,0,0,2,1,0,0,1,0,0,1,0,0,0,0,2,0,0,0,1,3,0,1,1,0,0,0,0,0,0,0,0,0,0,0,0,0,1,0,0,3,0,0,3,0,0,0,0,0,0,0,0,0,0,0,0,0,0,1,0,0,1,0,0,0,0,6,0,0,0,1,0,0,0,3,0,2,0,0,0,3,0
"cell100",1,0,1,1,2,0,0,0,0,0,0,0,0,0,0,0,0,0,0,0,0,0,0,0,0,0,1,0,1,0,0,0,0,0,0,0,0,1,0,0,0,0,0,2,0,0,0,0,0,0,0,0,0,0,0,0,1,0,0,0,0,2,0,0,0,0,0,0,1,1,0,0,0,1,0,0,0,0,0,0,3,0,1,0,0,0,0,0,0,0,0,0,0,0,3,0,0,0,2,0,0,0,1,0,1,0,0,0,2,0,0,0,0,0,0,0,1,0,0,0,0,0,0,1,0,0,0,0,0,0,0,0,0,0,0,1,0,0,0,0,2,0,0,0,0,0,0,0,0,4,0,0,0,0,0,1,0,1,0,0,0,2,0,2,0,0,3,0,0,0,0,0,0,0,3,0,0,0,0,0,0,2,1,0,0,0,0,0,2,0,0,0,2,0
"cell101",0,1,0,0,1,0,0,0,0,1,0,4,2,0,0,0,0,0,0,0,0,0,0,0,0,3,2,0,1,0,0,0,0,0,0,0,0,2,0,0,0,0,1,2,0,0,0,0,0,0,0,0,0,0,0,0,0,0,0,0,0,0,0,0,0,0,0,0,1,1,3,2,0,3,0,0,0,0,0,0,1,0,0,2,0,0,0,0,0,0,0,0,0,0,0,2,1,0,0,0,0,0,0,0,1,0,0,0,0,0,0,0,2,0,0,0,1,0,2,0,1,0,1,1,0,0,0,2,0,0,0,1,1,0,0,0,0,0,0,0,0,0,0,0,0,0,0,0,0,1,0,0,0,0,0,2,0,3,0,0,1,1,0,1,0,0,2,0,0,0,0,2,0,3,1,0,0,0,1,0,0,1,0,0,3,0,0,0,1,0,0,0,3,0
"cell102",0,11,6,15,8,10,13,12,0,12,0,5,21,0,0,0,0,11,9,0,12,20,0,7,2,0,0,0,0,0,16,5,16,0,0,6,7,0,0,7,8,3,0,0,0,0,0,0,0,0,0,0,0,0,5,0,0,0,9,0,0,8,0,23,0,0,0,2,4,0,9,24,23,21,11,0,6,0,10,0,5,3,7,16,5,0,11,0,0,0,0,0,0,0,0,6,0,12,12,0,0,0,17,0,9,0,0,0,12,0,8,0,3,0,8,18,0,0,8,14,10,0,22,20,0,32,55,0,0,0,0,13,7,0,13,13,0,0,0,13,0,0,17,11,5,24,0,15,35,0,10,8,4,3,0,13,5,3,0,0,5,0,0,15,0,24,6,20,19,0,0,0,13,0,0,15,0,0,0,13,13,21,0,0,0,0,5,0,6,0,0,4,18,4
"cell103",10,0,0,1,2,1,1,3,0,3,0,3,1,0,0,0,3,0,2,0,0,3,3,4,0,0,0,0,0,0,2,0,0,0,1,2,2,1,0,0,0,0,2,1,0,0,0,0,0,0,0,0,0,0,4,5,0,0,0,0,0,5,1,0,0,0,0,0,4,0,5,5,3,1,0,5,0,0,1,5,0,1,7,3,1,0,0,0,1,0,0,0,0,0,0,2,0,5,8,0,0,0,1,0,0,0,0,0,1,0,0,0,3,0,0,4,0,6,1,4,0,0,0,1,0,0,2,0,0,0,0,0,6,0,3,1,0,0,0,0,0,0,2,7,1,9,2,1,5,0,0,1,9,0,0,0,0,0,1,0,0,0,0,6,0,0,0,9,0,0,0,0,4,1,0,3,0,0,1,0,0,3,0,0,3,0,1,0,3,0,1,6,7,0
"cell104",2,4,0,2,0,1,2,0,0,4,0,0,0,0,0,0,3,0,1,1,0,0,4,0,1,0,0,0,0,0,0,0,0,0,0,0,0,0,3,0,0,0,0,1,0,0,0,0,0,0,0,0,0,0,0,4,0,1,0,5,0,4,0,0,0,0,0,0,0,1,2,4,0,0,0,0,0,0,0,0,1,0,8,0,3,0,2,0,0,0,0,0,0,2,4,0,0,0,0,1,0,0,1,0,0,0,0,0,3,0,0,0,1,0,0,0,2,5,2,2,1,0,0,2,0,0,5,0,0,0,0,0,3,0,3,1,0,0,0,0,3,0,0,0,0,0,0,0,7,0,0,4,0,0,0,2,0,2,0,0,2,0,0,8,0,0,1,2,0,0,5,0,0,1,1,9,0,0,0,0,0,0,0,0,1,0,1,0,0,0,0,0,0,0
"cell105",2,2,0,2,1,0,2,0,1,1,1,4,0,0,0,0,0,1,3,1,0,3,1,0,2,0,0,0,0,0,0,2,0,0,0,0,0,3,1,0,0,0,0,1,0,0,0,0,0,0,0,0,0,0,0,0,1,0,0,2,0,0,0,0,0,0,0,0,6,1,7,1,0,2,0,0,0,0,0,0,1,0,3,0,1,0,0,0,0,0,0,0,0,0,0,3,0,1,3,0,0,0,0,0,0,0,0,0,0,0,0,0,0,0,0,2,0,5,3,4,4,0,1,0,0,0,2,0,0,0,0,0,0,0,0,0,0,0,0,0,3,0,0,0,0,0,0,0,1,0,1,0,0,4,0,1,0,0,0,0,6,0,0,0,0,0,0,1,0,0,0,0,0,2,7,1,0,0,3,0,0,1,0,0,1,0,1,0,1,0,1,0,2,0
"cell106",0,0,0,0,0,1,0,0,1,0,0,1,0,0,0,1,0,0,0,0,0,0,0,0,0,0,0,0,0,0,0,0,0,0,0,0,0,0,1,0,0,0,0,0,0,0,0,0,0,0,0,0,0,0,0,0,0,1,0,0,0,1,0,0,1,0,0,0,0,2,0,0,1,0,0,0,0,0,0,0,0,0,0,1,0,0,0,0,0,0,0,0,0,0,0,2,0,1,0,1,0,0,1,0,0,0,0,0,0,0,0,0,0,0,0,0,0,0,0,0,0,0,0,1,0,0,0,0,0,0,0,0,0,0,1,0,0,0,1,0,0,0,0,0,0,0,0,0,0,0,0,0,2,0,0,0,0,1,0,0,2,1,0,0,0,0,0,0,0,0,0,0,0,0,1,0,0,0,0,0,0,0,0,0,0,0,0,0,0,0,1,0,0,0
"cell107",0,0,0,0,0,0,0,0,0,0,0,0,0,0,0,0,0,0,0,0,0,0,0,0,0,1,0,0,2,0,0,0,0,0,0,0,0,0,0,0,0,0,0,0,0,0,0,0,0,0,0,0,0,0,0,0,0,0,0,0,0,0,0,0,0,0,0,0,0,4,2,0,3,1,1,0,0,0,0,0,1,0,0,1,0,0,0,2,0,0,0,0,0,0,0,1,1,3,0,1,0,0,1,0,1,0,0,0,0,0,0,0,0,0,0,0,0,0,3,3,0,0,1,2,0,0,0,0,0,0,0,0,1,0,0,0,0,0,0,0,0,0,0,0,0,0,0,0,0,0,0,0,0,0,0,3,0,1,0,0,2,3,0,2,0,0,1,0,0,0,1,0,0,0,0,1,0,0,0,0,0,0,0,0,1,0,0,0,1,0,0,0,0,0
"cell108",8,1,4,0,3,12,0,1,7,0,0,5,0,0,0,0,4,7,4,17,0,4,0,0,0,0,0,0,0,0,3,0,0,2,4,0,0,0,0,0,0,0,1,2,0,0,1,0,0,0,0,0,0,0,1,5,0,0,0,0,0,4,7,0,0,0,0,4,0,0,1,3,3,8,3,2,7,0,1,8,9,0,3,0,0,0,1,0,2,0,0,0,0,0,0,4,0,2,10,6,0,0,3,0,0,0,0,0,8,0,1,0,0,0,0,2,2,1,4,7,0,0,0,4,0,7,3,0,0,0,0,10,6,0,3,4,0,0,0,2,0,0,2,16,1,0,6,3,2,0,2,2,3,4,0,4,0,0,0,5,0,0,0,11,0,4,0,9,0,0,0,0,0,2,0,6,0,0,0,6,0,0,0,0,0,2,0,0,0,0,2,10,4,2
"cell109",0,0,0,0,0,0,2,13,3,7,4,7,2,0,0,0,12,10,0,7,0,1,6,1,0,4,0,0,0,0,3,2,7,0,11,0,6,0,0,0,2,7,2,0,0,0,0,0,0,0,0,0,0,0,1,7,4,0,11,0,0,1,0,0,0,0,0,0,4,0,4,0,1,7,4,14,1,5,4,4,0,4,0,3,0,0,5,0,0,0,0,0,0,0,0,5,0,2,11,0,0,0,5,0,5,0,0,0,11,0,3,0,9,0,0,0,3,0,9,13,1,0,6,12,0,2,7,0,0,0,0,0,7,0,4,0,0,0,0,9,0,0,11,8,2,0,6,0,8,0,7,7,5,3,0,7,0,0,0,0,4,0,2,5,0,3,2,3,7,0,0,0,0,7,0,0,0,0,0,0,2,0,0,0,0,0,1,0,2,0,5,12,9,6
"cell110",2,1,0,0,0,0,0,1,0,0,0,0,2,0,0,0,0,0,0,0,0,0,0,0,0,1,2,2,0,2,0,0,0,0,0,0,0,0,0,0,0,0,0,0,0,0,0,0,0,0,0,0,0,0,1,0,1,0,0,0,0,0,0,0,1,0,0,0,0,3,1,1,1,1,0,0,0,0,0,0,2,0,1,0,0,0,0,0,0,0,0,0,0,0,0,1,1,0,2,0,0,0,0,0,3,0,0,0,0,0,0,0,2,0,0,0,0,4,5,0,0,0,1,2,0,0,0,0,0,0,0,0,2,0,0,0,0,0,0,0,0,0,0,0,0,0,0,0,0,0,0,0,0,1,0,1,0,0,0,0,0,1,0,0,0,0,1,0,0,0,1,0,0,0,0,1,0,0,0,0,0,1,0,0,0,0,0,0,0,0,3,0,1,0
"cell111",0,0,0,1,0,1,1,0,1,0,1,0,1,0,0,1,0,0,0,0,0,0,0,0,0,0,1,0,1,0,0,0,0,0,0,0,0,0,0,0,0,0,1,3,0,0,0,0,0,0,0,0,0,0,2,0,0,0,0,0,0,0,0,0,0,0,0,0,1,2,0,1,2,2,0,0,0,0,0,0,1,0,2,1,0,0,0,0,0,0,0,0,0,0,0,0,0,1,2,0,0,0,0,0,0,0,0,0,1,0,0,0,2,0,0,1,0,0,0,3,1,0,0,3,0,0,0,0,1,0,0,0,1,0,2,0,0,0,2,0,0,0,0,0,0,0,0,0,0,1,0,0,2,0,0,0,0,2,0,0,2,1,0,1,1,0,1,0,0,0,1,0,0,2,0,0,0,0,0,0,0,0,0,0,3,0,3,0,1,0,0,0,0,0
"cell112",2,2,3,2,0,3,7,0,0,0,0,3,0,0,0,3,0,1,2,0,1,0,1,0,0,0,0,0,0,0,1,0,0,0,1,2,0,2,3,0,0,0,4,1,0,0,0,0,0,0,0,0,0,0,0,4,0,0,0,2,0,1,0,1,0,0,0,1,2,0,1,0,1,6,0,0,0,0,0,0,4,4,8,2,0,0,4,0,0,0,0,0,0,0,0,4,0,8,1,0,0,0,1,0,1,0,0,0,5,0,0,0,0,0,0,0,1,2,3,2,0,0,0,0,0,2,3,0,0,0,0,3,1,0,6,3,0,0,0,4,0,1,1,4,2,0,8,0,6,0,1,0,6,2,0,3,0,0,0,0,0,2,0,2,0,0,0,7,1,0,0,0,4,7,0,2,0,0,3,0,1,0,0,0,3,0,2,0,0,0,4,0,0,0
"cell113",0,0,0,2,4,0,1,0,0,0,0,2,0,0,0,0,0,0,0,0,0,0,0,0,0,0,0,1,2,0,0,0,0,0,0,0,0,1,0,0,0,0,1,0,0,0,0,0,0,0,0,0,0,0,0,0,1,0,0,0,0,0,0,0,1,0,0,1,0,2,2,4,1,0,0,0,0,0,0,0,0,0,0,0,0,0,0,0,0,0,0,0,0,0,0,2,1,3,2,0,0,0,1,0,0,0,0,0,3,0,0,0,1,0,0,0,1,1,3,2,0,0,3,2,0,0,0,0,2,0,0,0,4,0,2,0,0,0,0,0,1,0,0,0,0,0,0,0,0,0,0,0,0,2,0,0,0,1,0,0,1,0,0,3,0,0,5,0,0,0,0,1,0,3,0,1,0,0,0,0,0,2,0,0,0,0,0,0,0,0,0,0,0,0
"cell114",0,2,2,1,2,0,2,1,0,3,1,2,0,4,1,0,0,0,1,0,0,1,1,0,0,0,0,0,0,0,0,0,0,0,0,0,0,2,0,0,0,0,2,0,0,0,0,0,0,0,0,0,0,0,2,0,0,1,0,0,0,0,0,0,0,0,0,3,1,10,0,1,1,8,0,0,0,0,0,0,1,5,2,0,4,0,0,0,1,0,0,0,0,0,0,2,2,0,3,0,0,0,1,0,0,0,0,0,2,0,0,0,0,0,0,2,0,1,1,1,0,0,5,1,0,1,1,0,0,0,0,2,1,0,1,0,0,0,0,0,7,1,0,0,0,0,0,0,1,0,1,0,3,0,0,4,0,3,0,1,0,0,0,2,0,0,0,0,5,0,0,0,0,3,0,2,0,0,0,0,0,0,0,0,1,0,0,0,4,0,1,0,4,0
"cell115",1,0,1,2,0,0,0,1,0,0,1,0,0,3,0,0,0,0,0,0,0,0,0,0,0,0,0,0,2,3,0,0,0,0,0,0,0,2,0,0,0,0,0,0,0,0,0,0,0,0,0,0,0,0,1,0,1,0,0,0,0,1,0,0,0,0,0,0,2,0,0,2,0,1,1,0,0,0,0,0,0,0,1,3,0,0,0,0,0,0,0,0,0,0,2,1,0,1,1,0,0,0,1,0,0,0,0,0,1,0,0,0,1,0,0,0,1,1,2,2,0,0,0,0,0,0,0,1,2,0,0,0,0,0,0,0,0,0,0,0,1,0,0,0,0,0,0,0,0,5,0,0,1,0,0,2,0,0,0,0,0,0,0,2,0,0,1,0,0,0,0,0,0,0,0,0,0,0,2,0,0,1,0,0,0,0,1,0,1,0,1,0,0,0
"cell116",0,1,0,0,1,3,2,1,3,1,0,2,1,1,0,0,0,0,0,0,0,0,0,0,0,1,3,0,0,1,0,0,0,0,0,0,0,0,1,0,0,0,3,3,0,0,0,0,0,0,0,0,0,0,0,0,0,0,0,1,0,0,0,0,0,0,0,0,0,3,0,0,3,4,0,0,0,0,0,0,1,0,0,0,0,0,0,0,2,0,0,0,0,1,1,1,0,3,3,3,0,0,1,0,2,0,0,0,1,0,0,0,1,0,0,3,0,0,0,2,1,0,1,2,0,0,0,1,2,0,0,0,1,0,1,1,0,0,0,0,0,0,0,0,0,0,0,0,0,1,0,0,0,0,0,0,0,1,0,0,2,0,0,2,0,0,1,0,0,0,0,0,0,2,1,0,0,0,1,0,0,3,4,0,2,0,2,0,0,0,0,0,4,0
"cell117",0,0,0,0,1,2,2,0,0,0,0,0,0,0,2,0,0,0,2,2,0,2,0,0,0,1,2,0,0,2,0,0,0,0,0,0,0,0,1,0,0,0,2,1,0,0,0,0,0,0,0,0,0,0,0,0,0,0,0,3,0,3,0,0,0,0,0,0,5,0,2,2,1,2,0,0,0,0,0,0,0,0,2,3,0,0,0,0,1,0,0,0,0,0,2,0,0,2,0,0,0,0,0,0,1,0,0,0,0,0,0,0,2,0,0,0,0,2,0,1,0,0,3,8,0,0,0,0,0,0,0,0,1,0,1,0,0,0,1,0,2,0,0,0,0,0,0,0,0,0,2,0,0,0,0,2,0,0,0,0,2,1,0,2,0,0,0,2,0,0,0,0,0,2,1,0,0,0,0,0,0,1,0,0,0,0,3,0,1,0,0,0,2,0
"cell118",0,0,0,0,2,1,2,0,0,0,0,1,0,1,0,0,0,0,0,0,0,0,0,0,0,0,0,0,0,4,0,0,0,0,0,0,0,1,1,0,0,0,0,0,0,0,0,0,0,0,0,0,0,0,0,0,0,0,0,1,0,0,0,0,0,0,0,0,1,1,2,0,3,0,0,0,0,0,0,0,0,0,0,2,0,0,0,0,0,0,0,0,0,0,2,0,1,1,0,2,0,0,3,0,0,0,0,0,1,0,0,0,0,0,0,1,1,1,0,1,1,0,2,0,0,0,0,1,0,0,0,1,1,0,0,0,0,0,0,0,0,0,0,0,0,0,0,0,0,0,0,0,0,0,0,0,0,0,0,0,0,0,0,0,0,0,3,0,0,0,1,0,0,5,1,0,0,0,1,0,0,0,0,0,0,0,0,0,0,0,0,0,0,0
"cell119",0,1,0,0,0,0,0,0,0,1,0,0,0,0,0,2,0,0,0,0,0,0,0,0,0,0,1,0,1,0,0,0,0,0,0,0,0,0,0,0,0,0,0,4,0,0,0,0,0,0,0,0,0,0,0,0,1,1,0,2,0,0,0,0,0,0,0,0,0,1,0,1,1,1,0,0,0,0,0,0,0,0,0,3,0,0,0,0,2,0,0,0,0,0,1,0,0,0,0,0,0,0,1,0,0,0,0,0,0,0,0,0,0,0,0,0,0,0,0,1,0,0,0,0,0,0,0,0,0,0,0,1,0,0,0,0,0,0,0,0,1,0,0,0,0,0,0,0,0,1,0,0,0,2,0,0,0,3,0,0,0,1,0,0,0,0,0,0,0,0,0,0,0,0,0,0,0,0,0,0,0,0,1,0,0,0,1,0,1,0,1,0,3,0
"cell120",0,0,1,5,0,6,18,0,11,2,3,5,14,3,0,0,0,0,7,6,2,10,0,6,0,0,0,0,0,0,5,0,0,10,1,4,0,0,0,13,8,2,4,0,5,0,0,0,0,0,0,0,0,0,12,0,0,0,3,0,0,0,0,5,0,0,0,3,11,0,2,3,5,4,0,2,9,5,0,19,10,12,0,0,12,0,4,0,0,0,0,0,0,0,0,5,0,7,13,3,0,0,8,0,0,0,0,0,4,0,8,0,0,0,22,4,3,0,8,0,12,0,0,10,0,8,6,0,0,0,0,6,2,0,13,3,0,0,0,4,0,4,11,7,0,0,13,3,13,3,2,11,6,5,0,8,0,3,0,0,6,0,4,3,0,2,5,3,2,0,10,0,0,2,2,0,0,0,0,0,4,2,0,0,0,0,3,0,0,0,7,14,0,0
"cell121",0,2,0,0,0,0,2,2,0,6,0,2,0,4,0,0,0,0,3,0,0,0,3,0,0,0,0,0,0,0,1,0,0,0,0,0,0,0,0,0,0,0,3,5,0,0,1,0,0,0,0,0,0,0,1,2,0,0,0,4,0,0,0,0,0,0,0,1,2,6,7,0,6,1,0,2,0,0,0,0,5,0,0,8,8,0,1,0,2,0,0,0,0,0,0,2,0,6,0,0,0,0,1,0,0,0,0,0,4,0,0,0,0,0,0,2,4,0,0,0,3,0,4,2,0,4,0,0,0,0,0,2,2,0,9,0,0,0,0,0,2,2,6,7,1,0,3,2,2,0,0,5,3,3,0,0,0,2,2,3,0,0,0,3,0,0,0,0,1,0,3,0,1,0,0,2,0,0,5,0,0,1,0,0,0,0,0,0,6,0,1,0,0,0
"cell122",1,0,0,2,1,0,1,0,4,3,0,2,2,2,1,3,0,0,0,0,0,0,0,0,0,1,2,0,0,0,0,0,0,0,0,0,0,1,0,0,0,0,4,0,0,0,0,0,0,0,0,0,0,0,1,0,0,0,0,0,0,0,0,0,0,0,0,0,0,0,3,0,2,0,0,0,0,0,0,0,1,0,3,0,0,0,0,4,0,0,0,0,0,1,5,2,0,0,0,0,0,0,2,0,0,0,0,0,1,0,0,0,0,0,0,1,0,2,5,1,1,0,1,1,0,0,0,2,1,0,0,0,1,0,2,0,0,0,0,0,2,0,0,0,0,0,0,0,0,0,0,0,1,0,0,0,0,1,0,0,0,0,0,0,0,0,0,0,0,0,0,0,0,0,0,4,0,0,0,0,0,0,0,0,0,0,0,0,0,0,0,0,0,0
"cell123",0,1,0,0,2,2,1,5,0,0,1,0,0,0,0,0,0,0,0,0,0,0,0,0,0,0,1,0,0,1,0,0,0,0,0,0,0,1,0,0,0,0,0,1,0,0,0,0,0,0,0,0,0,0,0,0,0,0,0,0,0,6,0,0,0,0,0,1,0,1,0,0,1,1,2,0,0,0,0,0,0,0,1,0,0,0,0,0,0,0,0,0,0,0,1,0,0,0,0,0,0,0,1,0,3,0,0,0,0,0,0,0,1,0,0,0,0,0,0,1,1,0,0,3,0,0,0,0,1,0,0,0,2,0,0,0,0,0,0,0,1,0,0,0,0,0,0,0,0,2,0,0,0,1,1,1,0,2,0,0,1,0,0,1,0,0,0,0,0,0,0,0,0,2,2,1,0,0,0,0,0,0,1,0,0,0,3,0,0,0,0,0,1,0
"cell124",0,1,0,0,0,0,2,1,1,0,0,0,0,0,0,2,0,0,0,0,0,0,0,0,0,0,0,0,0,1,0,0,0,0,0,0,0,2,0,0,0,0,1,0,0,0,0,0,0,0,0,0,0,0,1,0,0,0,0,0,0,0,0,0,0,0,0,0,0,1,0,2,2,2,0,0,0,0,0,0,0,0,1,1,0,0,0,0,0,0,0,0,0,0,0,0,0,2,0,1,0,0,0,0,0,0,0,0,0,0,0,0,2,0,0,0,0,0,1,3,0,0,0,1,0,0,0,0,0,0,0,1,1,0,0,0,0,0,1,0,1,0,0,0,0,0,0,0,0,0,0,0,0,1,0,0,0,1,0,0,2,0,0,0,0,0,1,0,0,0,2,0,0,2,0,1,0,0,0,0,0,0,1,0,2,0,0,0,0,0,1,0,1,0
"cell125",0,1,0,3,1,0,2,1,0,1,0,0,3,1,0,2,0,0,0,0,0,0,0,0,0,1,0,1,1,0,0,0,0,0,0,0,0,0,0,0,0,0,0,0,0,0,0,0,0,0,0,0,0,0,2,0,0,0,0,1,0,0,0,0,0,0,0,0,1,1,0,0,0,0,2,0,0,0,0,0,1,0,0,0,0,0,0,0,0,0,0,0,0,0,1,0,2,0,1,1,0,0,0,0,0,0,0,0,0,0,0,0,1,0,0,0,0,1,3,0,0,0,0,1,0,0,0,0,1,0,0,0,2,0,0,0,0,0,0,0,0,0,0,0,0,0,0,0,0,2,0,0,0,4,0,0,0,0,0,0,1,1,0,1,0,0,0,0,0,0,0,0,0,0,1,2,0,0,0,0,0,0,1,0,1,0,0,0,0,0,0,0,1,0
"cell126",1,1,0,1,4,2,1,4,1,4,3,2,3,0,0,0,0,0,2,1,5,3,0,0,0,0,0,0,0,0,0,0,0,0,0,0,0,1,4,0,0,0,0,1,0,7,0,0,0,0,0,0,0,0,2,0,0,4,0,0,0,0,0,0,0,0,0,0,0,0,2,0,0,0,2,0,0,0,0,0,2,2,3,2,0,0,0,0,0,0,0,0,0,0,0,1,1,0,1,1,0,0,1,0,0,0,0,0,1,0,0,0,2,0,0,1,0,2,2,9,3,0,5,3,0,1,3,0,0,0,0,1,4,0,2,0,0,0,0,3,4,0,2,2,1,0,1,2,1,0,2,2,1,1,0,2,0,0,1,0,0,0,0,2,0,0,9,2,0,0,0,0,0,1,5,0,0,0,1,0,0,3,0,0,0,0,1,0,1,0,0,0,0,0
"cell127",0,0,3,4,0,0,2,2,5,1,3,1,0,2,0,0,0,0,0,7,4,0,3,1,3,0,0,0,0,0,0,0,0,0,1,0,0,0,0,0,0,0,0,0,0,0,0,0,0,0,0,0,0,0,6,0,0,0,0,0,0,1,2,1,0,0,0,4,4,0,1,0,0,2,3,0,2,3,1,1,11,6,2,0,0,0,2,0,0,0,0,0,0,0,0,2,0,0,7,2,0,0,1,0,2,0,0,0,0,0,0,0,1,0,0,0,0,3,2,3,1,0,7,0,0,2,0,0,0,0,0,0,2,0,13,1,0,0,0,0,0,1,4,5,2,0,0,4,4,0,1,0,1,1,0,6,0,0,0,0,1,0,2,1,0,0,0,5,0,0,1,0,0,2,2,3,0,0,0,0,0,2,0,0,0,0,3,0,5,0,3,0,3,2
"cell128",4,1,2,3,1,1,1,2,4,0,2,0,4,0,0,0,0,3,1,3,0,0,0,0,0,0,0,0,0,0,0,0,0,0,0,0,0,4,5,0,0,0,1,0,0,0,0,0,0,0,0,0,0,0,0,0,0,2,0,3,0,0,0,0,0,0,0,0,1,1,3,2,1,0,0,0,0,0,0,0,0,0,0,3,0,0,0,0,0,0,0,0,0,1,3,5,0,3,3,0,0,0,1,0,1,0,0,0,0,0,0,0,3,0,0,0,2,2,2,1,0,0,3,3,0,0,0,0,0,0,0,2,0,0,2,1,0,0,0,0,0,0,0,0,0,0,0,0,3,0,1,1,0,1,0,0,0,0,0,0,0,2,0,0,0,0,6,2,0,0,0,0,0,1,1,3,0,0,0,0,0,0,0,0,0,0,1,0,1,0,1,0,1,0
"cell129",2,1,0,1,2,0,3,0,7,1,0,1,1,0,0,0,0,0,1,1,1,1,2,0,2,0,0,0,0,0,0,0,0,0,0,0,0,5,8,0,0,0,0,1,0,0,0,0,0,0,0,0,0,0,0,1,0,0,0,0,0,0,0,0,0,0,0,2,4,3,2,0,11,1,0,0,0,0,0,0,0,1,3,3,9,0,2,0,0,0,0,0,0,0,0,2,0,0,0,0,0,0,2,0,2,0,0,0,1,0,0,0,2,0,0,2,2,5,0,3,0,0,0,5,0,8,1,0,0,0,0,1,2,0,6,0,0,0,0,0,5,1,0,0,0,0,0,0,0,0,1,0,1,1,0,0,0,2,0,0,0,1,0,1,0,0,0,5,0,0,2,0,0,6,4,2,0,0,0,0,0,1,0,0,2,0,1,0,11,0,1,0,1,0
"cell130",0,1,0,0,0,1,1,1,0,0,1,2,2,0,1,0,0,0,0,0,0,0,0,0,0,1,0,0,1,1,0,0,0,0,0,0,0,0,0,0,0,0,1,0,0,0,0,0,0,0,0,0,0,0,1,0,1,0,0,0,0,0,0,0,0,0,0,0,0,0,1,0,2,1,0,0,0,0,0,0,0,0,1,0,0,0,0,0,0,0,0,0,0,0,2,6,1,1,0,0,0,0,0,0,0,0,0,0,0,0,0,0,0,0,0,0,1,0,0,0,1,0,1,1,0,0,0,0,0,0,0,1,0,0,0,1,0,0,1,0,1,0,0,0,0,0,0,0,0,2,0,0,1,0,0,0,0,0,0,0,0,2,0,2,0,0,1,0,0,0,1,0,0,0,3,1,0,0,0,0,0,0,2,0,0,0,0,0,2,0,0,0,0,0
"cell131",0,2,0,1,0,0,3,0,3,5,1,0,1,3,1,0,0,0,0,0,0,0,0,0,0,0,2,2,2,1,0,0,0,0,0,0,0,1,0,0,0,0,1,1,0,0,0,0,0,0,0,0,0,0,0,0,2,1,0,1,0,0,0,0,0,0,0,0,1,0,0,3,1,2,0,0,0,0,0,0,1,0,3,1,0,0,0,1,0,0,0,0,0,0,0,2,1,0,0,0,0,0,0,0,1,0,0,0,0,0,0,0,5,0,0,0,0,4,1,1,0,0,3,3,0,0,0,0,0,0,0,0,0,0,3,0,0,0,0,0,1,0,0,0,0,0,0,0,0,0,0,0,0,1,0,0,0,8,0,0,2,0,0,0,0,0,0,0,0,0,2,3,0,2,3,2,0,0,0,0,0,0,1,0,3,0,1,0,1,0,3,0,2,0
"cell132",0,0,1,0,1,0,0,2,1,0,1,1,0,0,0,2,0,0,0,0,0,0,0,0,0,0,5,2,2,0,0,0,0,0,0,0,0,2,2,0,0,0,2,1,0,0,0,0,0,0,0,0,0,0,1,0,3,0,0,0,0,2,0,0,0,0,0,1,0,0,2,5,2,0,0,0,0,0,0,0,1,0,2,2,0,0,0,1,0,0,0,0,0,1,2,0,4,0,3,0,0,0,1,0,0,0,0,0,1,0,0,0,0,0,0,0,0,2,2,0,1,0,1,0,0,0,0,1,0,0,0,0,3,0,3,0,0,0,0,0,0,0,0,0,0,0,0,0,0,0,0,0,1,1,0,0,0,2,0,0,1,0,0,4,0,0,1,0,0,0,0,2,0,0,1,1,0,0,0,0,0,0,0,0,2,0,0,0,0,0,0,0,0,0
"cell133",3,1,1,1,0,3,0,3,1,0,0,0,2,5,0,0,2,0,1,2,5,0,3,2,0,0,0,0,0,0,0,0,0,0,0,0,0,0,1,0,0,0,4,1,0,0,0,0,0,0,0,0,0,0,1,0,0,1,0,1,0,1,0,0,0,0,0,0,3,4,0,2,1,1,0,0,0,0,0,0,0,0,0,1,0,0,0,0,0,0,0,0,0,0,0,0,0,1,1,2,0,0,1,0,1,0,0,0,1,0,0,0,1,0,0,0,1,0,3,6,0,0,1,3,0,2,1,0,0,0,0,1,1,0,0,0,0,0,0,0,1,2,0,0,0,0,0,0,0,0,1,4,1,1,0,0,0,5,0,1,1,2,0,2,0,0,2,0,2,0,0,0,5,2,0,0,0,0,0,0,0,0,0,0,1,0,2,0,0,0,3,0,0,0
"cell134",1,0,0,0,0,0,0,0,1,0,1,2,2,0,1,1,0,0,0,0,0,0,0,0,0,1,1,0,2,0,0,0,0,0,0,0,0,0,1,0,0,0,0,0,0,0,0,0,0,0,0,0,0,0,0,0,0,3,0,0,0,0,0,0,0,0,0,1,0,0,0,2,0,1,2,0,0,0,0,0,1,0,2,0,0,0,0,0,0,0,0,0,0,0,0,3,0,3,0,0,0,0,0,0,1,0,0,0,3,0,0,0,0,0,0,0,0,1,1,0,0,0,0,0,0,0,0,1,1,0,0,0,2,0,0,0,0,0,0,0,1,0,0,0,0,0,0,0,0,1,0,0,0,1,0,3,0,0,0,0,0,0,0,1,0,0,0,0,0,0,0,2,0,0,1,0,0,0,2,0,0,0,1,0,0,0,0,0,2,0,0,0,0,0
"cell135",4,9,1,4,3,6,4,3,1,2,1,11,2,0,0,0,0,4,1,3,0,3,2,4,4,0,0,0,0,0,1,0,0,3,0,0,4,0,0,1,1,0,1,4,0,0,0,0,0,0,0,0,0,0,1,7,0,0,3,0,0,0,10,3,0,0,0,5,1,0,0,7,6,6,0,5,11,0,5,3,5,4,10,5,6,0,3,0,0,0,0,0,0,0,0,15,0,5,0,10,0,0,3,0,4,0,0,0,2,0,8,0,0,0,3,7,0,0,3,1,6,0,0,2,0,7,5,0,0,0,0,0,5,0,9,3,0,0,0,12,0,0,7,6,0,7,10,5,11,0,5,4,7,8,0,0,0,2,0,0,5,0,1,1,0,2,1,5,0,0,6,0,0,4,2,3,0,0,0,0,1,2,2,0,0,0,3,0,0,0,0,1,0,0
"cell136",5,0,11,1,0,0,7,8,4,0,2,3,0,3,0,0,1,1,3,1,4,0,0,2,1,0,0,0,0,0,0,0,0,0,0,0,0,0,0,0,0,0,7,0,0,0,0,2,0,0,0,0,0,0,3,1,0,2,0,0,0,3,1,2,0,0,0,4,3,0,2,3,0,2,4,0,1,3,6,4,0,4,5,0,0,0,0,0,0,0,0,0,0,0,0,1,0,5,4,0,0,0,6,0,4,0,0,0,1,0,1,0,1,0,0,0,0,0,5,0,4,0,3,2,0,0,5,0,0,0,0,5,7,0,6,0,0,0,0,2,0,2,3,6,0,3,0,0,0,0,4,4,0,7,0,6,0,2,0,0,0,0,0,5,0,0,0,5,0,0,0,0,1,0,0,0,0,0,0,1,0,0,0,0,0,0,6,0,1,0,0,1,7,0
"cell137",2,0,0,1,2,1,7,1,0,0,1,8,0,0,0,0,1,0,5,2,0,5,5,2,0,0,0,0,0,0,2,0,0,0,0,0,0,0,5,0,0,0,4,3,0,0,0,0,0,0,0,0,0,0,2,3,0,0,6,2,0,2,5,0,0,0,0,0,0,1,1,0,1,2,0,3,2,0,0,0,7,3,2,1,6,0,1,0,0,0,0,0,0,0,0,0,0,7,5,0,0,0,5,0,3,0,0,0,1,0,0,0,5,0,0,0,0,0,4,8,2,0,6,0,1,3,1,0,0,0,0,2,7,0,0,0,0,0,0,0,0,1,2,1,1,2,7,0,4,0,0,0,4,6,0,2,0,0,0,0,0,4,0,3,0,0,2,0,0,0,4,0,3,7,2,3,0,0,2,0,0,4,0,0,2,0,4,0,1,0,1,0,3,0
"cell138",1,6,0,1,3,1,1,3,0,0,0,4,1,7,0,0,0,1,3,3,1,0,2,0,0,0,0,0,0,0,0,0,1,0,0,1,0,0,1,0,0,0,1,0,0,0,0,0,0,0,0,0,0,0,4,0,0,0,0,0,0,0,0,0,0,0,0,0,0,0,0,4,7,7,0,1,0,0,0,0,4,3,6,3,7,0,8,0,0,0,0,0,0,0,0,1,0,5,4,2,0,0,2,0,0,0,0,0,6,0,0,0,4,0,0,1,0,11,0,3,2,0,4,14,1,0,0,0,0,0,0,0,5,0,5,3,0,0,0,0,0,2,2,0,1,2,8,0,0,0,0,6,4,3,0,2,0,0,0,0,1,1,0,9,0,0,0,1,0,0,0,0,0,0,3,0,0,0,0,0,4,0,0,0,4,0,5,0,2,0,0,0,5,0
"cell139",0,1,1,0,1,1,0,0,1,0,0,0,0,0,0,0,0,0,0,0,0,1,0,0,0,0,2,1,0,1,0,0,0,0,0,0,0,0,0,0,0,0,1,2,0,0,0,0,0,0,0,0,0,0,1,0,1,0,0,1,0,0,0,0,0,0,0,2,0,0,0,0,2,1,0,0,0,0,0,0,2,0,0,2,0,0,0,0,0,0,0,0,0,2,0,1,0,2,1,0,0,0,1,0,1,0,0,0,0,0,0,0,0,0,0,0,0,1,1,0,0,0,1,0,0,0,0,0,1,0,0,0,2,0,0,0,0,0,0,0,2,0,0,0,0,0,0,0,0,0,0,0,0,0,0,0,0,0,0,0,0,2,0,0,0,0,2,0,0,0,1,0,0,1,1,1,0,0,0,0,0,0,1,0,0,0,0,0,1,0,0,0,0,0
"cell140",2,0,0,5,2,4,2,0,1,0,0,4,1,1,0,0,0,0,0,4,0,0,1,0,0,0,0,0,1,0,0,0,0,0,0,0,0,0,2,0,0,0,0,3,0,0,0,0,0,0,0,0,0,0,0,2,0,1,0,3,0,0,0,0,2,0,0,0,4,4,1,1,1,3,0,0,0,0,0,0,0,2,3,0,0,0,0,0,1,0,0,0,0,0,3,0,0,0,2,0,0,0,1,0,1,0,0,0,1,0,0,0,2,0,0,0,1,0,1,5,5,0,0,2,0,0,2,0,0,0,0,0,0,0,2,1,0,0,0,0,1,0,0,0,0,0,0,0,1,0,0,1,5,4,0,3,0,0,0,0,1,2,0,0,0,0,5,0,2,0,1,2,0,0,0,3,0,0,0,0,0,1,0,0,3,0,2,0,0,0,3,0,4,0
"cell141",2,0,2,0,0,0,1,3,0,1,0,0,0,2,0,2,0,0,0,0,0,0,0,0,0,0,1,0,3,0,0,0,0,0,0,0,0,0,1,0,0,0,0,0,0,0,0,0,0,0,0,0,0,0,0,0,0,0,0,0,0,0,0,0,0,0,0,1,0,6,1,0,2,1,0,0,0,0,0,0,5,0,0,2,0,0,0,5,0,0,0,0,0,0,1,0,1,0,0,0,0,0,2,0,1,0,0,0,0,0,0,0,0,0,0,1,0,3,3,3,1,0,1,1,0,0,0,1,1,0,0,1,0,0,0,0,0,0,1,0,8,0,0,0,0,0,0,0,0,2,0,0,2,0,0,0,0,3,0,0,3,2,0,1,0,0,2,0,0,0,0,0,0,2,0,0,0,0,0,0,0,0,0,0,0,0,0,0,2,0,1,0,1,0
"cell142",2,1,0,0,0,5,2,1,0,3,0,1,0,1,0,0,2,1,2,1,0,1,0,0,1,0,0,0,0,0,0,0,0,0,0,0,0,0,2,0,0,0,0,2,0,0,0,0,0,0,0,0,0,0,0,0,0,1,0,0,0,0,0,0,0,0,0,1,1,0,0,2,9,1,0,0,0,0,0,0,0,0,0,4,1,0,2,0,0,0,0,0,0,0,0,1,2,0,1,1,0,0,1,0,0,0,0,0,0,0,0,0,2,0,0,0,0,3,1,0,0,0,5,1,0,2,1,0,0,0,0,0,0,0,0,0,0,0,1,0,1,0,0,0,0,0,0,0,1,0,0,0,3,1,0,0,0,1,0,0,1,0,0,1,1,0,1,2,0,0,5,1,0,0,0,0,0,0,1,0,0,0,1,0,0,0,0,0,1,0,0,0,1,0
"cell143",1,3,0,2,0,1,1,0,2,0,0,0,0,0,0,0,5,0,1,1,3,0,1,0,1,0,0,0,0,0,0,0,0,0,0,0,0,1,1,0,0,0,0,6,0,0,0,0,0,0,0,0,0,0,0,6,0,3,0,1,0,1,0,0,0,0,0,0,7,3,1,6,1,0,0,0,0,0,0,0,1,0,1,1,2,0,0,0,0,0,0,0,0,1,1,3,0,0,0,1,0,0,1,0,0,0,0,0,0,0,0,0,4,0,0,0,5,1,0,0,5,0,2,1,0,2,3,0,0,0,0,0,5,0,4,2,0,0,0,0,2,0,0,0,0,0,0,0,7,0,0,1,0,1,0,4,0,1,0,0,0,0,0,8,0,0,3,1,0,0,5,0,1,3,0,4,0,0,4,0,0,0,0,0,1,0,5,0,0,0,1,0,0,0
"cell144",1,1,1,0,1,1,0,0,0,2,0,3,1,0,0,2,0,0,0,0,0,0,0,0,0,1,0,0,0,0,0,0,0,0,0,0,0,5,5,0,0,0,1,2,0,0,0,0,0,0,0,0,0,0,0,0,0,0,0,1,0,0,0,0,0,0,0,1,0,1,1,2,0,0,0,0,0,0,0,0,1,0,0,1,0,0,0,1,0,0,0,0,0,1,0,6,3,0,0,2,0,0,0,0,3,0,0,0,0,0,0,0,0,0,0,1,1,0,0,2,1,0,3,1,0,0,0,3,0,0,0,0,0,0,3,0,0,0,0,0,2,0,0,0,0,0,0,0,0,0,0,0,0,1,0,2,0,0,0,0,2,0,0,0,0,0,1,0,0,0,0,1,0,1,0,1,0,0,1,0,0,0,2,0,2,0,3,0,1,0,3,0,3,0
"cell145",1,0,0,0,0,0,4,0,0,0,0,1,1,0,0,1,0,0,0,0,0,0,0,0,0,0,1,2,0,2,0,0,0,0,0,0,0,0,0,0,0,0,1,0,0,0,0,0,0,0,0,0,0,0,0,0,0,0,0,0,0,2,0,0,0,0,0,1,1,0,0,1,1,0,0,0,0,0,0,0,0,0,2,0,0,0,0,0,0,0,0,0,0,0,0,1,0,0,0,1,0,0,1,0,2,0,0,0,1,0,0,0,2,0,0,0,2,0,1,0,1,0,0,2,0,0,0,0,0,0,0,1,0,0,2,1,0,0,0,0,2,0,0,0,0,0,0,0,0,0,0,0,0,3,0,0,0,0,0,0,1,0,0,0,0,0,0,0,0,0,1,0,0,0,0,1,0,0,0,0,0,0,0,0,0,0,0,0,0,0,0,0,2,0
"cell146",0,0,1,0,0,0,0,1,0,0,1,3,4,1,0,0,0,0,0,0,0,0,0,0,0,0,1,1,3,3,0,0,0,0,0,0,0,2,5,0,0,0,2,1,0,0,0,0,0,0,0,0,0,0,0,0,3,4,0,2,0,1,0,0,0,0,0,0,1,1,1,1,2,0,0,0,0,0,0,0,1,0,1,3,0,0,0,0,0,0,0,0,0,0,1,0,3,2,2,2,0,0,0,0,1,0,0,0,0,0,0,0,2,0,0,0,0,0,1,2,0,0,1,2,0,0,0,0,1,0,0,0,1,0,1,0,0,0,1,0,1,0,0,0,0,0,0,0,0,1,0,0,2,0,0,1,0,1,0,0,2,1,0,2,0,0,2,0,0,0,1,0,0,0,0,2,0,0,0,0,0,1,1,0,0,0,1,0,0,0,4,0,3,0
"cell147",0,0,0,1,2,0,0,0,4,2,0,0,0,0,0,0,0,0,1,0,0,0,0,0,0,0,0,3,0,2,0,0,0,0,0,0,0,1,1,0,0,0,2,0,0,0,0,0,0,0,0,0,0,0,0,0,0,0,0,0,0,0,0,0,0,0,0,0,1,1,0,1,0,1,0,0,0,0,0,0,3,0,4,1,0,0,0,0,0,0,0,0,0,0,1,0,1,3,2,0,0,0,0,0,2,0,0,0,2,0,0,0,2,0,0,2,0,1,0,0,0,0,0,2,0,0,0,4,0,0,0,0,3,0,2,0,0,0,0,0,1,0,0,0,0,0,0,0,0,1,0,0,1,1,0,2,0,4,0,0,0,0,0,0,0,0,0,1,0,0,2,1,0,1,0,1,0,0,2,0,0,2,0,0,1,0,1,0,3,0,1,0,0,0
"cell148",4,0,6,4,0,3,3,0,1,0,1,0,3,2,0,0,0,0,0,0,0,0,3,1,2,0,0,0,0,0,1,0,0,0,0,0,0,4,0,0,0,0,0,0,0,0,0,0,0,0,0,0,0,0,1,0,0,1,0,3,0,1,0,0,0,0,0,4,0,5,0,1,6,4,0,0,0,0,0,0,3,0,0,4,0,0,1,0,0,0,0,0,0,0,0,2,3,0,3,1,0,0,6,0,0,0,0,0,2,0,0,0,0,0,0,0,0,0,0,1,0,0,2,0,0,1,8,0,0,0,0,0,0,0,4,0,0,0,1,0,0,0,2,3,0,0,0,0,3,0,2,2,0,5,1,2,0,3,0,0,0,0,0,4,0,0,2,4,0,0,2,0,1,0,1,0,0,0,0,0,0,2,0,0,2,0,2,0,4,0,0,0,0,0
"cell149",0,1,0,0,0,1,1,0,1,0,0,1,0,0,0,0,0,0,0,0,0,1,0,0,0,0,4,0,1,1,0,0,0,0,0,0,0,0,0,0,0,0,1,0,0,0,0,0,0,0,0,0,0,0,1,0,0,0,0,0,0,0,0,0,0,0,0,0,3,2,1,1,6,1,0,0,0,0,0,0,2,0,0,0,0,0,0,0,2,0,0,0,0,2,0,0,1,0,0,3,0,0,3,0,0,0,0,0,0,0,0,0,0,0,0,0,0,4,0,1,4,0,0,0,0,0,0,1,0,0,0,1,1,0,0,1,0,0,0,0,0,0,0,0,0,0,0,0,0,0,0,0,1,0,0,0,0,0,0,0,2,0,0,1,0,0,1,0,0,0,0,0,0,1,1,0,0,0,0,0,0,0,1,0,0,0,1,0,0,0,3,0,0,0
"cell150",2,0,0,1,1,3,4,0,1,0,3,0,0,1,0,0,0,0,0,0,0,0,0,0,0,0,0,0,1,2,0,0,0,0,0,0,0,0,2,0,0,0,1,0,0,0,0,0,0,0,0,0,0,0,0,0,0,1,0,0,0,0,0,0,0,0,0,0,0,1,2,0,0,1,0,0,0,0,0,0,2,0,0,1,0,0,0,0,0,0,0,0,0,0,1,1,3,0,0,0,0,0,0,0,0,0,0,0,1,0,0,0,0,0,0,0,1,0,0,0,1,0,0,2,0,0,0,2,0,0,0,0,1,0,0,0,0,0,0,0,1,0,0,0,0,0,0,0,0,0,0,0,1,0,0,0,0,0,0,0,0,1,0,0,0,0,0,0,0,0,1,0,0,3,1,3,0,0,1,0,0,0,3,0,1,0,0,0,1,0,1,0,0,0
"cell151",2,0,1,2,5,0,0,2,6,0,0,4,0,2,0,0,0,5,0,5,0,0,2,8,1,0,0,0,0,0,0,0,0,0,0,0,0,1,1,0,0,0,2,3,0,0,1,0,0,0,0,0,0,0,10,0,0,0,0,4,0,0,0,0,0,0,0,1,0,0,4,6,5,5,0,0,0,0,0,0,0,2,0,1,4,0,3,0,2,0,0,0,0,0,0,3,2,0,5,0,0,0,4,0,3,0,0,0,3,0,0,0,0,0,0,0,0,1,0,0,1,0,0,1,1,5,0,0,0,0,0,3,2,0,1,1,0,0,0,0,1,0,2,0,3,2,1,2,1,0,1,0,1,0,0,1,0,0,0,1,0,0,0,1,0,0,4,1,1,0,3,0,1,0,2,0,0,0,0,0,0,0,0,0,2,0,1,0,0,0,4,0,2,0
"cell152",0,5,1,7,0,0,0,1,6,2,0,2,2,1,0,0,4,0,0,0,0,1,1,1,0,0,0,0,0,0,0,0,0,0,0,0,0,0,2,0,0,0,4,2,0,0,0,0,0,0,0,0,0,0,0,1,0,0,0,3,0,0,0,0,0,0,0,0,5,1,0,1,1,3,5,0,0,0,0,0,3,0,0,3,2,0,0,0,0,0,0,0,0,0,5,2,0,0,1,0,0,0,2,0,1,0,0,0,5,0,0,0,1,0,0,0,0,0,2,0,1,0,5,0,0,0,1,0,0,0,0,2,0,0,0,0,0,0,0,0,1,0,0,0,0,0,0,0,1,0,1,1,1,2,0,0,0,0,0,0,0,0,0,2,0,0,0,0,1,0,2,0,0,1,1,2,0,0,0,0,0,1,0,0,2,0,1,0,2,0,1,0,2,0
"cell153",1,2,6,7,1,0,1,0,6,2,0,1,3,0,0,0,2,5,3,5,1,4,5,0,6,0,0,0,0,0,3,0,0,4,0,0,0,0,0,0,0,0,0,3,0,0,0,0,0,0,0,0,0,0,6,0,0,0,0,0,0,4,0,9,0,0,0,4,2,0,2,5,4,10,0,1,2,9,2,2,4,0,0,5,0,0,6,0,0,0,0,0,0,0,0,4,0,0,2,0,0,0,0,0,0,0,0,0,8,0,3,0,0,0,2,4,1,0,11,0,1,0,2,2,0,10,4,0,0,0,0,3,2,0,1,2,0,0,0,1,0,0,4,7,1,1,1,0,5,0,17,4,0,9,0,0,0,0,0,0,0,1,3,9,0,0,0,4,4,0,0,0,1,14,3,4,0,0,0,0,1,3,0,0,1,0,2,0,3,0,0,0,13,5
"cell154",2,0,0,0,0,0,1,0,1,0,2,0,0,0,0,0,0,0,0,0,0,0,0,0,0,0,1,0,1,0,0,0,0,0,0,0,0,0,1,0,0,0,0,0,0,0,0,0,0,0,0,0,0,0,2,0,0,0,0,0,0,4,0,0,0,0,0,3,3,0,0,0,0,1,0,0,0,0,0,0,0,0,1,1,0,0,0,3,0,0,0,0,0,0,1,2,1,4,0,0,0,0,2,0,0,0,0,0,3,0,0,0,0,0,0,0,0,0,0,1,3,0,5,1,0,0,0,0,1,0,0,0,2,0,2,1,0,0,0,0,0,0,0,0,0,0,0,0,0,0,0,0,6,0,0,1,0,0,0,0,2,1,0,1,0,0,2,0,0,0,1,0,0,2,5,1,0,0,1,0,0,0,2,0,2,0,2,0,2,0,0,0,1,0
"cell155",5,0,0,2,1,2,1,2,1,0,2,4,0,3,0,0,0,3,4,2,6,7,3,3,0,0,0,0,0,0,2,0,0,0,0,0,0,3,5,0,0,0,2,3,0,0,0,0,0,0,0,0,0,0,1,3,0,0,1,1,0,2,3,0,0,0,0,0,0,5,0,0,2,6,0,0,0,0,0,0,9,1,2,5,4,0,2,0,0,0,0,0,0,0,0,0,0,2,5,0,0,0,3,0,1,0,0,0,0,0,0,0,5,0,0,0,0,0,4,7,1,0,3,3,1,5,3,0,0,0,0,1,3,0,0,0,0,0,0,0,0,0,6,2,5,0,1,0,5,0,0,0,1,5,0,2,0,0,0,0,0,1,0,2,0,0,0,2,0,0,1,0,2,6,5,5,0,0,1,0,0,6,0,0,4,0,2,0,3,0,0,0,0,0
"cell156",1,3,0,2,3,5,0,1,0,0,5,2,0,0,0,0,2,1,0,2,2,14,1,0,0,0,0,0,0,0,0,0,0,0,0,0,0,0,2,0,0,0,0,0,0,0,0,0,0,0,0,0,0,0,0,2,0,0,0,4,0,7,0,0,0,0,0,2,4,0,6,6,7,3,0,0,2,4,2,1,3,0,0,7,3,0,1,0,0,0,0,0,0,0,0,1,0,0,3,0,0,0,2,0,2,0,0,0,3,0,0,0,5,0,0,0,0,8,5,0,0,0,9,1,0,9,2,0,0,0,0,4,3,0,0,6,0,0,0,0,0,2,2,0,0,0,0,0,4,0,2,4,7,0,0,0,0,0,1,1,0,0,0,5,0,0,10,5,2,0,0,0,2,2,3,2,0,0,3,0,2,1,0,0,1,0,0,0,5,0,2,1,0,0
"cell157",1,2,2,3,0,0,0,0,0,2,0,2,0,0,0,0,0,1,0,0,1,1,1,3,0,0,0,0,0,0,0,0,0,0,0,0,0,1,3,0,0,0,0,0,0,0,0,0,0,0,0,0,0,0,2,0,0,1,0,2,0,0,0,0,0,0,0,3,1,2,2,1,0,2,0,0,0,0,0,0,0,1,0,1,0,0,0,0,1,0,0,0,0,2,1,2,5,0,5,0,0,0,1,0,5,0,0,0,2,0,0,0,1,0,0,0,1,3,1,5,2,0,3,3,0,1,0,0,0,0,0,1,2,0,0,0,0,0,1,0,4,0,0,0,0,0,0,0,1,0,4,1,2,0,0,3,0,0,0,0,2,0,0,0,0,0,2,0,0,0,1,0,0,0,0,7,0,0,1,0,0,4,0,0,1,0,4,0,0,0,0,0,2,0
"cell158",2,0,0,1,1,2,0,2,0,1,0,3,0,1,0,0,0,1,2,3,0,3,1,0,0,0,0,0,0,0,0,0,0,0,0,0,0,5,4,0,0,0,0,0,0,0,0,0,0,0,0,0,0,0,1,0,0,0,0,1,0,1,0,0,0,0,0,6,0,0,0,0,0,3,2,0,0,0,0,0,4,0,1,0,1,0,0,0,0,0,0,0,0,0,0,0,3,2,2,0,0,0,0,0,1,0,0,0,1,0,0,0,3,0,0,0,0,0,1,0,0,0,1,0,0,0,2,0,0,0,0,1,0,0,0,0,0,0,0,0,0,0,0,0,0,0,0,0,0,0,2,0,3,2,0,1,0,3,0,0,3,0,0,1,3,0,0,1,0,0,1,0,0,0,0,3,0,0,2,0,0,0,0,0,0,0,2,0,6,0,1,0,0,0
"cell159",4,1,6,0,4,8,0,0,4,1,0,4,0,0,0,0,0,1,5,2,0,13,3,4,6,0,0,0,0,0,5,0,0,0,10,1,2,0,0,0,0,2,1,1,0,0,0,0,0,0,0,0,0,0,0,0,0,0,4,0,0,4,12,5,0,0,0,0,2,0,3,3,2,5,0,0,4,1,0,4,0,2,0,2,9,0,0,0,0,0,0,0,0,0,0,1,0,0,3,6,0,0,0,0,1,0,0,0,1,0,0,0,1,0,4,5,3,1,7,0,5,0,7,12,0,9,8,0,0,0,0,12,0,0,3,0,0,0,0,3,0,9,3,6,9,4,4,3,8,0,7,2,10,6,0,1,0,0,0,0,6,0,0,5,0,2,6,1,0,0,5,0,2,0,0,5,0,0,0,4,2,2,0,0,4,0,1,0,3,0,3,1,1,2
"cell160",3,1,0,5,0,0,0,2,4,0,0,10,3,1,2,0,0,0,2,4,1,3,6,4,0,0,0,0,0,0,9,0,5,3,3,2,0,0,0,0,0,0,6,3,0,0,0,0,0,0,0,0,0,0,4,1,0,0,9,0,0,1,0,0,0,0,0,0,0,0,4,0,9,6,3,5,4,8,10,3,3,2,9,1,6,0,2,0,0,0,0,0,0,0,0,4,0,2,8,4,0,0,4,0,7,0,0,0,2,0,3,0,1,0,4,0,7,0,5,2,5,0,7,1,0,0,3,0,0,0,0,2,3,0,5,0,0,0,0,6,0,0,5,0,4,0,5,8,4,0,6,3,5,3,0,0,0,4,0,0,6,0,0,13,0,0,4,0,1,0,1,0,3,2,0,5,0,0,0,0,5,5,2,0,0,0,2,0,0,0,6,5,13,2
"cell161",0,1,0,6,0,2,0,0,3,0,0,3,2,3,0,0,0,2,0,0,0,0,0,0,0,1,1,1,0,0,0,0,0,0,0,0,0,0,0,0,0,0,2,2,0,0,0,0,0,0,0,0,0,0,2,0,1,1,0,0,0,1,0,0,0,0,0,0,0,2,0,0,2,2,2,0,0,0,0,0,0,0,5,1,0,0,0,0,0,0,0,0,0,0,0,3,0,0,2,1,0,0,0,0,0,0,0,0,7,0,0,0,2,0,0,0,1,2,0,0,0,0,0,0,0,0,0,0,0,0,0,5,0,0,0,0,0,0,1,0,0,0,0,0,0,0,0,0,3,0,0,0,2,0,0,0,0,1,0,0,1,0,0,0,0,0,0,0,0,0,2,2,0,1,2,0,0,0,0,0,0,0,0,0,1,0,1,0,0,0,0,0,1,0
"cell162",0,1,0,0,0,1,0,0,1,2,0,3,0,0,0,0,0,0,0,0,0,0,0,0,0,0,0,3,1,4,0,0,0,0,0,0,0,3,7,0,0,0,0,0,0,0,0,0,0,0,0,0,0,0,2,0,0,0,0,0,0,4,0,0,0,0,0,1,2,1,2,1,3,2,0,0,0,0,0,0,0,0,2,0,0,0,0,0,1,0,0,0,0,2,1,0,1,3,0,1,0,0,2,0,1,0,0,0,3,0,0,0,0,0,0,0,0,0,0,2,1,0,1,0,0,0,0,1,0,0,0,1,0,0,0,0,0,0,1,0,0,0,0,0,0,0,0,0,0,0,0,0,5,1,0,2,0,4,0,0,2,0,0,1,0,0,3,0,0,0,0,0,0,0,0,1,0,0,1,0,0,0,1,0,0,0,0,0,0,0,0,0,2,0
"cell163",0,0,0,0,2,0,0,0,3,1,0,0,0,1,0,0,0,0,0,0,0,0,0,0,0,0,1,2,0,2,0,0,0,0,0,0,0,0,0,0,0,0,0,0,0,0,0,0,0,0,0,0,0,0,0,0,0,0,0,2,0,0,0,0,0,0,0,2,0,1,2,0,0,0,0,0,0,0,0,0,1,0,3,1,0,0,0,1,0,0,0,0,0,0,1,0,1,0,0,1,0,0,0,0,0,0,0,0,3,0,0,0,0,0,0,2,0,1,0,4,1,0,1,1,0,0,0,0,1,0,0,0,2,0,0,0,0,0,0,0,0,0,0,0,0,0,0,0,0,1,0,0,0,1,0,0,0,1,0,0,0,1,0,0,0,1,0,0,0,0,1,0,0,3,1,1,0,0,1,0,0,1,0,0,0,0,0,0,0,0,0,0,0,0
"cell164",0,5,5,2,4,0,0,3,0,1,3,3,0,2,0,0,0,5,3,6,9,3,2,7,0,0,0,0,0,0,4,0,2,1,0,0,0,0,0,4,0,0,3,1,0,0,0,0,0,0,0,0,0,0,1,3,1,0,3,0,0,0,1,2,0,0,0,0,1,0,5,2,6,1,0,13,0,0,8,0,2,1,2,0,2,0,2,0,0,0,0,0,0,0,0,0,0,2,4,0,0,0,5,0,1,0,0,0,0,0,3,0,8,0,0,0,5,0,7,13,2,0,5,3,0,4,15,0,0,0,0,7,8,0,6,0,0,0,0,5,0,4,3,4,3,1,6,0,4,0,8,1,0,3,0,0,0,1,0,0,2,0,0,11,0,0,0,5,1,0,0,0,2,4,3,11,0,0,0,4,4,3,0,0,0,0,6,0,5,0,4,0,3,0
"cell165",0,1,2,0,1,0,0,1,0,0,0,3,0,3,0,0,0,0,0,0,0,0,0,0,0,1,0,0,1,0,0,0,0,0,0,0,0,0,1,0,0,0,1,0,0,0,0,0,0,0,0,0,0,0,0,0,0,0,0,3,0,2,0,0,0,0,0,0,1,0,0,1,0,5,3,0,0,0,0,0,1,0,0,0,0,0,0,0,1,0,0,0,0,0,1,3,2,0,1,0,0,0,1,0,1,0,0,0,0,0,0,0,0,0,0,0,0,0,3,0,2,0,0,1,0,4,0,0,0,0,0,0,0,0,2,0,0,0,0,0,0,0,0,0,0,0,0,0,0,0,0,0,0,0,0,2,0,1,0,0,0,4,0,1,0,0,3,2,0,0,0,0,0,2,0,0,0,0,1,0,0,0,1,0,0,0,3,0,0,0,2,0,3,0
"cell166",0,0,2,0,0,0,0,2,2,0,0,1,3,0,0,0,0,0,0,0,0,0,0,0,0,1,0,2,1,1,0,0,0,0,0,0,0,2,1,0,0,0,0,0,0,0,0,0,0,0,0,0,0,0,0,0,3,0,0,4,0,0,0,0,0,0,0,2,1,1,7,2,0,0,0,0,0,0,0,0,0,0,0,0,0,0,0,0,1,0,0,0,0,0,4,0,1,7,1,1,0,0,0,0,1,0,0,0,0,0,0,0,0,0,0,0,0,1,0,2,2,0,3,0,0,0,0,1,0,0,0,0,0,0,1,0,0,0,0,0,0,0,0,0,0,0,0,0,0,1,0,0,1,5,0,1,0,0,0,0,3,1,0,0,0,0,1,0,0,0,0,0,0,0,0,0,0,0,1,0,0,2,0,0,2,0,1,0,3,0,3,0,0,0
"cell167",0,3,0,1,1,1,2,4,5,1,0,0,4,1,0,0,0,0,0,2,1,4,1,0,0,0,0,0,0,0,1,0,0,0,0,0,0,2,2,0,0,0,0,2,0,2,0,0,0,0,0,0,0,0,5,0,0,7,0,0,0,0,0,0,0,0,0,0,0,1,3,0,1,0,2,0,0,0,0,0,0,0,2,1,2,0,0,0,0,0,0,0,0,0,0,3,1,0,1,2,0,0,4,0,0,0,0,0,1,0,0,0,4,0,0,3,0,7,2,2,1,0,7,10,0,1,7,0,0,0,0,1,3,0,1,0,0,0,0,4,3,0,0,3,2,0,3,3,5,0,5,3,1,2,0,1,0,0,1,0,0,0,0,1,0,0,7,1,0,0,0,0,0,2,3,0,0,0,1,0,0,1,0,0,0,0,1,0,1,0,0,0,2,0
"cell168",2,14,0,0,3,0,4,0,4,0,4,4,4,2,0,0,0,1,1,2,6,0,1,10,2,0,0,0,0,0,0,2,2,5,0,0,8,0,0,0,0,2,7,0,0,0,0,0,0,0,0,0,0,0,0,3,0,0,2,0,0,7,6,4,0,0,0,0,4,0,0,9,2,10,0,0,0,8,4,0,0,2,3,7,1,0,0,0,0,0,0,0,0,0,0,2,0,3,5,3,0,0,4,0,5,0,0,0,1,0,2,0,0,0,2,0,0,0,0,0,0,0,3,0,0,3,5,0,0,0,0,1,6,0,5,0,0,0,0,2,0,0,1,14,1,2,1,1,3,0,0,1,0,7,0,2,0,0,0,1,6,0,2,6,0,0,5,1,6,0,2,0,0,2,13,11,0,0,0,0,1,1,0,0,0,0,3,0,4,0,2,4,13,10
"cell169",0,2,1,0,0,0,1,0,1,0,0,0,0,0,0,0,2,0,1,2,0,0,3,0,1,0,0,0,0,0,0,0,0,0,0,0,0,0,4,0,0,0,1,0,0,0,0,0,0,0,0,0,0,0,2,2,2,0,0,0,0,0,0,0,0,0,0,1,3,2,3,0,2,3,0,0,0,0,0,0,1,0,0,2,0,0,2,0,0,0,0,0,0,0,3,0,0,1,1,0,0,0,3,0,0,0,0,0,2,0,0,0,0,0,0,0,0,0,0,0,0,0,2,3,0,0,0,0,0,0,0,1,0,0,2,2,0,0,0,0,1,0,0,0,0,0,0,0,2,0,1,1,0,2,0,0,0,1,0,0,0,0,0,6,0,0,0,1,0,0,0,0,0,2,3,0,0,0,1,0,0,0,0,0,4,0,2,0,2,0,0,0,2,0
"cell170",3,0,0,2,1,2,2,1,1,2,0,5,0,0,0,0,0,0,0,0,0,2,0,0,0,1,0,3,0,2,0,0,0,0,0,0,0,2,1,0,0,0,0,0,0,0,0,0,0,0,0,0,0,0,2,0,3,0,0,0,0,1,0,0,0,0,0,1,2,1,1,0,2,0,0,0,0,0,0,0,0,0,3,0,0,0,0,0,3,0,0,0,0,0,0,0,1,3,5,0,0,0,0,0,0,0,0,0,0,0,0,0,0,0,0,0,2,0,1,0,0,0,0,1,0,0,0,0,1,0,0,1,7,0,0,0,0,0,1,0,4,0,0,0,0,0,0,0,4,0,0,0,0,1,0,1,0,0,0,0,0,0,0,0,0,0,0,3,0,0,6,0,0,1,0,1,0,0,0,0,0,0,2,0,0,0,0,0,0,0,0,0,0,0
"cell171",1,0,1,0,1,0,0,0,0,0,1,1,0,0,0,0,0,0,0,0,0,0,0,0,0,1,1,0,4,0,0,0,0,0,0,0,0,0,0,0,0,0,0,0,0,0,0,0,0,0,0,0,0,0,4,0,0,0,0,3,0,0,0,0,0,0,0,0,0,2,0,0,2,1,0,0,0,0,0,0,0,0,0,0,0,0,0,0,1,0,0,0,0,0,0,0,0,0,0,1,0,0,2,0,1,0,0,0,1,0,0,0,2,0,0,1,0,1,5,6,0,0,0,3,0,0,0,2,0,0,0,0,0,0,1,1,0,0,0,0,0,0,0,0,0,0,0,0,0,2,0,0,0,2,0,3,0,0,0,0,0,1,0,0,0,0,1,0,0,0,1,0,0,0,0,2,0,0,0,0,0,2,4,0,0,0,3,0,3,0,0,0,3,0
"cell172",3,1,1,0,1,0,3,0,5,0,2,1,2,0,0,0,0,0,1,0,0,0,0,0,3,0,0,0,0,0,0,3,0,0,0,0,0,0,4,0,0,0,2,0,0,0,0,0,0,0,0,0,0,0,3,1,0,0,0,0,0,2,0,0,0,0,0,1,1,4,1,0,0,3,0,0,0,0,0,0,0,0,4,6,0,0,0,0,2,0,0,0,0,0,0,1,3,2,0,0,0,0,4,0,2,0,0,0,0,0,0,0,2,0,0,0,0,9,1,2,2,0,2,2,0,5,6,0,0,0,0,3,1,0,0,0,0,0,0,0,1,0,0,0,0,0,0,0,2,0,3,0,0,0,0,1,0,0,0,0,0,1,0,5,0,0,4,3,3,0,1,0,2,0,7,1,0,0,0,0,0,3,0,0,1,0,0,0,0,0,0,0,0,0
"cell173",5,1,0,0,0,1,2,1,2,0,2,1,1,1,0,0,0,0,2,2,0,1,0,0,0,0,0,0,0,0,0,0,0,0,0,0,0,4,4,0,0,0,3,0,0,0,0,0,0,0,0,0,0,0,5,0,0,6,0,2,0,4,0,0,0,0,0,0,0,3,2,0,5,3,4,0,0,0,0,0,3,0,0,3,0,0,1,0,0,0,0,0,0,0,1,0,0,2,2,1,0,0,2,0,5,0,0,0,1,0,0,0,0,0,0,0,0,6,0,4,2,0,0,2,0,6,7,0,0,0,0,0,2,0,6,2,0,0,0,0,4,0,0,0,0,0,0,0,3,0,0,0,1,0,0,4,0,2,0,0,0,4,0,5,0,0,3,2,0,0,4,0,0,2,3,3,0,0,3,0,0,1,0,0,4,0,1,0,1,0,1,0,8,0
"cell174",0,0,1,0,0,0,0,1,1,3,1,3,1,0,0,0,0,1,0,4,0,1,1,0,2,0,0,0,0,0,0,0,0,0,0,0,0,0,1,0,0,0,1,0,0,0,0,0,0,0,0,0,0,0,0,4,0,0,0,1,0,1,0,0,0,0,0,2,0,1,0,0,2,6,0,0,0,0,0,0,0,1,6,1,0,0,1,0,9,0,0,0,0,0,1,1,1,3,3,0,0,0,3,0,2,0,0,0,1,0,0,0,0,0,0,0,1,0,2,1,0,0,0,4,0,0,2,0,0,0,0,0,2,0,3,3,0,0,0,0,3,1,0,0,0,0,0,0,1,0,0,0,0,3,0,0,0,5,0,0,0,0,0,1,0,0,2,3,0,0,0,1,2,0,7,5,0,0,4,0,0,2,0,0,0,0,2,0,0,0,0,0,1,0
"cell175",0,0,1,3,3,2,2,4,1,0,1,0,0,2,0,0,0,3,9,1,0,2,0,0,1,0,0,0,0,0,6,0,0,0,0,0,1,2,2,0,0,0,3,0,0,0,0,0,0,0,0,0,0,0,2,0,0,0,0,2,0,0,8,0,0,0,0,0,6,0,1,1,2,7,0,2,0,1,0,1,0,1,0,10,0,0,0,0,0,0,0,0,0,0,0,2,0,0,1,1,0,0,0,0,5,0,0,0,4,0,0,0,3,0,0,5,3,0,0,1,4,0,0,1,0,3,2,0,0,0,0,1,0,0,5,0,0,0,0,2,0,11,0,1,1,0,6,1,9,0,1,6,2,0,0,3,0,0,0,0,2,0,0,5,0,0,2,0,0,0,1,0,0,4,2,0,0,0,1,0,2,0,0,0,2,0,0,0,5,0,1,9,3,0
"cell176",2,1,0,0,1,1,1,1,0,1,2,0,0,1,0,0,0,0,0,0,0,0,0,0,0,0,1,1,0,0,0,0,0,0,0,0,0,2,2,0,0,0,0,0,0,0,0,0,0,0,0,0,0,0,2,0,0,0,0,0,0,1,0,0,0,0,0,4,2,1,1,0,3,1,1,0,0,0,0,0,0,0,6,1,0,0,0,0,0,0,0,0,0,2,0,1,1,0,1,0,0,0,2,0,0,0,0,0,2,0,0,0,1,0,0,0,0,0,0,0,3,0,0,2,2,0,0,1,3,0,0,1,0,0,0,1,0,0,1,0,2,0,0,0,0,0,0,0,0,0,0,0,0,0,0,1,0,1,0,0,3,0,0,0,0,0,3,0,0,0,0,1,0,1,0,4,0,0,0,0,0,0,1,0,5,0,3,0,0,0,0,0,2,0
"cell177",1,1,1,4,0,0,0,1,0,0,0,3,3,0,0,1,1,0,1,0,0,0,2,1,1,0,0,0,0,0,0,0,0,0,0,0,0,0,0,0,0,0,4,0,0,0,0,0,0,0,0,0,0,0,1,2,0,0,0,0,0,4,0,0,0,0,0,0,0,0,0,2,1,0,2,0,0,0,0,0,0,2,3,0,3,0,5,0,0,0,0,0,0,0,0,7,0,0,6,0,0,0,7,0,0,0,0,0,1,0,0,0,1,0,0,1,0,2,0,0,0,0,0,0,0,4,1,0,0,0,0,0,2,0,1,2,0,0,0,0,1,0,0,0,0,0,0,0,0,0,1,1,0,0,1,3,0,2,0,0,1,0,0,4,0,0,1,0,0,0,0,1,0,1,0,1,0,0,1,0,0,0,0,0,0,0,0,0,0,0,1,0,2,0
"cell178",2,0,1,1,0,1,0,0,7,1,1,2,0,0,0,0,0,0,0,0,0,0,0,0,0,0,0,1,0,4,0,0,0,0,0,0,0,1,1,0,0,0,2,0,0,0,0,0,0,0,0,0,0,0,2,0,0,0,0,0,0,3,0,0,0,0,0,0,2,1,0,3,1,1,0,0,0,0,0,0,0,0,1,4,0,0,0,0,0,0,0,0,0,0,2,2,1,0,3,0,0,0,0,0,1,0,0,0,1,0,0,0,0,0,0,2,0,1,1,2,0,0,0,0,0,0,0,5,0,0,0,0,1,0,1,0,0,0,0,0,4,0,0,0,0,0,0,0,0,8,0,0,1,2,0,0,0,0,0,0,0,1,0,0,0,0,4,0,0,0,1,0,0,1,3,1,0,0,0,0,0,0,0,0,0,0,5,0,1,0,0,0,2,0
"cell179",0,0,0,0,0,0,1,0,0,1,0,1,0,0,0,2,0,0,0,0,0,0,0,0,0,0,0,0,0,0,0,0,0,0,0,0,0,0,0,0,0,0,1,0,0,0,0,0,0,0,0,0,0,0,0,0,0,1,0,0,0,0,0,0,3,0,0,0,0,1,1,0,0,0,0,0,0,0,0,0,0,0,2,0,0,0,0,0,0,0,0,0,0,0,0,0,1,1,0,0,0,0,0,0,1,0,0,0,1,0,0,0,0,0,0,0,0,0,4,1,3,0,0,0,0,0,0,0,0,0,0,3,0,0,0,0,0,0,0,0,1,0,0,0,0,0,0,0,0,0,0,0,0,0,0,0,0,0,0,0,0,0,0,1,0,0,0,0,0,0,0,3,0,2,1,0,0,0,1,0,0,0,0,0,1,0,1,0,0,0,0,0,0,0
"cell180",2,0,2,0,0,0,1,0,3,3,0,2,0,0,0,0,1,2,0,1,4,4,0,3,0,0,0,0,0,0,0,0,0,0,0,0,0,0,4,0,0,0,3,0,0,0,0,0,0,0,0,0,0,0,4,1,1,1,0,0,0,2,0,0,0,0,0,3,0,5,2,0,4,3,0,0,0,0,0,0,0,0,2,1,2,0,2,0,2,0,0,0,0,0,2,0,2,1,0,6,0,0,0,0,3,0,0,0,1,0,0,0,1,0,0,1,1,1,6,0,2,0,0,0,0,0,2,0,0,0,0,0,0,0,2,1,0,0,0,0,1,0,0,0,0,0,0,0,2,0,0,1,1,3,0,1,0,1,0,0,0,2,0,1,0,0,0,4,0,0,5,1,1,1,2,3,0,0,0,0,0,2,0,0,1,0,0,0,3,0,2,0,0,0
"cell181",1,0,1,0,0,1,1,1,2,0,1,1,1,0,0,2,0,0,0,0,0,0,0,0,0,0,3,0,3,0,0,0,0,0,0,0,0,2,2,0,0,0,0,0,0,0,0,0,0,0,0,0,0,0,0,0,0,0,0,1,0,0,0,0,0,0,0,0,0,0,0,3,0,0,2,0,0,0,0,0,0,0,3,2,0,0,0,0,2,0,0,0,0,0,1,1,2,2,0,2,0,0,3,0,4,0,0,0,0,0,0,0,1,0,0,0,0,0,1,1,0,0,0,0,0,0,0,1,0,0,0,0,0,0,2,0,0,0,0,0,1,0,0,0,0,0,0,0,0,0,0,0,0,0,0,3,0,1,0,0,1,1,0,0,0,0,0,0,0,0,0,1,0,0,1,1,0,0,3,0,0,0,0,0,0,0,5,0,0,0,0,0,0,0
"cell182",0,0,0,2,2,2,1,0,1,0,0,0,3,0,0,0,0,0,0,0,0,0,0,0,0,0,0,8,2,0,0,0,0,0,0,0,0,1,2,0,0,0,2,1,0,0,0,0,0,0,0,0,0,0,0,0,0,1,0,0,0,2,0,0,0,0,0,0,3,0,0,0,0,0,0,0,0,0,0,0,1,0,2,0,0,0,0,0,1,0,0,0,0,0,0,0,2,0,3,1,0,0,1,0,1,0,0,0,0,0,0,0,0,0,0,0,0,0,2,0,1,0,0,3,0,0,0,1,3,0,0,0,2,0,0,0,0,0,0,0,2,0,0,0,0,0,0,0,0,0,0,0,0,2,0,1,0,2,0,0,1,0,0,0,0,0,1,0,0,0,1,4,0,0,0,0,0,0,0,0,0,3,2,0,0,0,0,0,0,0,0,0,2,0
"cell183",1,0,0,0,0,0,2,1,0,3,1,1,1,1,0,0,0,0,0,0,0,0,0,0,0,0,2,2,1,0,0,0,0,0,0,0,0,3,0,0,0,0,0,0,0,0,0,0,0,0,0,0,0,0,3,0,1,0,0,0,0,2,0,0,0,0,0,3,1,0,5,0,2,4,2,0,0,0,0,0,0,0,2,2,0,0,0,1,0,0,0,0,0,2,0,0,1,0,2,0,0,0,4,0,1,0,0,0,1,0,0,0,1,0,0,0,0,1,2,0,1,0,0,2,1,0,0,2,0,0,0,1,0,0,0,0,0,0,0,0,2,0,0,0,0,0,0,0,0,0,0,0,0,0,0,1,0,2,0,0,0,1,0,0,0,0,1,0,0,0,0,2,0,1,2,4,0,0,0,0,0,0,0,0,3,0,2,0,1,0,4,0,4,0
"cell184",2,3,3,0,0,3,0,4,0,2,1,2,0,0,0,0,0,0,0,2,2,4,2,0,0,0,0,0,0,0,0,0,0,0,0,0,0,1,0,0,0,0,1,0,0,0,0,0,0,0,0,0,0,0,1,0,2,2,0,3,0,2,0,0,0,0,0,1,0,3,0,0,0,1,0,0,0,0,0,0,0,0,0,0,3,0,0,0,0,0,0,0,0,0,0,0,2,2,0,0,0,0,4,0,2,0,0,0,1,0,0,0,0,0,0,1,0,3,0,1,0,0,1,2,0,0,5,0,0,0,0,0,2,0,2,0,0,0,0,0,5,0,0,0,0,0,0,0,0,0,0,0,2,2,0,0,0,0,0,0,1,1,0,0,0,0,5,2,0,0,0,0,0,1,1,6,0,0,2,0,0,2,0,0,2,0,1,0,2,0,0,0,0,0
"cell185",5,4,0,1,0,1,2,1,4,0,0,0,4,0,0,0,1,1,3,0,0,3,7,0,0,0,0,0,0,0,0,0,1,0,0,0,0,3,0,0,0,0,6,0,0,0,0,0,0,0,0,0,0,0,2,1,2,0,0,4,0,2,0,0,0,0,0,6,2,0,4,9,1,0,0,4,0,0,0,0,1,0,2,0,1,0,0,0,0,0,0,0,0,0,0,2,0,1,2,0,0,0,5,0,0,0,0,0,0,0,0,0,1,0,0,0,5,0,0,5,0,0,2,2,0,0,0,0,0,0,0,1,2,0,2,3,0,0,0,0,0,5,2,4,0,0,0,0,3,0,2,0,5,1,0,2,0,0,0,0,0,5,0,0,0,0,8,0,0,0,8,0,5,4,0,1,0,0,0,0,0,0,0,2,1,0,6,0,0,0,0,2,3,0
"cell186",4,7,0,2,5,3,10,5,6,4,0,2,7,7,0,0,0,0,1,1,0,7,2,0,2,0,0,0,0,0,3,0,3,2,0,0,0,0,0,0,0,0,3,0,0,0,0,0,0,0,0,0,0,0,2,2,0,0,10,0,0,0,1,6,0,0,0,1,2,0,4,3,3,0,3,0,4,3,0,2,5,3,9,4,2,0,5,0,0,0,0,0,0,0,0,4,0,9,2,8,0,0,0,0,6,0,0,0,10,0,8,0,5,0,0,0,5,0,0,6,4,0,3,8,0,5,5,0,0,0,0,8,11,0,7,3,0,0,0,0,0,0,3,6,0,0,4,1,0,0,2,3,9,4,0,0,0,0,0,0,0,0,0,4,0,0,0,1,3,0,2,0,5,2,6,5,0,0,0,2,3,0,0,0,0,5,0,0,1,0,0,5,8,2
"cell187",5,0,1,0,3,4,9,3,0,2,3,6,5,6,0,0,4,4,12,9,3,0,10,6,7,0,0,0,0,0,4,0,0,0,2,3,1,0,0,0,0,2,5,3,0,0,0,0,0,0,0,0,0,0,1,0,0,0,2,0,0,5,13,0,0,0,0,6,0,0,1,3,4,3,6,7,4,0,0,15,5,9,0,4,10,0,0,0,0,0,0,0,0,0,0,3,0,11,4,8,0,0,1,0,1,0,0,0,0,0,5,0,2,0,3,11,0,1,8,1,1,0,10,2,0,5,5,0,0,0,0,8,2,0,5,0,0,0,0,0,0,0,3,5,0,2,0,5,4,0,1,0,1,5,0,8,0,0,0,0,0,0,0,3,0,0,1,8,0,0,6,0,0,0,4,8,0,0,0,4,3,6,0,0,0,0,3,0,0,0,4,1,9,7
"cell188",1,1,0,1,0,2,3,4,7,1,1,2,2,0,0,0,0,1,0,1,2,4,0,0,0,0,0,0,0,0,0,0,0,0,0,0,0,0,0,0,0,0,3,1,0,0,0,0,0,0,0,0,0,0,0,3,0,0,0,2,0,0,0,0,0,0,0,0,3,2,1,1,0,2,3,0,0,0,0,0,0,0,2,0,3,0,0,0,1,0,0,0,0,0,3,2,2,2,1,0,0,0,0,0,0,0,0,0,3,0,0,0,0,0,0,0,0,2,0,1,2,0,7,2,0,2,1,0,0,0,0,0,0,0,3,3,0,0,0,0,1,0,0,0,0,0,0,0,2,0,0,2,0,1,0,1,0,0,0,0,2,2,0,1,0,0,5,2,1,0,0,2,0,0,3,0,0,0,0,0,0,0,0,0,0,0,3,0,0,0,1,0,0,0
"cell189",0,2,4,1,3,6,2,2,9,0,0,3,2,1,0,0,5,0,6,4,0,0,2,0,4,0,0,0,0,0,3,0,0,0,1,2,0,0,0,0,0,0,1,0,0,0,0,0,0,0,0,0,0,0,1,0,0,0,2,1,0,3,0,0,0,0,0,0,0,0,0,6,0,1,0,2,0,4,1,0,1,1,1,0,1,0,4,0,1,0,0,0,0,0,0,2,0,4,0,1,0,0,1,0,2,0,0,0,3,0,0,0,3,0,0,0,1,3,2,3,0,0,1,4,0,3,1,0,0,0,0,1,0,0,2,2,0,0,0,5,0,4,4,0,1,1,1,1,2,0,1,7,0,0,0,1,0,0,0,0,0,0,0,0,0,0,0,1,2,0,0,0,2,1,2,0,0,0,2,0,0,2,0,0,7,0,0,0,4,0,2,5,4,0
"cell190",0,1,0,6,2,3,1,0,5,0,5,2,2,0,0,0,3,4,2,4,0,0,7,3,0,0,0,0,0,0,0,2,0,0,0,0,3,0,0,0,0,0,0,0,0,0,0,0,0,0,0,0,0,0,7,0,0,0,1,0,0,1,3,0,0,0,0,0,2,0,0,1,6,4,0,0,2,3,3,9,1,0,3,5,3,0,0,0,0,0,0,0,0,0,0,2,0,2,3,0,0,0,10,0,1,0,0,0,1,0,0,0,0,0,0,8,0,0,4,7,6,0,3,8,0,4,3,0,0,0,0,2,2,0,0,1,0,0,0,4,0,2,7,3,3,5,1,2,4,0,0,6,2,0,0,7,0,0,0,3,9,0,0,3,0,0,2,3,1,0,0,0,3,5,4,2,0,0,1,2,8,0,0,0,0,0,2,0,3,0,4,0,5,2
"cell191",1,0,0,0,0,1,1,1,3,0,1,2,0,0,0,0,0,0,0,0,0,0,0,0,0,0,2,2,0,2,0,0,0,0,0,0,0,0,2,0,0,0,0,1,0,0,0,0,0,0,0,0,0,0,2,0,0,0,0,1,0,1,0,0,0,0,0,1,2,2,2,2,0,0,0,0,0,0,0,0,0,0,0,2,0,0,0,2,0,0,0,0,0,0,2,0,0,1,0,1,0,0,2,0,0,0,0,0,1,0,0,0,0,0,0,0,0,0,0,1,1,0,0,4,0,0,0,0,1,0,0,0,0,0,1,0,0,0,0,0,0,0,0,0,0,0,0,0,0,1,0,0,6,0,0,0,0,0,0,0,2,2,0,1,0,0,2,0,0,0,0,1,0,4,2,0,0,0,0,0,0,0,0,0,0,0,1,0,1,0,0,0,0,0
"cell192",1,3,0,1,1,3,3,0,0,1,2,0,0,1,0,0,0,0,0,0,0,0,0,0,0,0,2,0,4,0,0,0,0,0,0,0,0,2,2,0,0,0,0,0,0,0,0,0,0,0,0,0,0,0,2,0,0,0,0,0,0,1,0,0,0,0,0,0,0,0,1,0,0,0,0,0,0,0,0,0,0,0,1,2,0,0,0,0,0,0,0,0,0,0,0,0,2,0,2,1,0,0,1,0,0,0,0,0,2,0,0,0,0,0,0,0,0,2,0,1,0,0,1,0,0,0,0,2,3,0,0,1,4,0,1,0,0,0,0,0,2,0,0,0,0,0,0,0,0,0,0,0,2,0,0,2,0,0,0,0,3,0,0,1,0,0,1,0,0,0,0,1,0,1,2,0,0,0,1,0,0,1,2,0,2,0,1,0,0,0,0,0,0,0
"cell193",0,4,5,0,0,2,0,3,3,0,1,4,1,1,2,0,6,0,1,0,0,0,1,1,0,0,0,0,0,0,0,1,0,0,0,0,0,0,5,0,0,0,1,1,0,0,0,0,0,0,0,0,0,0,1,0,0,5,0,0,0,3,0,0,0,0,0,0,1,0,4,0,1,5,0,0,0,0,0,0,1,3,1,2,0,0,2,0,0,0,0,0,0,0,0,0,0,5,4,0,0,0,0,0,0,0,0,0,6,0,0,0,5,0,0,0,2,3,3,2,0,0,3,5,0,2,3,0,0,0,0,1,2,0,0,5,0,0,0,0,3,0,0,0,0,0,0,0,0,0,1,0,1,0,0,4,0,3,0,0,6,1,0,1,0,0,3,4,2,0,1,0,0,8,1,3,0,0,1,0,0,1,0,0,6,0,2,0,1,0,1,0,5,0
"cell194",4,0,2,1,1,3,4,0,6,0,2,5,3,2,0,0,0,0,0,0,0,0,3,8,0,0,0,0,0,0,0,0,0,0,0,0,0,0,3,0,0,0,1,4,0,0,0,0,0,0,0,0,0,0,4,3,0,0,0,1,0,0,0,0,0,0,0,4,0,7,0,0,5,2,2,0,0,2,0,0,2,2,7,0,4,0,2,0,0,0,0,0,0,0,0,0,0,3,3,0,0,0,0,0,1,0,0,0,0,0,0,0,3,0,0,0,0,0,0,1,0,0,0,4,0,2,4,0,0,0,0,0,0,0,5,0,0,0,0,1,0,1,0,6,2,0,0,3,7,0,1,7,4,0,0,0,0,0,0,0,0,4,0,1,0,0,1,2,0,0,3,0,0,0,1,6,0,0,0,0,0,2,0,0,0,0,2,0,0,0,3,0,0,0
"cell195",0,1,0,1,2,0,2,0,0,0,0,2,0,0,0,0,0,0,0,0,0,0,0,0,0,0,0,0,1,0,0,0,0,0,0,0,0,1,0,0,0,0,0,0,0,0,0,0,0,0,0,0,0,0,0,0,0,0,0,0,0,0,0,0,0,0,0,1,1,0,0,0,1,0,0,0,0,0,0,0,0,0,0,0,0,0,0,0,0,0,0,0,0,2,1,0,1,0,0,0,0,0,0,0,0,0,0,0,1,0,0,0,0,0,0,0,0,2,0,2,0,0,2,0,0,0,0,2,1,0,0,0,0,0,0,0,0,0,0,0,0,0,0,0,0,0,0,0,0,0,0,0,0,0,0,1,0,0,0,0,0,0,0,0,0,0,0,0,0,0,0,0,0,1,0,0,0,0,1,0,0,1,0,0,0,0,0,0,0,0,1,0,1,0
"cell196",1,0,1,5,0,3,1,0,2,4,0,0,0,0,0,0,2,2,3,0,0,0,0,1,0,0,0,0,0,0,0,0,0,0,0,0,0,0,0,0,0,0,1,0,0,0,0,0,0,0,0,0,0,0,2,1,1,0,0,0,0,2,0,0,0,0,0,0,0,1,0,3,1,0,0,0,0,0,0,0,1,0,1,0,0,0,0,0,0,0,0,0,0,0,0,3,3,2,5,1,0,0,0,0,1,0,0,0,3,0,0,0,0,0,0,0,1,3,2,4,0,0,0,1,0,0,0,2,0,0,0,4,2,0,2,0,0,0,0,0,0,0,0,0,0,0,0,0,0,0,1,2,2,0,0,0,0,4,0,0,0,0,0,3,0,0,1,3,2,0,0,0,0,1,1,2,0,0,0,0,0,0,0,0,1,0,0,0,0,0,0,0,1,0
"cell197",0,0,0,0,2,0,3,1,1,0,0,0,0,0,1,0,0,0,0,0,0,0,0,0,0,0,4,0,0,0,0,0,0,0,0,0,0,0,0,0,0,0,0,0,0,0,0,0,0,0,0,0,0,0,3,0,1,0,0,1,0,0,0,0,0,0,0,3,0,4,0,6,2,1,0,0,0,0,0,0,0,0,0,0,0,0,0,3,0,0,0,0,0,0,2,1,0,1,0,0,0,0,0,0,1,0,0,0,3,0,0,0,0,0,0,0,0,0,0,0,0,0,2,2,0,0,0,2,0,0,0,1,0,0,3,2,0,0,0,0,0,0,0,0,0,0,0,0,0,1,0,0,2,0,0,0,0,0,0,0,0,1,0,0,0,0,2,0,0,0,3,1,0,0,1,2,0,0,1,0,0,2,0,0,1,0,1,0,2,0,0,0,1,0
"cell198",2,1,0,8,4,1,2,0,2,1,0,5,0,2,2,0,0,2,1,2,4,0,3,1,0,0,0,0,0,0,0,0,0,0,0,0,0,1,0,0,0,0,0,2,0,0,0,0,0,0,0,0,0,0,0,1,0,0,0,5,0,0,0,0,0,0,0,0,5,0,0,1,0,4,0,0,0,0,0,0,0,0,0,0,0,0,2,0,1,0,0,0,0,2,1,0,2,1,1,1,0,0,1,0,2,0,0,0,1,0,0,0,0,0,0,1,2,0,1,2,3,0,1,1,0,0,5,0,0,0,0,0,0,0,1,0,0,0,0,0,0,0,0,0,0,0,0,0,1,0,3,1,4,2,0,3,0,0,0,0,0,1,0,1,0,1,1,5,3,0,1,3,0,0,0,3,0,0,0,0,0,0,2,0,0,0,1,0,1,0,0,0,0,0
"cell199",1,0,0,0,1,1,3,3,1,0,1,2,3,1,0,0,0,2,0,1,4,0,2,2,0,0,0,0,0,0,0,0,0,0,0,0,0,5,3,0,0,0,0,7,0,0,0,0,0,0,0,0,0,0,1,0,0,2,0,0,0,2,0,0,0,0,0,0,0,3,0,2,0,2,0,0,0,0,0,0,2,0,1,2,4,0,1,0,0,0,0,0,0,0,0,1,1,0,8,2,0,0,2,0,1,0,0,0,1,0,0,0,0,0,0,0,0,1,2,1,0,0,2,2,0,0,0,0,0,0,0,0,2,0,0,0,0,0,1,0,2,2,0,0,0,0,0,0,0,0,0,2,0,0,0,0,0,0,0,0,1,6,0,1,0,0,0,3,0,0,0,0,2,5,3,1,0,0,0,0,0,2,1,0,3,0,1,0,2,0,2,0,2,0
"cell200",1,1,0,0,0,1,0,0,1,2,0,3,1,0,0,0,0,0,0,0,0,0,0,0,0,1,1,5,2,1,0,0,0,0,0,0,0,0,0,0,0,0,0,0,0,0,0,0,0,0,0,0,0,0,2,0,1,0,0,0,0,0,0,0,0,0,0,3,0,0,0,2,0,0,3,0,0,0,0,0,2,0,4,2,0,0,0,2,0,0,0,0,0,1,0,0,1,0,1,0,0,0,2,0,1,0,0,0,2,0,0,0,0,0,0,0,2,0,0,1,0,0,1,0,0,0,0,0,1,0,0,0,0,0,0,1,0,0,0,0,1,0,0,0,0,0,0,0,0,1,0,0,0,0,0,0,0,1,0,0,0,0,0,2,0,0,2,0,0,0,0,2,0,0,3,0,0,0,0,0,0,2,0,0,0,0,2,0,0,0,2,0,0,0
"cell201",4,15,0,5,3,0,0,4,9,5,3,0,0,0,0,0,3,0,4,0,0,3,0,6,2,0,0,0,0,0,3,0,0,6,2,0,4,0,0,0,0,0,8,0,0,0,0,4,0,0,0,0,0,0,5,2,0,0,1,0,0,2,4,0,0,0,0,1,2,0,1,0,2,4,4,3,0,3,5,5,0,0,0,7,1,0,0,0,0,0,0,0,0,0,0,12,0,1,2,0,0,0,13,0,1,0,0,0,0,0,0,0,2,0,2,3,3,0,5,2,1,0,13,1,0,1,12,0,0,0,0,9,2,0,1,0,0,0,0,15,0,0,3,5,0,2,8,2,6,0,0,5,1,2,0,0,0,0,0,0,7,0,0,1,0,3,4,6,0,0,5,0,3,0,1,4,0,0,1,1,2,5,2,0,0,0,2,0,3,0,0,7,3,0
"cell202",0,0,0,1,0,3,1,0,1,2,0,2,2,1,0,0,0,0,2,1,0,3,1,1,2,0,0,0,0,0,0,0,0,0,0,0,0,1,6,0,0,0,0,2,0,0,0,0,0,0,0,0,0,0,1,0,0,1,0,2,0,1,0,0,0,0,0,0,2,0,0,3,4,3,0,0,0,0,0,0,4,1,2,1,2,0,0,0,0,0,0,0,0,0,0,1,2,1,7,0,0,0,2,0,4,0,0,0,0,0,0,0,4,0,0,1,2,3,6,0,0,1,1,2,0,3,4,0,0,0,0,0,0,0,6,1,0,0,0,0,4,2,0,0,0,0,0,0,1,0,2,1,0,0,0,0,0,0,0,0,0,4,0,1,0,0,6,4,0,0,1,1,0,0,1,4,0,0,1,0,0,2,0,0,0,0,0,0,2,0,3,0,0,0
"cell203",2,1,0,4,1,5,0,2,6,5,2,0,0,0,0,0,4,3,0,2,3,0,1,0,2,0,0,0,0,0,1,0,0,0,0,2,0,2,5,0,0,0,4,11,0,0,0,0,0,0,0,0,0,0,0,0,0,2,0,0,0,0,1,1,0,0,0,2,5,0,1,1,0,1,3,0,0,5,0,0,5,1,0,3,1,0,0,0,3,0,0,0,0,0,0,1,0,3,7,0,0,0,2,0,0,0,0,0,1,0,0,0,1,0,0,0,0,0,0,1,2,0,1,0,0,0,7,0,0,0,0,1,1,0,9,0,0,0,0,0,0,0,1,1,0,0,2,1,1,0,1,0,2,1,0,0,0,0,1,2,0,2,0,1,0,0,1,4,1,0,1,0,3,2,2,6,0,0,0,0,2,0,0,0,0,0,7,0,0,0,4,0,7,0
"cell204",0,0,1,0,1,0,0,3,2,5,2,0,0,0,0,0,0,3,5,0,3,2,0,1,1,0,0,0,0,0,0,0,0,0,0,0,0,3,0,0,0,0,2,0,0,0,0,0,0,0,0,0,0,0,3,0,0,0,0,0,0,3,0,0,0,0,0,1,1,0,0,0,0,0,2,0,0,0,0,0,0,4,0,0,0,0,0,0,3,0,0,0,0,2,0,0,0,1,1,4,0,0,4,0,0,0,0,0,1,0,0,0,2,0,0,0,0,0,2,2,1,0,1,0,0,1,0,0,0,0,0,2,1,0,1,0,0,0,0,0,1,0,0,0,0,0,0,0,0,0,2,2,0,0,0,0,0,2,0,0,1,0,0,2,0,0,3,1,0,0,0,2,2,0,2,1,0,0,0,0,0,0,0,0,0,0,0,0,1,0,0,0,2,0
"cell205",1,2,1,1,1,1,0,0,0,0,2,1,0,0,0,0,1,0,0,0,0,0,0,0,0,0,4,0,2,1,0,0,0,0,0,0,0,0,0,0,0,0,0,1,0,0,0,0,0,0,0,0,0,0,4,0,2,1,0,0,0,0,0,0,0,0,0,3,1,0,0,2,1,0,0,0,0,0,0,0,5,0,4,2,0,0,0,0,0,0,0,0,0,1,1,0,0,1,0,0,0,0,0,0,3,0,0,0,0,0,0,0,0,0,0,0,1,3,0,0,1,0,1,1,0,0,0,1,0,0,0,2,3,0,1,2,0,0,0,0,1,0,0,0,0,0,0,0,0,2,0,0,0,0,0,2,0,0,0,0,0,0,0,2,0,0,1,0,0,0,1,0,0,0,3,1,0,0,0,0,0,2,1,0,2,0,0,0,2,0,2,0,3,0
"cell206",2,0,0,3,3,4,2,0,2,1,1,3,0,0,0,0,0,0,0,0,3,0,0,0,0,0,1,1,0,0,0,0,0,0,0,0,0,2,3,0,0,0,0,0,0,0,0,0,0,0,0,0,0,0,0,0,1,0,0,0,0,1,0,0,0,0,0,0,0,1,5,2,2,0,1,0,0,0,0,0,1,0,1,0,0,0,0,0,1,0,0,0,0,1,0,0,1,2,4,0,0,0,0,0,0,0,0,0,2,0,0,0,0,0,0,0,1,1,2,2,0,0,0,0,0,0,0,2,1,0,0,2,6,0,2,0,0,0,4,0,5,0,0,0,0,0,0,0,2,0,0,0,0,1,0,0,0,0,0,0,1,1,0,4,0,0,0,1,0,0,3,1,0,2,0,0,0,0,0,0,0,0,0,0,0,0,0,0,1,0,0,0,1,0
"cell207",0,0,0,0,3,3,7,0,4,0,0,5,1,1,0,0,0,0,3,0,1,0,0,2,4,0,0,0,0,0,1,1,0,0,0,0,0,7,4,0,0,0,6,8,0,0,0,0,0,0,0,0,0,0,0,6,3,0,0,0,0,5,0,0,0,0,0,5,0,3,2,2,1,0,0,0,0,0,0,0,1,1,0,1,4,0,0,0,0,0,0,0,0,0,0,3,0,0,3,1,0,0,3,0,0,0,0,0,2,0,0,0,0,0,0,0,0,2,5,1,0,0,3,1,0,0,3,0,0,0,0,5,0,0,7,0,0,0,0,4,0,0,1,3,6,0,0,2,1,0,3,2,1,1,0,0,0,0,0,0,1,1,0,0,0,0,1,0,4,0,3,1,1,2,0,5,0,0,1,0,1,0,1,0,5,0,0,0,1,0,6,0,4,0
"cell208",0,1,0,1,0,0,2,1,0,1,0,0,0,0,0,0,0,0,0,0,0,0,0,0,0,0,0,2,0,0,0,0,0,0,0,0,0,2,0,0,0,0,0,1,0,0,0,0,0,0,0,0,0,0,2,0,2,1,0,2,0,1,0,0,0,0,0,0,0,0,2,0,0,2,3,0,0,0,0,0,0,0,3,2,0,0,0,0,1,0,0,0,0,0,1,1,3,0,0,0,0,0,1,0,2,0,0,0,0,0,0,0,0,0,0,0,0,0,0,0,2,0,0,2,0,0,0,2,0,0,0,2,0,0,0,0,0,0,0,0,0,0,0,0,0,0,0,0,0,1,0,0,3,1,0,1,0,1,0,0,0,0,0,2,0,0,0,0,0,0,1,0,0,1,2,3,0,0,0,0,0,0,1,0,0,0,0,0,3,0,0,0,1,0
"cell209",2,0,1,1,2,0,2,0,3,0,0,0,1,1,0,0,0,2,0,0,1,3,1,1,0,0,0,0,1,1,0,0,0,0,0,0,0,0,1,0,0,0,0,0,0,0,0,0,0,0,0,0,0,0,0,0,0,0,0,0,0,0,0,0,0,0,0,4,3,0,0,1,3,0,0,0,0,0,0,0,0,0,3,6,0,0,0,0,0,0,0,0,0,1,3,3,0,0,4,0,0,0,0,0,1,0,0,0,1,0,0,0,0,0,0,1,1,0,0,4,1,0,0,1,0,0,0,0,0,0,0,1,0,0,2,1,0,0,0,0,1,0,0,0,0,0,0,0,0,0,1,0,0,0,0,2,0,0,0,0,0,0,0,1,0,0,0,6,0,0,3,2,0,0,0,1,0,0,3,0,0,1,0,0,3,0,0,0,0,0,1,0,1,0
"cell210",4,1,0,5,1,0,2,2,2,1,0,1,2,0,2,0,0,0,2,6,0,2,2,4,3,0,0,0,0,0,0,0,0,0,0,0,0,2,0,0,0,0,0,2,0,0,0,0,0,0,0,0,0,0,0,0,0,0,0,1,0,2,0,0,0,0,0,0,0,0,2,0,0,0,0,0,0,0,0,0,1,0,0,0,2,0,5,0,2,0,0,0,0,0,6,0,0,0,1,3,0,0,0,0,1,0,0,0,0,0,0,0,0,0,0,0,1,4,3,3,1,0,3,0,0,0,0,0,0,0,0,0,0,0,2,0,0,0,1,0,1,0,0,0,0,0,0,0,6,0,0,1,0,4,0,0,0,2,0,0,1,1,0,0,0,0,0,3,0,0,0,2,2,1,5,1,0,0,1,0,0,3,0,0,1,0,2,0,0,0,0,0,1,0
"cell211",0,0,0,2,0,0,0,2,0,0,0,1,1,0,3,0,0,0,0,0,0,0,0,0,0,0,1,0,0,1,0,0,0,0,0,0,0,0,3,0,0,0,0,4,0,0,0,0,0,0,0,0,0,0,2,0,1,1,0,0,0,1,0,0,0,0,0,2,0,2,4,1,2,1,1,0,0,0,0,0,2,0,1,1,0,0,0,3,0,0,0,0,0,0,5,1,0,0,0,0,0,0,0,0,0,0,0,0,5,0,0,0,1,0,0,0,0,0,0,1,0,0,0,0,0,0,0,0,2,0,0,0,0,0,0,1,0,0,0,0,1,0,0,0,0,0,0,0,0,2,0,0,0,0,0,2,0,0,0,0,1,1,0,1,0,0,1,0,0,0,0,0,0,1,0,2,0,0,1,0,0,0,0,0,0,0,1,0,2,0,0,0,0,0
"cell212",0,1,2,2,1,1,0,0,1,1,5,0,4,0,0,0,0,1,0,2,1,0,1,0,0,0,0,0,0,0,0,0,0,0,0,0,0,4,3,0,0,0,1,0,0,0,0,0,0,0,0,0,0,0,0,0,0,0,0,1,0,0,0,0,0,0,0,0,2,2,0,1,2,0,0,0,0,0,0,0,1,0,0,1,0,0,2,0,3,0,0,0,0,2,5,2,5,1,0,2,0,0,1,0,0,0,0,0,0,0,0,0,1,0,0,0,0,3,2,4,0,0,3,0,0,0,3,0,0,0,0,3,5,0,1,0,0,0,0,0,8,0,0,0,0,0,0,0,0,0,2,1,3,2,0,2,0,0,0,0,2,1,0,2,0,0,2,3,2,0,0,0,0,1,4,7,0,0,1,0,0,2,0,0,3,0,1,0,0,0,0,0,0,0
"cell213",1,1,0,2,0,0,0,3,0,0,0,0,0,0,0,0,0,0,0,0,0,0,0,0,0,0,2,3,1,0,0,0,0,0,0,0,0,0,2,0,0,0,0,0,0,0,0,0,0,0,0,0,0,0,0,0,0,1,0,2,0,0,0,0,0,0,0,0,1,1,0,0,0,0,1,0,0,0,0,0,1,0,0,1,0,0,0,0,0,0,0,0,0,0,1,1,0,1,0,0,0,0,0,0,0,0,0,0,0,0,0,0,0,0,0,0,0,1,1,0,0,0,1,0,0,0,0,0,0,0,0,1,2,0,0,0,0,0,0,0,0,0,0,0,0,0,0,0,0,0,0,0,0,4,0,0,0,3,0,0,1,0,0,0,0,0,0,0,0,0,0,0,0,3,0,0,0,0,0,0,0,0,1,0,3,0,0,0,1,0,0,0,1,0
"cell214",1,0,1,1,0,1,0,0,2,0,0,1,1,0,0,0,0,0,0,0,0,0,0,0,0,0,0,5,0,0,0,0,0,0,0,0,0,0,0,0,0,0,0,0,0,0,0,0,0,0,0,0,0,0,2,0,0,0,0,0,0,0,0,0,0,0,0,2,0,0,0,0,2,0,1,0,0,0,0,0,0,0,0,0,0,0,0,0,1,0,0,0,0,1,1,0,0,2,2,0,0,0,0,0,0,0,0,0,0,0,0,0,1,0,0,0,0,0,1,1,0,0,0,0,0,0,0,0,0,0,0,1,0,0,0,0,0,0,0,0,2,0,0,0,0,0,0,0,0,1,0,0,1,0,0,0,0,0,0,0,3,2,0,1,0,1,2,0,0,0,2,0,0,0,1,0,0,0,0,0,0,0,1,0,0,0,0,0,0,0,0,0,0,0
"cell215",0,0,1,2,0,0,0,1,0,0,0,0,1,0,0,0,0,0,0,0,0,0,0,0,0,2,4,0,0,0,0,0,0,0,0,0,0,3,1,0,0,0,2,8,0,0,0,0,0,0,0,0,0,0,1,0,1,0,0,0,0,3,0,0,0,0,0,0,1,3,0,0,2,0,1,0,0,0,0,0,0,0,2,1,0,0,0,2,0,0,0,0,0,0,3,1,0,0,0,0,0,0,1,0,0,0,0,0,2,0,0,0,1,0,0,0,0,1,0,5,0,0,1,0,0,0,0,0,0,0,0,0,1,0,0,3,0,0,0,0,2,0,0,0,0,0,0,0,0,2,0,0,1,2,0,0,0,0,0,0,1,2,0,0,0,0,2,0,0,0,0,0,0,2,0,1,0,0,0,0,0,0,0,0,0,0,0,0,0,0,0,0,0,0
"cell216",2,4,0,4,2,5,0,11,6,0,3,5,4,2,0,0,2,4,2,0,0,5,10,0,8,0,0,0,0,0,12,0,0,0,6,0,0,0,0,2,0,0,0,0,0,0,0,0,0,0,0,0,0,0,17,2,0,0,4,0,0,6,8,10,0,0,0,7,4,0,3,12,4,8,5,5,17,0,8,6,7,11,0,0,0,0,7,0,0,0,0,0,0,0,0,11,0,0,5,1,0,0,7,0,0,0,0,0,6,0,12,0,3,0,3,3,9,0,0,17,0,0,12,3,5,7,6,0,0,0,0,2,12,0,11,7,0,0,0,12,0,0,10,0,3,2,6,2,2,0,2,0,11,13,0,7,0,3,0,0,8,0,10,4,0,6,4,11,0,0,4,0,6,0,0,18,0,0,0,7,4,10,0,0,0,0,0,0,0,0,0,8,6,3
"cell217",0,0,2,0,1,0,0,2,0,0,0,0,0,1,0,0,0,0,0,1,1,1,0,0,2,0,0,0,0,0,0,0,0,0,0,0,0,4,0,0,0,0,3,0,0,0,0,0,0,0,0,0,0,0,1,6,0,0,0,2,0,2,0,0,0,0,0,0,0,1,1,2,2,5,0,0,0,0,0,0,1,8,2,5,0,0,0,0,0,0,0,0,0,0,0,0,0,0,1,0,0,0,5,0,1,0,0,0,3,0,0,0,0,0,0,1,1,1,0,2,5,0,0,4,0,3,0,0,0,0,0,0,0,0,2,0,0,0,0,0,1,0,0,0,0,0,0,0,1,0,0,0,2,1,0,0,0,0,0,0,0,0,0,0,0,0,2,1,0,0,0,0,0,0,0,6,0,0,0,0,0,0,0,0,0,0,0,0,2,0,0,0,5,0
"cell218",0,2,6,1,0,1,0,3,3,2,0,2,4,0,0,0,3,0,2,1,2,2,3,3,0,0,0,0,0,0,1,0,0,0,0,0,0,1,3,0,0,0,3,4,0,0,0,0,0,0,0,0,0,0,1,1,0,4,0,4,0,1,0,0,0,0,0,3,0,4,3,0,1,7,1,0,0,0,0,0,2,5,2,6,2,0,0,0,2,0,0,0,0,0,0,2,0,2,4,3,0,0,4,0,1,0,0,0,1,0,0,0,0,0,0,1,0,7,4,7,0,0,1,0,0,0,2,0,0,0,0,1,0,0,0,0,0,0,0,0,1,1,2,2,0,0,1,4,0,0,1,4,4,0,0,2,0,0,0,0,0,2,0,1,0,0,1,1,0,0,0,0,3,4,1,4,0,0,2,0,0,0,0,0,0,0,5,0,0,0,0,0,6,0
"cell219",0,2,2,0,2,1,3,0,1,1,2,3,1,0,0,0,0,0,1,3,0,1,4,4,3,0,0,0,0,0,0,0,2,0,0,0,3,3,9,0,0,0,1,1,0,1,1,0,0,0,0,0,0,0,10,2,0,0,0,1,0,1,0,0,0,0,0,0,0,3,1,0,1,0,5,1,0,0,0,0,1,1,0,2,7,0,0,0,4,0,0,0,0,0,0,0,0,0,5,5,0,0,0,0,3,0,0,0,0,0,0,0,2,0,0,0,6,0,0,4,0,0,1,1,0,2,0,0,0,0,0,2,5,0,4,1,0,0,0,4,2,1,0,1,1,0,2,1,1,0,1,0,0,2,0,1,0,0,0,0,0,1,0,2,0,0,5,0,3,0,5,0,3,5,0,1,0,0,2,0,0,6,0,0,1,0,1,0,0,0,4,0,0,0
"cell220",2,0,0,1,0,0,1,4,2,0,0,0,3,0,0,0,2,2,2,0,0,0,1,0,2,0,0,0,0,0,0,0,0,0,0,0,0,0,5,0,0,0,0,0,0,0,0,0,0,0,0,0,0,0,1,0,0,0,0,0,0,1,0,0,0,0,0,0,4,0,0,1,0,2,0,0,0,0,0,0,0,3,8,4,3,0,2,0,0,0,0,0,0,1,0,2,0,0,2,0,0,0,0,0,3,0,0,0,3,0,0,0,2,0,0,0,0,1,1,4,3,0,0,1,0,2,0,0,0,0,0,2,0,0,3,2,0,0,0,0,1,0,0,0,0,0,0,0,4,0,0,3,0,1,0,1,0,3,0,0,3,0,0,0,0,0,0,3,0,0,0,0,1,1,8,3,0,0,0,0,0,0,0,0,0,0,0,0,0,0,0,0,0,0
"cell221",0,8,5,5,0,0,0,10,6,0,2,7,3,0,0,3,2,3,0,0,2,7,11,8,0,0,0,0,0,0,5,0,0,0,0,0,0,0,1,0,2,2,4,2,0,0,0,0,0,0,0,0,0,0,0,6,0,0,7,0,0,5,4,5,0,0,0,0,4,0,7,4,8,7,0,0,2,6,0,4,2,5,6,0,2,0,0,0,0,0,0,0,0,0,0,3,0,0,10,0,0,0,6,0,5,0,0,0,7,0,6,0,0,0,1,0,3,4,0,0,0,0,0,2,7,5,12,0,0,0,0,0,9,0,3,1,0,0,0,8,0,4,0,0,0,0,0,3,3,0,0,10,0,7,0,6,0,0,0,0,1,0,10,2,0,0,12,6,0,0,0,0,0,3,0,6,0,0,0,4,0,0,0,1,0,0,0,0,2,0,1,10,3,2
"cell222",0,0,0,2,0,0,4,1,1,0,0,7,3,4,0,0,3,0,2,2,1,0,2,5,0,0,0,0,0,0,0,0,3,0,3,0,0,0,0,0,0,0,1,2,0,0,0,0,0,0,0,0,0,0,2,5,0,0,0,5,0,7,4,5,0,0,0,2,0,0,0,2,4,3,3,3,0,2,2,4,1,1,0,5,4,0,0,0,0,0,0,0,0,0,0,1,0,6,5,0,0,0,8,0,0,0,0,0,5,0,0,0,0,0,4,4,3,1,5,0,0,0,1,0,0,2,14,0,0,0,0,2,0,0,0,0,0,0,0,0,0,1,1,6,3,1,7,1,0,0,0,4,3,5,0,2,0,0,0,0,0,1,6,1,0,2,0,4,4,0,2,0,6,4,2,6,0,0,0,2,4,9,0,0,5,0,0,0,2,0,1,2,8,0
"cell223",1,1,0,1,0,6,0,0,0,4,0,2,0,4,0,0,0,0,2,2,0,3,1,0,0,0,0,0,0,0,0,0,0,0,0,0,0,1,1,0,0,0,0,0,0,0,0,0,0,0,0,0,0,0,2,0,0,0,0,0,0,4,0,0,0,0,0,3,0,0,5,2,0,5,0,0,0,0,0,0,2,0,0,2,1,0,0,0,0,0,0,0,0,0,0,0,1,5,0,0,0,0,1,0,1,0,0,0,4,0,0,0,1,0,0,0,2,0,6,0,0,0,0,1,0,0,0,0,0,0,0,1,0,0,3,0,0,0,0,0,0,0,0,0,0,0,0,0,3,0,1,0,2,1,0,7,0,4,0,0,0,0,0,2,2,0,0,1,1,0,0,0,0,2,0,9,0,0,2,0,0,0,0,0,0,0,0,0,11,0,1,0,0,0
"cell224",0,2,0,2,1,0,0,1,1,2,0,1,1,2,0,0,0,0,0,0,2,0,0,0,0,1,0,1,4,0,0,0,0,0,0,0,0,1,0,0,0,0,1,0,0,0,0,0,0,0,0,0,0,0,0,0,0,0,0,0,0,0,0,0,0,0,0,0,1,2,1,2,1,2,0,0,0,0,0,0,0,0,0,3,0,0,0,0,1,0,0,0,0,0,4,0,2,0,1,0,0,0,0,0,1,0,0,0,0,0,0,0,0,0,0,1,0,0,1,0,0,0,0,4,0,0,0,0,4,0,0,0,2,0,0,0,0,0,0,0,0,0,0,0,0,0,0,0,0,0,0,0,1,2,0,1,0,1,0,0,1,2,0,1,0,0,0,0,0,0,0,0,0,0,1,0,0,0,0,0,0,0,0,0,2,0,0,0,0,0,0,0,1,0
"cell225",0,0,5,1,0,1,3,0,6,0,1,0,0,4,0,0,0,1,5,1,0,0,0,0,0,0,0,0,0,3,0,0,0,0,0,0,0,0,1,0,0,0,0,0,0,0,0,0,0,0,0,0,0,0,4,0,0,3,0,3,0,0,0,0,0,0,0,0,0,3,0,4,0,2,0,0,0,0,0,0,0,0,1,5,0,0,0,0,0,0,0,0,0,0,0,0,6,1,1,1,0,0,3,0,1,0,0,0,0,0,0,0,0,0,0,0,0,3,1,0,0,0,0,2,0,0,0,0,0,0,0,1,0,0,0,1,0,0,0,0,0,0,0,0,0,0,0,0,1,0,0,0,0,0,0,1,0,5,0,0,4,5,0,0,0,0,0,1,0,0,2,0,0,3,0,0,0,0,2,0,0,2,0,0,2,0,3,0,0,0,1,0,0,0
"cell226",0,2,0,1,0,1,0,1,0,0,0,1,0,1,2,1,0,0,0,0,0,0,0,0,0,0,0,0,1,4,0,0,0,0,0,0,0,0,2,0,0,0,0,1,0,0,0,0,0,0,0,0,0,0,6,0,1,0,0,0,0,1,0,0,1,0,0,1,1,2,2,2,0,0,0,0,0,0,0,0,4,0,3,4,0,0,0,5,0,0,0,0,0,1,1,2,1,0,2,3,0,0,1,0,0,0,0,0,0,0,0,0,0,0,0,0,0,0,1,3,2,0,1,1,0,0,0,2,2,0,0,0,3,0,2,1,0,0,1,0,3,0,0,0,0,0,0,0,0,0,0,0,3,4,0,0,0,6,0,0,0,0,0,0,0,0,1,0,0,0,3,1,0,0,0,0,0,0,0,0,0,8,0,0,2,0,0,0,0,0,2,0,0,0
"cell227",3,0,0,3,1,3,6,5,1,2,0,6,0,0,0,0,0,0,0,0,2,2,4,3,3,0,0,0,0,0,0,0,0,0,0,0,0,0,0,0,0,0,0,4,0,0,0,0,0,0,0,0,0,0,7,4,0,0,0,3,0,4,2,0,0,0,0,6,1,0,1,1,0,3,1,1,7,2,5,7,0,1,4,6,0,0,2,0,7,0,0,0,0,0,0,4,2,2,6,0,0,0,3,0,1,0,0,0,0,0,0,0,5,0,0,0,0,2,2,4,0,0,2,1,0,3,1,0,0,0,0,0,6,0,1,0,0,0,0,0,0,1,4,2,0,4,3,0,2,0,0,0,2,4,0,0,0,0,1,0,1,1,0,12,0,0,1,9,0,0,2,0,6,5,2,4,0,0,0,1,0,1,2,0,2,0,0,0,0,0,3,1,5,1
"cell228",2,2,1,0,4,0,3,3,1,0,0,0,0,2,0,0,0,0,3,0,0,0,1,0,0,0,0,0,0,0,0,0,0,0,0,0,0,0,2,0,0,0,2,0,0,0,0,0,0,0,0,0,0,0,2,0,0,2,0,2,0,1,0,0,0,0,0,0,0,2,2,2,0,3,0,0,0,0,0,0,1,0,2,2,0,0,2,0,0,0,0,0,0,1,4,1,3,2,4,3,0,0,2,0,0,0,0,0,0,0,0,0,2,0,0,0,0,0,0,1,3,0,7,2,0,3,4,0,0,0,0,2,3,0,2,1,0,0,3,0,1,0,0,0,0,0,0,0,0,0,3,3,0,2,0,0,0,0,0,0,0,0,0,1,0,0,0,2,0,0,2,0,0,2,0,0,0,0,1,0,0,0,0,0,0,0,0,0,0,0,2,0,5,0
"cell229",7,2,0,0,2,1,7,0,2,0,2,2,1,0,0,0,0,0,2,2,1,3,0,0,0,0,0,0,0,0,0,0,0,0,0,0,0,2,1,0,0,0,3,0,0,0,0,0,0,0,0,0,0,0,5,0,0,3,0,2,0,4,0,0,0,0,0,4,0,3,0,1,2,4,2,0,0,0,0,0,0,1,0,1,0,0,4,0,0,0,0,0,0,0,1,0,0,2,2,1,0,0,1,0,7,0,0,0,5,0,0,0,0,0,0,0,0,4,2,4,1,0,0,3,0,3,6,0,0,0,0,0,3,0,1,4,0,0,0,0,3,0,0,0,0,0,0,0,0,0,0,0,0,0,0,1,0,7,0,0,1,3,0,3,0,0,0,5,0,0,3,0,1,1,4,4,0,0,3,0,0,2,2,0,2,0,2,0,1,0,1,0,3,0
"cell230",2,0,1,0,0,1,0,1,4,0,1,0,0,0,0,0,0,0,0,0,0,0,0,0,0,0,1,1,1,0,0,0,0,0,0,0,0,1,0,0,0,0,0,0,0,0,0,0,0,0,0,0,0,0,2,0,0,0,0,0,0,0,0,0,0,0,0,0,0,3,3,0,1,3,1,0,0,0,0,0,0,0,0,0,0,0,0,3,0,0,0,0,0,2,0,0,1,1,0,4,0,0,0,0,0,0,0,0,0,0,0,0,0,0,0,1,1,0,1,6,0,0,0,0,0,0,0,2,0,0,0,2,1,0,1,0,0,0,0,0,1,0,0,0,0,0,0,0,0,0,0,0,0,2,0,2,0,0,0,0,2,0,0,1,0,0,0,0,0,0,0,0,0,1,0,0,0,0,0,0,0,0,2,0,1,0,0,0,0,0,5,0,4,0
"cell231",3,0,1,0,0,1,1,0,3,0,0,3,0,0,0,0,0,0,0,0,0,0,0,0,0,0,0,0,0,1,0,0,0,0,0,0,0,0,1,0,0,0,1,2,0,0,0,0,0,0,0,0,0,0,1,0,3,0,0,0,0,0,0,0,0,0,0,0,0,0,0,0,0,3,0,0,0,0,0,0,2,0,0,1,0,0,0,0,0,0,0,0,0,0,2,2,0,1,2,0,0,0,3,0,1,0,0,0,1,0,0,0,0,0,0,0,3,1,0,1,0,0,0,3,0,0,0,4,0,0,0,0,0,0,1,0,0,0,0,0,1,0,0,0,0,0,0,0,0,0,0,0,1,3,0,1,0,1,0,0,2,2,0,1,0,0,0,0,0,0,0,4,0,1,1,0,0,0,1,0,0,0,2,0,0,0,3,0,1,0,0,0,0,0
"cell232",0,0,3,0,5,0,0,2,2,0,0,0,0,1,0,0,0,0,4,0,0,0,0,0,1,0,0,0,0,0,0,0,0,0,0,0,0,2,0,0,0,0,0,1,0,0,0,0,0,0,0,0,0,0,2,5,0,0,0,0,0,1,0,0,0,0,0,0,0,0,1,0,1,3,0,0,0,0,0,0,4,1,1,3,1,0,0,0,0,0,0,0,0,0,0,0,0,0,2,0,0,0,7,0,1,0,0,0,3,0,0,0,0,0,0,1,2,1,0,4,2,0,1,7,0,2,3,0,0,0,0,1,0,0,7,0,0,0,0,0,1,0,0,0,0,0,0,0,1,0,2,0,2,4,0,3,0,0,0,0,0,0,0,0,0,0,0,1,0,0,2,2,0,0,2,1,0,0,0,0,0,0,0,0,0,0,1,0,0,0,0,0,5,0
"cell233",0,0,0,0,0,0,0,0,2,0,0,4,0,2,0,0,3,0,0,0,0,0,0,1,0,0,0,1,0,0,0,0,0,0,0,0,0,0,0,0,0,0,2,2,0,0,0,0,0,0,0,0,0,0,0,1,0,0,0,2,0,1,0,0,0,0,0,0,2,3,2,0,1,0,0,0,0,0,0,0,0,0,0,4,1,0,0,0,0,0,0,0,0,1,1,1,0,2,1,3,0,0,1,0,1,0,0,0,1,0,0,0,0,0,0,2,0,0,1,0,0,0,0,0,0,0,0,0,0,0,0,0,1,0,1,1,0,0,0,0,2,0,0,0,0,0,0,0,1,0,1,0,0,1,0,2,0,0,0,0,0,0,0,0,0,0,2,5,1,0,1,0,0,1,2,2,0,0,0,0,0,0,2,0,0,0,2,0,2,0,5,0,0,0
