"","Burn1_TF1","Burn1_TF2","Burn1_TF3","Burn1_TF4","Burn2_TF1","Burn3_TF1","Burn3_TF2","Burn3_TF3","Burn3_TF4","Burn4_TF1","Burn4_TF2","Burn5_TF1","Burn5_TF2","Burn5_TF3","Burn5_TF4","A1_TF1","A1_TF2","A1_TF3","A2_TF1","A2_TF2","A3_TF1","A4_TF1","A4_TF2","A5_TF1","A6_TF1","A6_TF2","B1_TF1","B1_TF2","B2_TF1","B2_TF2","B3_TF1","B3_TF2","B3_TF3","B3_TF4","B4_TF1","B4_TF2","B5_TF1","B5_TF2","B6_TF1","B6_TF2","C1_TF1","C2_TF1","C2_TF2","C3_TF1","C4_TF1","C4_TF2","C5_TF1","D1_TF1","D2_TF1","D2_TF2","D3_TF1","D4_TF1","D4_TF2","D5_TF1","E1_TF1","E1_TF2","E2_TF1","E3_TF1","E4_TF1","E4_TF2","E5_TF1","E5_TF2","E5_TF3","E6_TF1","E6_TF2","F1_TF1","F2_TF1","F3_TF1","F3_TF2","F4_TF1","F4_TF2","F5_TF1","F5_TF2","F5_TF3","F6_TF1","F6_TF2","F6_TF3","G1_TF1","G1_TF2","G1_TF3","G2_TF1","G2_TF2","G3_TF1","G4_TF1","G4_TF2","G4_TF3","G4_TF4","G5_TF1","G5_TF2","G6_TF1","Target1","Target2","Target3","Target4","Target5","Target6","Target7","Target8","Target9","Target10","Target11","Target12","Target13","Target14","Target15","Target16","Target17","Target18","Target19","Target20","Target21","Target22","Target23","Target24","Target25","Target26","Target27","Target28","Target29","Target30","Target31","Target32","Target33","Target34","Target35","Target36","Target37","Target38","Target39","Target40","Target41","Target42","Target43","Target44","Target45","Target46","Target47","Target48","Target49","Target50","Target51","Target52","Target53","Target54","Target55","Target56","Target57","Target58","Target59","Target60","Target61","Target62","Target63","Target64","Target65","Target66","Target67","Target68","Target69","Target70","Target71","Target72","Target73","Target74","Target75","Target76","Target77","Target78","Target79","Target80","Target81","Target82","Target83","Target84","Target85","Target86","Target87","Target88","Target89","Target90","Target91","Target92","Target93","Target94","Target95","Target96","Target97","Target98","Target99","Target100","Target101","Target102","Target103","Target104","Target105","Target106","Target107","Target108","Target109","Target110","Target111","Target112","Target113","Target114","Target115","Target116","Target117","Target118","Target119","Target120","Target121","Target122","Target123","Target124","Target125","Target126","Target127","Target128","Target129","Target130","Target131","Target132","Target133","Target134","Target135","Target136","Target137","Target138","Target139","Target140"
"cell1",8,0,3,0,3,0,6,2,6,3,2,7,0,4,1,6,1,2,1,2,0,0,1,0,6,2,0,0,2,4,0,0,0,0,1,5,0,0,1,1,4,0,3,0,3,0,0,7,0,1,0,0,0,0,0,0,0,0,0,0,0,0,0,0,0,0,0,4,0,0,0,0,3,1,0,0,0,0,0,0,0,0,4,0,0,0,0,0,4,0,3,0,4,0,1,2,0,0,0,0,3,0,0,0,0,0,0,1,0,0,3,2,0,0,2,0,3,0,0,2,0,2,0,2,0,0,0,0,0,0,1,4,2,1,0,0,0,0,0,5,1,0,0,1,0,1,0,1,2,2,0,0,0,0,0,2,1,0,1,4,2,4,2,2,0,7,2,3,1,0,2,0,2,0,0,4,0,0,1,0,1,2,0,2,1,2,8,1,0,4,1,0,2,0,0,1,0,0,0,0,0,0,0,0,0,3,1,0,1,6,2,2,3,1,1,8,5,1,0,1,0,0,2,3,0,0,4,3,2,2
"cell2",1,7,0,2,1,0,3,1,0,2,0,2,0,1,1,2,1,2,0,0,0,0,0,0,0,2,1,0,0,0,0,0,0,0,0,0,0,0,0,0,0,0,0,0,0,0,0,0,0,0,0,0,0,0,0,0,0,0,0,0,0,0,0,0,0,0,0,0,0,0,0,0,0,0,0,0,0,0,0,0,0,0,6,0,0,0,0,1,1,0,1,6,1,0,0,0,0,0,1,0,1,0,0,0,0,0,0,2,0,0,0,0,0,0,1,0,0,0,0,4,0,0,0,0,0,0,0,0,0,0,0,0,1,0,0,0,0,0,0,1,1,0,0,0,0,4,1,0,0,0,0,0,0,0,0,1,0,0,0,3,1,4,2,0,1,0,0,0,0,0,0,0,0,0,1,0,1,0,0,0,0,3,0,0,0,0,0,0,0,1,1,0,3,1,0,4,0,0,1,0,0,0,0,0,1,4,1,1,0,1,0,2,0,0,0,6,0,2,0,0,2,0,2,1,0,0,0,0,0,1
"cell3",6,2,5,2,1,2,3,2,2,0,3,1,3,3,4,3,6,1,1,4,0,3,3,0,0,3,7,2,4,12,0,0,4,0,3,1,0,0,7,1,8,2,3,0,2,0,0,4,2,6,0,1,4,1,0,0,0,0,0,0,0,0,0,0,0,0,0,6,4,0,0,6,14,7,0,0,0,0,0,0,0,0,1,0,0,0,0,4,3,0,2,0,6,0,2,4,1,0,0,0,4,0,0,0,0,9,0,6,0,0,3,2,0,0,4,0,2,0,0,1,0,1,0,2,0,0,0,0,0,0,0,0,4,5,0,4,0,2,0,3,0,4,0,2,13,1,0,2,9,3,0,0,0,1,5,2,0,2,1,7,1,6,3,8,0,4,6,1,0,4,1,0,2,0,2,6,3,2,1,0,5,1,0,3,7,5,7,2,0,2,2,0,4,0,0,0,0,0,6,1,0,0,3,1,0,8,1,4,3,1,4,3,5,3,10,7,1,3,0,3,0,0,3,7,0,1,4,2,4,1
"cell4",1,1,1,0,4,0,0,0,1,0,1,0,1,2,1,1,6,2,5,2,0,0,0,4,0,0,0,0,0,0,0,0,0,0,0,1,0,0,0,0,0,0,0,1,0,0,0,0,0,0,6,0,0,0,0,0,0,0,0,0,0,0,0,0,0,0,0,1,0,0,0,1,3,1,0,0,0,0,0,0,0,0,2,0,0,0,0,3,1,0,2,2,0,0,0,0,2,0,0,0,0,0,0,0,0,0,0,2,0,0,5,3,0,0,0,0,2,4,0,2,0,0,0,1,0,0,0,0,0,0,0,0,5,5,0,0,0,1,0,0,1,2,0,3,1,2,3,0,0,2,0,0,0,0,0,0,1,2,0,4,2,1,1,0,0,0,1,0,0,1,2,0,0,0,2,2,0,0,0,0,0,3,1,1,1,0,0,0,0,5,2,0,1,1,0,2,0,0,2,0,0,0,2,0,3,4,1,1,0,0,0,2,0,1,0,1,0,1,0,1,2,0,6,3,0,0,0,0,0,1
"cell5",1,2,0,0,2,2,0,1,0,0,0,3,2,0,0,0,4,0,2,0,0,2,1,0,2,0,0,0,0,1,1,0,3,0,0,0,0,0,0,0,0,0,0,0,0,0,0,0,0,0,0,0,0,0,0,0,0,0,0,0,0,0,0,0,0,0,0,1,1,0,0,0,2,1,0,0,0,0,0,0,0,0,0,0,0,0,0,0,1,0,0,1,1,0,0,0,1,0,0,0,1,2,0,0,0,0,0,3,0,0,0,0,0,0,3,0,1,0,0,0,0,0,0,3,0,0,0,0,0,0,0,3,1,2,0,0,0,2,0,4,0,4,0,0,0,4,1,0,0,1,0,0,0,0,0,1,3,1,0,0,1,2,3,0,0,0,3,1,1,4,0,0,0,0,1,2,0,0,2,0,0,3,2,3,0,0,2,1,0,1,3,0,1,0,0,1,0,0,3,0,0,0,0,0,0,4,4,2,0,1,1,1,0,0,0,2,3,2,0,1,0,0,3,0,0,0,0,0,0,1
"cell6",4,0,3,6,6,2,4,2,4,0,1,3,2,3,5,5,1,7,2,7,0,1,1,0,1,5,4,0,1,2,0,0,3,0,0,3,0,0,0,0,0,0,0,0,0,0,0,0,0,0,2,0,0,0,0,0,0,0,0,0,0,0,0,0,0,0,0,2,2,0,0,0,7,4,0,0,0,0,0,0,0,0,1,0,0,0,0,0,4,0,2,2,0,0,2,0,3,0,1,0,2,1,0,0,0,1,0,1,0,0,0,2,0,0,4,0,0,4,0,3,0,0,0,0,0,0,0,0,0,0,0,1,0,2,0,0,0,0,0,4,3,4,0,0,3,1,2,0,0,3,0,0,0,0,0,3,2,0,1,2,2,1,0,0,0,3,6,3,0,4,0,0,0,0,3,4,1,0,0,0,1,0,4,5,0,0,4,0,0,0,2,0,3,0,0,1,0,0,2,5,2,2,0,0,6,2,5,6,0,1,5,0,5,1,2,1,0,5,0,2,0,0,7,1,0,0,0,1,3,2
"cell7",12,2,3,7,0,2,2,2,5,10,8,9,1,4,8,2,5,2,0,0,0,4,3,0,0,2,9,1,0,7,0,1,0,0,4,12,0,0,6,8,0,0,4,0,2,2,0,4,4,8,0,6,6,0,0,0,0,0,0,0,0,0,0,0,0,14,4,3,0,0,0,4,9,0,0,0,0,0,0,0,0,0,4,0,0,3,0,8,9,0,2,2,12,0,2,3,0,0,1,0,4,7,3,4,4,0,10,3,0,0,9,3,0,0,4,0,4,0,0,5,0,0,0,5,0,0,0,0,0,0,1,2,2,2,7,5,8,0,0,9,6,4,0,0,7,1,0,3,8,16,0,0,0,0,0,11,4,2,2,8,5,9,5,10,0,2,1,4,7,5,7,0,0,4,4,3,0,0,12,0,0,0,0,7,5,6,1,0,0,4,2,0,1,7,0,5,0,0,3,3,0,0,3,4,0,8,0,2,2,5,4,2,5,4,8,15,0,0,7,0,0,0,13,6,0,2,0,11,4,4
"cell8",2,0,1,3,3,1,0,0,1,2,5,9,0,4,1,4,3,2,0,2,0,1,1,0,3,0,5,5,0,0,0,0,0,0,4,3,0,0,2,3,1,1,0,0,2,3,0,0,0,0,0,4,0,1,0,0,0,0,0,0,0,0,0,0,0,5,0,4,2,0,0,1,2,0,0,0,0,0,0,0,0,0,5,0,0,0,0,1,0,0,1,3,1,0,10,1,1,0,0,0,1,0,0,1,0,1,0,1,0,0,5,1,0,0,3,0,0,0,0,1,0,2,0,0,0,0,0,0,0,0,0,1,1,2,0,0,0,0,0,2,5,2,0,0,3,1,0,2,3,4,0,0,0,0,0,2,0,0,3,0,1,3,3,1,0,1,4,2,0,1,4,0,1,0,1,7,0,0,1,0,1,1,0,1,0,2,0,1,5,5,2,0,3,0,0,1,0,0,0,1,0,0,2,0,0,4,1,3,1,0,2,2,0,5,8,4,2,0,0,0,0,0,4,0,0,0,3,3,1,3
"cell9",3,13,11,4,5,1,10,11,3,4,2,3,8,3,8,7,4,7,5,1,0,8,4,0,1,1,8,0,1,1,0,0,0,0,4,6,0,0,3,3,8,1,0,0,5,3,0,2,0,1,0,11,3,0,0,0,0,0,0,0,0,0,0,0,0,2,4,1,0,0,0,4,6,3,0,0,0,0,0,0,0,0,4,0,0,0,0,2,3,0,13,0,3,0,9,5,5,0,2,0,5,3,8,0,3,9,6,0,0,0,12,5,0,0,7,0,1,3,0,6,0,0,0,1,0,0,0,0,0,0,0,2,9,5,8,3,6,2,0,1,3,8,0,2,2,8,0,5,5,5,0,0,0,0,0,1,4,1,0,7,1,7,12,5,0,2,4,6,2,3,9,0,3,0,3,4,0,0,0,0,1,0,0,12,4,4,7,3,0,6,0,0,6,1,0,5,0,0,2,6,0,0,4,6,0,5,0,5,6,4,4,8,3,0,3,15,4,0,3,1,0,0,8,4,0,1,0,9,1,2
"cell10",1,3,1,5,2,2,0,3,1,3,0,5,2,1,5,1,6,2,5,1,0,2,2,0,3,1,1,4,2,0,0,0,0,0,3,1,0,0,0,0,1,0,2,0,5,4,0,0,1,3,0,3,4,0,0,0,0,0,0,0,0,0,0,0,0,1,0,1,2,0,0,3,3,3,0,0,0,1,0,0,0,0,3,0,0,0,0,5,4,0,3,0,1,0,2,4,1,0,2,0,6,0,1,5,0,3,0,1,0,0,3,4,0,0,4,0,3,0,0,1,0,5,0,2,0,0,0,0,0,0,0,0,3,0,9,0,0,2,0,2,3,2,0,0,4,4,0,3,0,4,0,0,0,0,0,4,0,0,0,1,1,5,5,1,0,5,1,2,5,1,3,0,0,0,4,7,0,0,0,0,4,0,0,1,5,4,2,4,0,5,0,0,4,1,0,0,0,0,3,0,0,0,1,5,0,2,2,6,1,7,1,4,4,2,1,4,2,0,2,1,0,0,3,6,0,1,0,0,2,5
"cell11",1,1,1,1,2,0,4,0,2,2,2,2,0,0,0,2,3,0,3,0,2,0,0,2,0,0,0,0,0,0,0,0,0,0,0,0,0,0,0,0,0,0,0,4,0,0,0,0,0,0,0,0,0,0,0,0,0,0,0,0,0,0,0,0,0,0,0,1,0,0,0,0,3,1,0,0,0,0,0,0,0,0,1,0,0,0,0,0,2,0,4,1,1,0,0,0,4,0,2,0,1,0,0,0,0,0,0,0,0,0,5,1,0,0,3,0,2,3,0,2,0,0,0,1,0,0,0,0,0,0,0,0,2,9,0,0,0,0,0,2,2,3,0,1,0,2,2,0,0,0,0,0,0,0,0,0,1,0,0,1,0,0,0,0,0,0,1,0,0,0,3,0,0,0,4,0,0,0,1,0,0,2,0,0,0,0,0,7,0,2,0,0,2,0,0,3,0,0,1,0,0,0,0,0,0,5,0,4,0,0,4,1,4,0,0,6,2,3,0,6,1,0,3,3,0,0,0,0,0,5
"cell12",1,3,1,3,0,1,2,2,1,9,2,3,0,0,0,1,1,0,1,1,0,1,1,0,3,1,0,1,2,1,0,0,0,0,0,0,0,0,0,0,0,0,0,4,0,0,0,0,0,0,1,0,0,0,0,0,0,0,0,0,0,0,0,0,0,0,0,2,7,0,0,3,0,4,0,0,0,0,0,0,0,0,3,0,0,0,0,3,3,0,0,2,0,0,1,0,0,0,0,0,1,0,0,2,0,0,0,1,0,0,3,0,0,0,1,0,0,3,0,1,0,0,0,2,0,0,0,0,0,0,0,5,2,3,2,0,0,1,0,0,3,4,0,3,0,0,0,0,0,0,0,0,0,0,0,2,3,0,0,0,2,0,1,0,0,0,3,1,0,4,7,0,0,0,2,2,0,0,1,0,0,0,1,3,3,0,0,0,0,1,1,0,1,1,0,0,0,0,2,0,0,0,0,0,4,1,0,0,0,0,0,0,0,1,0,5,0,1,0,5,0,0,0,3,0,0,0,3,1,1
"cell13",7,2,1,5,0,2,5,1,3,4,5,1,2,0,0,2,2,2,3,3,0,2,7,0,6,0,5,1,2,4,0,0,0,0,3,6,0,0,1,6,3,0,0,0,3,3,0,1,1,1,0,2,0,0,0,0,0,0,0,0,0,0,0,0,0,0,0,2,2,0,0,0,5,3,0,0,0,0,3,0,0,0,1,0,0,0,0,0,5,0,4,0,0,0,3,3,0,0,0,0,5,3,0,0,0,3,0,4,0,0,3,0,0,0,0,0,1,0,0,2,0,0,0,0,0,0,0,0,0,0,0,0,0,1,0,0,0,1,0,1,2,4,0,0,1,3,0,1,1,2,0,0,0,0,0,0,0,0,2,8,0,3,5,2,0,1,6,4,5,2,2,0,1,0,1,3,0,0,1,0,2,0,1,4,1,1,2,0,0,3,1,0,6,0,0,3,0,0,3,0,0,0,2,0,0,1,1,3,0,6,0,0,8,0,8,1,0,0,2,3,0,0,2,3,0,3,3,7,0,0
"cell14",1,1,1,2,1,4,2,0,3,1,0,2,1,4,3,5,3,0,5,4,0,0,2,0,2,1,3,0,0,6,0,0,0,1,1,6,0,0,1,0,0,1,0,0,0,0,0,0,0,0,4,0,0,0,0,0,0,0,0,0,0,0,0,0,0,0,0,6,1,0,0,2,1,0,0,0,0,0,0,0,0,0,6,0,0,0,0,1,1,0,2,1,2,0,9,3,0,0,3,0,3,0,0,2,0,5,0,0,0,0,6,0,0,0,0,0,1,0,0,1,0,0,0,1,0,0,0,0,0,0,0,1,3,2,0,0,0,1,0,1,0,5,0,0,3,2,4,0,0,1,0,0,0,0,0,0,1,3,4,5,1,2,0,3,0,2,4,0,0,6,4,0,0,0,0,2,0,0,0,2,4,4,0,2,0,2,2,1,0,5,0,0,1,1,0,1,0,0,1,4,2,0,0,0,0,4,3,1,0,7,1,0,0,0,3,6,5,2,0,3,0,0,1,2,0,1,0,1,2,2
"cell15",1,1,0,1,2,1,4,0,0,0,9,1,0,1,4,0,1,3,2,3,0,1,1,0,1,0,2,1,1,5,1,0,0,0,1,0,0,0,3,0,3,0,0,0,0,0,0,0,0,0,0,0,0,0,0,0,0,0,0,0,0,0,0,0,0,0,0,3,3,0,0,4,4,6,0,0,0,0,0,0,0,0,2,0,0,0,0,0,3,0,0,0,0,0,2,0,1,0,0,0,0,0,0,2,0,3,0,3,0,0,3,2,0,0,0,0,0,4,0,3,0,0,0,3,0,0,0,0,0,0,0,0,4,0,2,0,0,0,0,0,3,4,0,1,3,1,1,0,0,0,0,0,0,0,0,3,1,1,0,9,2,2,2,0,0,2,2,1,2,4,4,0,1,0,0,8,0,1,0,0,2,0,1,1,1,2,1,1,0,3,6,0,0,1,0,1,0,0,2,2,2,2,3,0,1,3,0,2,0,3,1,0,1,0,3,2,1,0,0,2,0,0,3,2,0,0,0,3,2,2
"cell16",0,2,8,5,1,4,4,3,2,10,6,10,0,7,7,3,8,6,2,2,0,0,7,0,8,9,4,3,3,0,0,2,0,0,12,12,0,0,9,3,4,10,4,0,12,1,0,3,9,7,0,6,6,0,0,0,0,0,0,0,0,0,0,0,0,4,1,0,0,0,0,6,3,2,0,0,0,0,0,0,0,0,7,0,0,0,0,9,2,0,5,1,9,0,7,3,0,0,2,0,3,10,9,0,1,5,7,0,0,0,13,3,0,0,7,0,6,3,0,3,2,1,0,0,0,0,0,0,0,0,0,0,2,5,4,4,5,4,0,1,1,14,0,0,6,7,0,4,3,6,0,0,0,0,0,2,2,4,0,8,9,0,0,0,0,2,15,0,1,5,6,0,8,0,4,6,3,0,8,0,1,0,0,4,6,4,11,7,0,3,4,0,5,5,0,3,0,0,5,7,0,0,4,5,0,0,3,2,2,19,2,6,3,1,6,6,6,0,8,13,0,0,8,7,0,0,0,15,1,0
"cell17",2,0,5,2,0,1,1,0,1,1,9,2,1,0,3,3,2,5,1,4,0,3,5,0,4,2,1,1,2,1,0,0,0,0,1,3,0,0,3,0,0,0,4,0,3,0,0,0,0,0,0,0,0,0,0,2,0,0,0,0,0,0,0,0,0,0,0,2,6,0,0,4,3,0,0,0,0,0,0,0,0,0,2,0,0,0,0,3,1,0,3,0,1,0,3,2,2,0,2,0,2,0,0,0,0,1,0,2,0,0,4,1,0,0,3,0,0,0,0,0,0,0,0,2,0,0,0,0,0,0,0,0,0,0,0,0,0,0,0,0,5,0,0,2,1,0,4,0,0,1,0,0,0,0,0,0,1,0,0,5,1,4,1,3,0,3,5,0,3,1,1,0,4,1,1,3,0,0,0,0,2,2,1,0,4,2,3,8,0,1,0,0,4,1,0,3,0,0,3,1,0,0,2,0,0,0,0,7,0,0,3,1,1,1,1,1,3,2,0,0,0,0,4,5,0,0,2,4,2,3
"cell18",11,13,8,14,6,17,16,5,15,19,21,37,12,3,16,24,14,22,12,16,0,7,10,0,15,11,4,7,13,20,0,0,0,0,10,4,0,0,3,6,11,4,16,0,14,19,0,9,0,23,0,9,4,0,0,0,0,0,0,0,0,0,0,0,0,43,0,8,0,0,9,8,13,0,0,0,0,0,0,0,0,0,10,0,0,0,0,11,23,0,21,1,5,0,11,2,9,0,11,0,15,6,11,10,10,40,5,0,0,0,19,5,0,0,4,0,4,8,0,11,0,0,0,21,0,0,0,0,0,0,0,6,24,11,28,1,6,2,0,5,1,9,0,0,42,15,7,14,0,5,0,0,0,0,0,16,8,9,4,10,5,12,16,19,0,22,28,11,2,14,20,0,5,0,16,22,3,0,10,0,19,0,0,3,12,7,17,6,0,15,9,0,22,4,0,15,0,0,23,9,0,0,4,14,0,11,9,16,0,28,8,6,13,23,12,0,6,0,2,26,0,0,10,25,0,0,0,13,11,11
"cell19",2,2,3,8,1,0,4,4,2,10,1,6,0,0,12,2,11,8,9,0,0,10,3,0,2,2,6,9,9,10,0,0,0,0,8,3,0,0,6,9,5,2,1,0,1,4,0,4,3,13,0,8,9,0,0,0,0,0,0,0,0,0,0,0,0,17,8,0,0,0,1,8,14,8,0,0,0,0,0,0,0,0,2,0,0,0,0,10,5,0,3,3,18,0,3,1,7,0,1,0,7,3,4,9,8,14,0,0,0,0,11,4,0,0,3,0,5,0,0,3,0,0,0,0,0,0,0,0,0,0,0,0,5,2,6,5,2,6,0,10,20,9,0,0,4,14,0,5,10,15,0,0,0,0,0,5,9,10,4,3,12,6,5,2,0,0,10,7,1,9,4,0,4,0,4,17,0,0,1,0,6,0,0,3,5,11,8,10,0,7,5,0,6,8,0,6,0,0,0,8,0,0,3,2,0,6,0,0,6,13,11,6,5,4,9,19,9,0,6,7,0,0,6,13,0,3,0,23,0,6
"cell20",16,10,7,10,5,9,9,0,2,6,3,3,7,13,13,8,9,2,14,12,0,6,0,0,5,13,5,0,8,8,0,0,1,0,9,16,0,0,3,10,2,6,0,0,3,7,0,18,4,7,0,18,8,0,0,0,0,0,0,0,0,0,0,0,0,4,6,0,2,1,0,8,10,14,0,0,0,0,0,0,0,0,2,0,0,0,0,9,17,0,0,3,7,0,6,3,5,0,0,0,10,0,5,4,16,16,0,6,0,0,6,7,0,0,6,0,4,0,0,3,0,0,0,3,0,0,0,0,0,0,0,5,15,9,7,6,11,5,0,13,13,2,0,4,10,2,0,3,5,12,0,0,0,0,0,9,12,11,7,0,0,6,16,1,0,9,8,13,4,9,14,0,8,0,8,17,3,0,8,0,13,0,0,0,1,12,4,9,0,5,2,0,5,13,0,4,0,0,0,23,0,0,12,9,0,8,0,13,5,14,6,4,9,7,8,6,3,0,2,9,0,0,4,5,0,0,0,13,5,3
"cell21",3,0,1,7,2,2,2,1,2,7,1,5,4,3,7,3,11,2,10,1,0,0,4,0,5,0,2,0,2,1,0,0,0,0,3,3,0,0,4,0,1,3,4,0,2,4,0,6,0,3,0,4,2,0,0,0,0,0,0,0,0,0,0,0,0,1,0,3,0,0,0,4,3,2,0,0,0,0,0,0,0,0,10,0,3,0,0,2,4,0,5,5,6,0,3,9,1,0,1,0,1,1,3,3,0,7,0,0,0,0,4,0,0,0,0,0,5,2,0,7,2,4,0,3,0,2,0,0,0,1,0,0,4,4,0,3,0,1,0,4,9,0,0,0,2,1,0,0,1,4,0,0,0,0,0,4,0,4,1,2,4,5,3,1,0,0,0,4,3,7,4,0,8,1,1,2,0,0,1,0,3,0,0,0,3,0,0,0,0,8,6,0,9,5,0,5,0,0,2,4,0,0,4,2,0,3,0,2,6,0,6,1,7,4,0,4,0,0,0,6,0,0,2,2,0,0,2,4,3,0
"cell22",0,1,3,4,1,0,3,4,6,2,0,2,3,3,6,3,2,2,2,1,0,4,1,0,2,4,1,2,5,0,0,0,0,0,3,3,0,0,1,3,3,2,1,0,3,0,0,1,2,0,0,1,2,0,0,0,0,0,0,0,0,0,0,0,0,0,0,6,1,0,0,0,1,4,0,0,0,0,0,0,0,0,7,0,0,0,0,1,5,0,1,3,4,0,3,1,5,0,1,0,0,3,0,1,0,2,0,2,0,0,1,1,0,0,4,0,2,0,0,3,0,4,0,0,0,0,0,0,0,0,0,0,3,0,0,0,0,0,0,0,2,4,0,2,0,0,0,0,2,4,0,0,0,0,0,9,2,0,3,0,3,3,0,0,0,4,3,3,0,8,2,0,2,0,1,1,0,0,0,0,0,0,0,2,0,2,3,2,0,8,2,0,3,2,0,3,0,0,6,3,0,0,1,1,0,3,4,3,3,1,1,4,1,1,1,3,0,0,0,1,0,0,2,1,0,1,1,6,1,3
"cell23",1,3,3,6,2,2,1,0,1,4,3,0,3,4,0,1,4,7,1,5,0,1,0,0,1,1,5,1,1,2,0,0,0,0,2,1,0,0,4,5,4,0,1,0,0,4,0,0,3,0,0,2,0,0,0,0,0,0,0,0,0,0,0,0,0,0,0,2,0,0,0,1,4,0,0,0,0,0,0,0,0,0,3,0,0,0,0,0,5,0,2,0,3,0,2,1,1,3,0,0,2,0,0,0,0,2,0,5,0,0,7,1,0,0,1,0,0,2,0,1,0,4,0,1,0,1,0,0,0,0,0,1,2,3,0,0,0,2,0,1,3,3,0,0,0,3,0,0,5,5,0,0,0,0,0,4,0,0,0,3,5,3,3,0,0,3,3,4,2,3,1,0,0,0,2,2,1,0,2,0,3,0,0,0,1,0,3,1,0,5,2,0,1,1,0,4,0,0,5,3,0,0,1,0,0,3,1,2,1,3,0,4,5,4,2,3,1,2,1,3,0,0,3,0,0,0,0,0,0,5
"cell24",2,0,1,1,4,2,5,0,0,7,0,4,6,3,11,4,2,1,7,5,0,2,1,0,1,2,1,0,5,4,0,0,0,0,7,2,0,0,5,4,7,2,1,0,4,3,0,4,0,9,0,3,3,0,0,0,0,0,0,0,0,0,0,0,0,0,2,3,7,0,0,3,8,2,0,0,0,0,0,0,0,0,5,0,0,0,0,10,2,0,1,1,2,0,4,5,6,0,7,0,0,0,5,0,0,8,0,0,0,0,2,0,0,0,2,0,1,1,0,5,0,4,0,2,0,0,0,0,0,0,0,4,5,6,3,0,0,0,0,0,3,2,0,1,7,0,0,0,0,7,0,0,0,0,0,7,3,2,3,3,5,0,3,4,0,1,7,4,3,5,11,0,0,0,5,11,1,0,5,0,1,0,0,5,7,3,7,4,0,4,3,0,3,7,0,7,0,0,1,6,0,0,1,0,0,0,1,5,1,1,2,0,2,3,1,1,0,0,1,0,0,0,2,2,0,1,2,8,0,0
"cell25",7,6,5,4,0,0,4,4,1,0,10,0,8,4,5,3,6,6,2,2,0,6,2,0,1,4,1,11,3,5,0,0,2,0,4,1,0,0,12,1,8,4,2,0,5,0,0,3,4,4,0,0,2,3,0,0,0,0,0,0,0,0,0,0,0,0,0,3,5,0,0,3,10,8,0,0,0,0,0,0,0,0,2,0,0,0,0,4,7,0,1,0,6,0,3,5,3,0,0,0,6,0,0,0,0,5,0,4,0,0,6,0,0,0,0,0,5,2,0,1,0,2,0,1,0,0,0,0,0,2,0,0,2,6,0,4,0,1,0,1,0,3,0,1,12,4,0,1,5,9,0,0,0,1,0,5,5,1,0,2,0,6,1,8,0,1,6,5,0,8,2,0,6,0,0,5,2,1,0,0,1,1,2,4,10,1,6,2,0,3,3,0,3,1,0,4,0,0,3,4,0,0,3,2,0,7,1,2,8,1,2,3,9,0,10,8,1,5,1,9,0,0,3,6,0,1,3,3,1,0
"cell26",1,3,0,2,1,0,3,0,0,4,5,2,0,0,3,0,0,2,1,2,0,2,2,0,5,0,0,0,0,1,0,0,0,0,0,2,0,3,1,0,1,0,0,1,0,0,0,0,0,0,3,0,0,0,0,0,0,0,0,0,0,0,0,0,0,0,0,3,2,0,0,1,3,2,0,0,0,0,0,0,0,0,2,0,0,0,0,0,6,0,0,2,0,0,0,0,0,0,1,0,1,0,0,0,0,1,0,0,0,0,7,2,0,0,1,0,0,0,0,0,0,0,0,0,0,0,0,0,0,0,0,0,2,0,0,0,0,1,0,2,1,1,0,3,2,4,3,0,0,0,0,0,0,0,0,0,0,1,1,0,0,3,6,0,0,0,6,0,2,0,2,0,2,0,0,5,0,0,3,0,2,2,1,1,0,0,2,1,0,3,0,0,0,2,0,1,0,0,2,2,1,0,3,1,3,1,3,0,0,0,0,2,0,3,2,3,4,1,0,1,0,0,3,1,0,0,0,0,1,0
"cell27",1,1,1,1,3,1,2,0,0,1,0,1,0,2,1,3,1,1,0,0,1,0,0,1,0,1,1,0,0,0,0,0,0,0,0,0,0,0,0,0,0,0,0,2,0,0,0,0,0,0,0,0,0,0,0,0,0,0,0,0,0,0,0,0,0,0,0,1,3,0,0,4,4,0,0,0,0,0,0,0,0,0,2,0,0,0,0,0,3,0,1,1,0,0,0,0,0,0,2,1,0,3,0,0,0,0,0,5,0,0,4,1,0,0,1,0,0,5,0,5,0,0,0,1,0,0,0,0,0,0,0,0,1,1,0,0,0,0,0,3,2,1,0,0,0,2,2,0,0,0,0,0,0,0,0,0,0,0,0,1,1,1,0,0,0,0,0,0,0,1,0,0,0,0,1,0,5,0,0,0,0,0,1,0,0,0,0,0,0,0,0,0,0,1,0,1,0,0,5,0,0,0,0,0,2,0,2,3,0,0,0,2,0,0,0,2,2,0,0,2,1,0,2,3,0,1,0,0,0,2
"cell28",1,4,2,1,2,5,0,2,1,0,1,1,1,0,2,2,7,0,2,3,0,0,1,1,0,0,0,0,0,0,0,0,0,0,0,0,1,0,0,0,0,0,0,1,0,0,0,0,0,0,0,0,0,0,0,0,0,0,0,0,0,0,0,0,0,0,0,0,0,0,0,1,0,0,0,0,0,0,0,0,0,0,2,0,0,0,0,1,2,0,2,0,0,0,0,0,2,0,2,0,4,1,0,0,0,0,0,3,0,0,0,1,0,0,1,0,0,0,0,3,0,0,0,3,0,0,0,0,0,0,2,1,2,2,0,0,0,4,0,2,1,0,0,3,0,2,5,0,0,0,0,0,0,0,0,5,0,0,1,3,2,2,1,0,0,0,0,0,0,0,7,0,1,0,2,1,0,0,0,0,0,0,5,0,0,0,0,0,0,0,0,0,3,0,0,2,0,0,0,0,0,0,0,0,1,1,0,0,0,2,0,0,4,0,0,2,0,1,0,2,1,0,0,1,0,1,0,0,0,1
"cell29",3,2,1,3,5,2,1,3,0,9,5,2,0,0,1,1,5,4,2,7,0,2,1,0,1,0,1,0,0,5,0,0,0,0,5,3,0,0,0,7,1,0,0,0,2,6,0,0,0,3,0,0,4,1,0,0,0,0,0,0,0,0,0,0,0,0,0,1,0,0,0,0,4,0,0,0,0,0,0,0,0,0,3,0,0,0,0,0,2,0,3,2,6,0,2,1,3,0,1,0,3,0,0,1,0,4,0,3,0,0,0,0,0,0,0,0,1,0,0,2,5,0,0,1,0,0,0,0,0,2,0,3,0,0,0,0,0,5,0,2,8,2,0,0,1,0,0,0,4,1,0,0,0,0,0,0,4,2,2,2,2,1,1,1,0,0,2,0,1,0,0,0,2,0,2,3,0,0,1,0,1,2,3,5,4,3,0,1,0,0,2,0,3,1,0,3,0,0,0,2,0,0,0,1,0,4,2,2,3,0,2,0,10,2,4,4,2,4,0,0,0,0,1,1,0,2,1,3,0,1
"cell30",3,0,4,2,2,3,0,0,0,0,0,3,1,0,3,3,4,0,0,1,0,1,1,0,1,1,2,0,5,1,0,0,0,0,2,0,0,0,2,2,1,2,1,0,3,0,0,0,1,0,0,0,0,0,0,0,0,0,0,0,0,0,0,0,0,0,0,2,0,0,0,1,5,0,0,0,0,0,0,0,0,0,4,0,0,0,0,1,1,0,1,1,0,1,3,1,1,0,0,0,3,0,0,0,0,7,0,5,0,0,0,2,0,0,0,0,2,0,0,3,0,0,0,0,0,0,0,0,0,0,0,2,1,1,0,0,0,2,0,0,8,0,0,2,2,2,0,0,0,1,0,0,0,0,0,0,1,1,0,0,0,1,2,0,0,1,3,2,3,2,1,0,2,0,2,2,0,0,3,0,0,2,2,2,4,2,2,0,0,5,3,0,2,1,0,2,0,0,2,5,0,0,1,0,0,4,3,1,0,2,1,2,0,0,2,5,1,3,0,5,0,0,3,7,0,1,8,1,1,3
"cell31",11,2,4,4,7,1,6,8,11,6,1,10,2,0,0,0,16,6,3,9,0,9,0,0,3,2,11,4,1,7,0,0,0,0,4,17,0,0,8,0,13,0,2,0,3,11,0,13,1,4,0,19,11,0,0,0,0,0,0,0,0,0,0,0,0,6,3,4,0,0,0,3,9,0,0,0,0,0,0,0,0,0,4,0,0,0,1,3,15,0,3,2,6,0,0,3,0,0,13,0,2,7,0,2,0,7,3,3,0,0,3,4,0,0,1,0,5,3,0,12,0,2,3,1,0,0,0,0,0,0,0,3,5,10,12,8,5,9,0,5,4,9,0,0,11,4,0,13,1,11,0,0,0,0,0,11,4,0,3,14,4,16,10,4,0,7,2,5,7,2,3,0,8,3,4,6,0,0,4,0,2,0,0,15,9,2,4,4,0,4,9,0,9,3,0,6,0,0,5,11,0,0,6,0,0,9,2,13,1,12,2,3,1,5,0,20,7,0,5,9,0,0,0,3,0,0,0,5,5,7
"cell32",2,4,1,2,1,3,2,0,0,3,1,3,1,2,2,1,1,1,0,2,0,2,3,0,3,1,3,0,3,5,0,0,0,0,9,2,0,0,3,1,3,4,0,0,2,5,0,4,0,2,0,0,0,0,0,0,2,0,0,0,0,0,0,0,0,0,0,1,2,0,0,0,0,0,0,0,0,0,0,0,0,0,0,0,0,0,0,2,1,0,2,0,2,0,1,1,0,0,0,0,2,0,0,2,0,7,0,1,0,0,2,0,0,0,0,0,6,0,0,4,0,1,0,2,0,0,0,0,0,0,0,3,1,0,0,0,0,0,0,5,9,2,0,2,0,3,0,0,4,1,0,0,0,0,0,2,1,2,3,2,3,2,1,2,0,0,2,2,0,3,0,0,2,0,1,5,0,0,0,0,0,2,1,5,0,5,1,1,0,2,2,0,2,3,0,0,0,0,2,1,0,0,5,1,0,1,3,3,0,2,1,0,3,1,6,5,3,0,1,4,0,0,1,2,0,1,0,4,1,3
"cell33",1,1,0,11,2,1,4,2,1,6,3,3,1,0,1,3,6,5,2,2,0,7,1,0,2,1,8,2,1,5,0,0,0,0,8,2,0,0,1,1,1,0,6,0,0,8,0,0,0,4,0,2,1,0,0,0,0,0,0,0,0,0,0,0,0,0,0,2,5,0,0,3,2,1,0,0,0,4,0,0,0,0,2,0,0,0,0,4,5,0,1,4,7,0,3,4,2,0,3,0,0,0,0,1,0,5,0,4,0,0,1,4,0,0,2,0,1,1,0,0,0,3,0,4,0,0,0,0,0,0,0,1,3,2,0,2,0,5,0,3,5,5,0,4,0,0,0,1,4,3,0,0,0,0,0,2,5,0,1,5,1,1,0,3,0,2,3,1,4,3,0,0,0,0,2,0,0,0,5,0,2,0,0,2,0,0,2,1,0,1,1,0,6,1,0,3,0,0,4,0,0,0,2,0,0,3,0,8,1,1,1,5,4,1,1,5,3,3,4,5,0,0,1,6,0,0,3,5,5,3
"cell34",16,0,8,3,2,6,10,1,0,5,3,8,2,11,5,1,8,8,5,9,0,2,7,0,6,6,2,10,6,8,0,0,0,0,6,7,0,0,6,2,6,4,5,0,14,16,0,8,3,6,0,6,8,0,0,0,0,0,0,0,0,0,0,0,0,5,3,0,0,0,0,3,2,5,0,0,0,0,0,0,0,0,12,0,0,0,0,3,0,0,0,5,5,0,6,5,7,0,6,0,8,11,9,1,4,2,5,0,0,0,6,3,0,0,2,0,9,7,0,19,3,1,0,2,0,0,0,0,0,0,0,0,11,2,11,3,7,14,0,5,7,4,0,0,5,4,0,3,15,8,0,0,0,0,0,10,7,6,1,3,6,3,11,2,0,0,7,1,2,11,9,0,1,0,2,6,0,0,4,0,4,0,0,7,5,5,12,3,0,6,1,0,0,6,0,3,0,0,8,3,0,0,4,3,0,9,13,2,7,4,4,13,2,10,3,4,4,0,6,5,0,0,5,9,0,1,0,7,0,2
"cell35",3,3,1,3,4,2,2,0,5,2,0,3,1,3,5,4,0,1,1,6,0,4,0,0,1,3,7,3,1,2,0,0,0,0,3,5,0,0,1,0,6,1,0,0,1,3,0,0,2,1,0,0,1,0,0,0,0,0,0,0,0,0,0,0,0,5,0,6,3,0,0,4,2,3,0,0,0,0,0,0,0,0,0,0,0,0,0,3,1,0,2,2,6,0,0,6,4,0,0,0,2,0,0,0,0,3,0,0,0,0,6,5,0,0,3,0,1,0,0,0,1,3,0,2,0,0,0,0,0,0,0,1,6,1,0,0,0,2,0,2,2,2,0,0,0,6,0,3,1,0,0,0,0,0,0,5,1,2,3,5,2,5,0,5,0,3,10,1,1,3,2,0,2,0,2,2,0,0,3,0,3,0,0,4,2,0,0,5,0,3,2,0,4,2,0,2,0,0,3,2,0,0,2,3,0,1,4,1,0,3,4,6,4,0,3,5,2,0,5,1,0,0,7,1,0,2,0,3,1,2
"cell36",2,0,1,0,0,0,3,1,4,3,4,1,3,0,2,1,0,0,1,4,0,0,0,1,0,0,0,0,0,0,0,0,0,0,0,0,0,0,0,0,0,0,0,1,0,0,0,0,0,0,3,0,0,0,0,0,0,0,0,0,0,0,0,0,0,0,0,0,0,0,0,2,1,2,0,0,0,0,0,0,0,0,2,1,0,0,0,1,1,0,2,1,0,0,0,0,0,0,1,1,0,0,0,2,0,0,0,2,0,0,0,1,0,0,1,0,1,0,0,1,0,0,0,0,0,0,0,0,0,0,0,3,4,2,0,0,0,0,0,1,0,2,0,0,2,0,0,0,0,0,0,0,0,0,0,3,0,0,1,0,0,0,2,0,1,0,0,0,0,0,1,0,0,0,1,1,0,0,1,0,0,1,1,0,0,0,0,1,0,3,2,0,4,0,0,1,0,0,0,0,0,0,0,0,0,2,1,2,0,0,0,0,4,0,0,3,1,2,0,2,1,0,1,3,0,1,0,0,0,0
"cell37",0,0,0,2,0,5,3,1,1,0,2,0,1,0,5,0,0,1,0,0,0,0,0,2,0,0,1,1,0,0,0,0,0,0,0,0,0,0,0,0,0,0,0,0,0,0,0,0,0,0,4,0,0,0,0,0,0,0,0,0,0,0,0,0,0,0,0,0,3,0,0,0,1,0,0,0,0,0,0,0,0,0,0,0,0,0,0,0,1,0,0,2,1,0,0,0,0,0,1,3,1,3,0,0,0,0,0,0,0,0,5,0,0,0,0,0,1,0,0,0,0,0,2,1,0,0,0,0,0,0,0,5,1,0,0,0,0,0,0,0,1,5,0,0,0,1,0,0,0,0,0,0,0,0,0,1,0,1,2,1,0,0,1,0,1,4,0,0,0,0,0,0,1,0,3,0,0,0,2,0,0,0,6,0,0,0,0,1,0,1,0,0,1,1,0,2,0,0,1,0,0,0,0,0,4,0,1,0,0,1,0,0,0,0,0,1,1,7,0,0,0,0,4,2,0,0,0,0,0,0
"cell38",5,3,3,3,2,1,1,0,2,3,6,5,1,0,5,0,5,2,5,2,0,5,2,0,4,1,0,3,3,0,0,0,0,0,0,3,0,0,4,2,8,0,0,0,0,9,0,2,5,0,0,0,0,0,0,0,0,1,0,0,0,0,0,0,0,0,0,0,5,0,0,4,0,3,0,0,0,0,0,0,0,0,4,0,0,0,0,0,2,0,3,4,1,0,2,5,2,0,2,0,5,0,0,1,0,0,0,6,1,0,2,5,0,0,1,0,1,0,1,3,0,5,0,2,0,1,0,0,0,5,0,5,2,3,0,1,0,0,0,5,4,2,0,3,2,3,0,5,1,3,0,0,0,0,3,0,5,3,3,2,0,5,0,2,0,0,2,6,3,0,6,0,3,0,4,8,0,0,7,0,9,0,0,4,8,4,1,4,0,5,6,0,4,3,0,3,0,0,3,3,0,0,4,2,0,10,1,3,0,7,2,1,4,5,8,4,4,0,0,11,0,0,5,3,1,3,2,6,6,1
"cell39",1,1,0,1,2,2,0,2,2,2,3,1,1,0,3,3,3,1,2,8,0,2,2,0,0,2,1,0,1,0,0,0,0,0,4,2,0,0,2,2,3,2,1,0,4,1,0,1,0,1,0,1,0,0,0,0,0,0,0,0,0,0,0,0,0,0,0,4,2,0,0,2,3,0,0,0,0,0,0,0,0,0,4,0,0,0,0,0,2,0,2,0,1,0,2,6,2,0,0,0,3,0,0,3,0,1,0,0,0,0,4,2,0,0,0,0,0,0,0,1,2,0,0,3,0,0,0,0,0,0,0,2,6,0,0,0,0,4,0,2,5,6,0,1,1,3,2,0,7,0,0,0,0,0,0,1,0,1,2,2,3,2,6,3,0,0,2,4,1,8,6,0,0,0,0,7,0,0,0,0,2,0,0,0,2,3,0,5,0,2,0,0,0,3,0,1,0,0,0,0,0,0,0,4,0,7,1,2,0,3,1,6,3,0,1,3,0,3,0,0,0,0,6,4,0,0,2,2,1,1
"cell40",1,0,0,2,2,1,2,0,5,3,0,1,0,0,0,11,1,0,0,0,0,1,5,0,2,1,3,0,2,0,0,0,0,0,2,2,1,0,0,0,0,0,0,0,0,0,0,0,0,0,0,0,0,0,0,0,0,0,0,0,0,0,0,0,0,0,0,0,0,0,0,2,1,0,0,0,0,0,0,0,0,0,2,0,0,0,0,0,2,0,0,0,0,0,2,0,2,0,2,0,0,1,0,0,0,0,0,1,0,0,5,0,0,0,0,0,4,3,0,6,0,0,0,4,0,0,0,0,0,0,0,0,5,4,0,0,0,2,0,0,7,2,0,0,4,0,1,0,0,3,0,0,0,0,0,4,1,2,1,4,5,4,1,0,0,0,3,4,0,2,1,0,0,0,0,5,0,0,0,0,1,1,0,2,0,2,2,3,0,4,6,0,3,0,0,2,0,0,1,0,0,0,0,0,3,1,2,1,0,1,1,2,4,0,1,5,0,0,0,1,0,0,1,1,0,1,0,5,0,0
"cell41",2,2,4,13,10,0,5,1,2,6,1,2,1,7,13,3,5,17,0,10,0,5,17,0,2,6,5,2,2,4,3,0,3,0,3,11,0,0,2,4,12,1,0,0,11,6,0,8,6,6,0,1,5,0,0,0,0,0,0,0,0,0,0,0,0,9,4,0,0,0,0,3,4,8,0,0,0,0,0,0,0,0,1,1,0,0,0,12,3,0,2,0,5,0,1,2,6,0,3,0,0,0,7,6,10,11,0,0,0,0,4,8,0,0,12,0,1,1,0,14,0,0,0,11,0,0,3,0,0,0,0,0,8,4,16,3,1,0,0,5,5,5,0,0,4,10,0,3,3,15,0,0,0,0,0,2,3,3,0,4,6,1,6,3,0,3,0,3,4,3,6,0,1,0,7,9,0,1,10,0,9,0,0,3,1,3,4,5,0,6,1,0,10,3,0,3,0,0,2,3,0,0,0,2,0,7,4,5,0,7,0,0,12,12,4,12,2,0,10,10,0,0,8,5,0,2,0,6,1,6
"cell42",8,3,7,3,3,4,3,4,3,7,1,13,5,6,0,2,3,2,9,10,0,4,0,0,7,1,2,3,3,3,0,0,0,0,2,4,0,0,10,1,4,1,3,0,7,0,0,3,3,2,0,2,6,0,0,0,0,0,0,0,0,0,0,0,0,10,1,3,4,0,0,5,15,0,0,0,0,0,0,0,0,0,4,0,0,0,0,5,4,0,1,2,0,0,4,2,2,0,0,0,9,5,3,1,3,0,9,0,0,0,5,1,0,0,3,0,7,2,0,4,0,6,0,3,0,0,0,0,0,0,0,9,4,3,8,1,7,6,0,3,2,3,0,2,5,15,0,5,0,12,0,0,0,0,0,1,5,1,7,2,1,0,1,3,0,2,4,7,2,1,8,0,6,0,1,8,1,0,4,0,11,0,0,3,0,0,4,6,0,0,0,0,13,2,0,2,0,0,9,2,0,0,5,11,0,5,0,11,4,6,3,3,14,2,8,5,0,0,8,12,0,0,0,4,0,5,0,8,3,2
"cell43",3,0,0,1,5,4,2,0,2,1,1,1,1,0,3,2,0,3,3,1,0,3,0,3,0,0,0,0,0,0,0,0,0,0,0,0,1,0,0,0,0,0,0,1,0,0,0,0,0,0,0,0,0,0,0,0,0,0,0,0,0,0,0,0,0,0,0,4,2,0,0,0,3,2,0,0,0,0,0,0,0,0,1,0,0,0,0,0,4,0,1,1,3,0,0,0,0,0,2,0,2,0,0,0,0,0,0,1,0,0,2,1,0,0,2,0,5,1,0,8,0,0,0,5,0,0,0,0,0,0,0,1,0,1,0,0,0,2,0,3,4,0,0,3,1,1,2,0,0,3,0,0,0,0,0,0,0,2,1,0,0,3,0,0,0,0,1,0,0,1,1,0,1,0,2,0,0,0,2,0,0,1,0,2,0,0,0,1,0,3,1,0,2,5,0,3,0,0,1,0,0,0,0,0,0,1,0,0,0,0,0,1,0,3,0,4,2,2,0,0,3,0,3,1,0,0,0,0,0,0
"cell44",13,15,14,10,6,0,8,0,13,13,7,21,5,8,11,14,0,16,13,5,0,8,6,0,11,0,11,11,8,8,0,0,0,0,13,2,0,0,2,0,9,12,8,0,5,5,0,16,7,3,0,9,13,0,0,0,0,0,0,0,0,0,0,0,0,7,11,0,0,0,0,5,5,8,0,0,0,0,0,0,0,0,9,0,0,0,0,15,17,0,0,6,22,0,16,8,4,0,1,0,4,7,3,2,8,21,16,0,0,0,19,11,0,0,4,0,15,5,0,23,0,4,0,1,0,0,0,0,0,0,0,0,8,15,16,15,7,3,0,21,8,1,0,0,3,7,0,5,4,17,0,0,0,0,0,3,9,11,15,12,8,8,2,15,0,0,20,7,0,12,4,0,11,0,9,6,2,0,14,0,20,0,0,3,12,2,8,5,0,24,9,0,1,5,0,8,0,0,5,7,0,0,5,13,0,18,14,2,8,16,0,0,4,8,12,29,0,0,8,9,0,0,12,9,0,6,0,20,10,6
"cell45",1,1,3,2,1,0,0,2,1,1,4,4,0,4,0,4,0,1,1,2,0,4,1,0,2,1,3,2,0,0,0,0,0,0,4,0,0,0,2,2,1,0,1,0,0,0,0,0,0,0,4,0,0,0,0,0,0,0,0,0,0,0,0,0,0,0,0,0,4,0,0,2,6,5,0,0,0,0,0,0,0,0,1,0,0,0,0,2,4,0,1,2,0,0,3,0,0,0,2,0,3,2,0,0,0,3,0,4,0,0,3,1,0,0,1,0,0,1,0,3,0,0,0,6,0,0,0,0,0,0,0,0,0,4,0,0,0,3,0,0,6,1,0,0,4,3,1,0,0,0,0,0,0,0,0,2,1,2,1,0,0,2,4,0,0,0,2,1,0,5,4,0,1,0,0,1,0,4,0,0,1,1,6,2,0,0,5,0,0,3,7,0,4,2,0,0,0,0,1,2,0,0,0,1,0,2,2,4,0,1,3,3,2,1,0,0,1,2,0,3,0,0,1,5,0,0,0,1,3,0
"cell46",1,2,1,0,2,1,1,1,1,0,1,4,3,3,3,2,1,1,3,2,0,0,0,0,0,0,0,0,0,0,0,0,0,0,0,0,0,0,0,0,0,0,0,1,0,0,0,0,0,0,0,0,0,0,0,0,0,0,0,0,0,0,0,0,0,0,0,2,2,0,0,4,1,2,0,0,0,0,0,0,0,0,0,0,0,0,0,2,0,0,0,0,5,0,0,0,7,0,0,1,0,1,0,0,0,0,0,0,0,0,1,0,0,0,3,0,0,1,0,1,0,0,2,0,0,0,0,0,0,0,0,5,3,0,0,0,0,0,0,2,2,0,0,0,0,0,0,0,0,0,0,0,0,0,0,6,0,0,0,3,3,2,0,0,1,0,2,0,0,1,2,0,1,0,2,0,3,0,2,0,0,1,0,0,0,0,0,1,0,3,0,0,0,3,0,1,0,0,2,0,0,0,0,0,2,2,0,1,0,0,0,0,0,0,0,3,1,1,0,1,1,0,1,1,0,2,0,0,0,2
"cell47",3,0,4,3,4,0,2,2,2,0,2,2,2,2,0,4,7,4,2,0,0,6,2,0,2,5,2,1,4,3,0,0,0,0,1,1,0,0,1,5,1,2,0,0,5,1,0,3,2,0,0,1,2,0,0,0,0,0,0,0,0,0,0,0,0,4,0,1,2,0,0,2,2,0,0,0,0,0,0,0,0,0,3,0,0,0,0,6,1,0,5,2,5,0,1,3,4,0,0,0,3,0,2,1,1,7,0,4,0,0,2,1,0,0,0,0,0,0,0,1,3,2,0,1,0,0,0,0,0,1,0,1,1,2,1,4,1,0,0,1,3,5,0,0,3,2,0,3,4,6,0,0,0,0,0,4,3,5,0,1,6,8,1,1,0,4,5,2,2,8,1,0,2,0,1,1,0,0,2,0,9,1,0,2,0,2,4,4,0,6,2,0,1,0,0,3,0,0,1,2,0,0,3,1,0,1,4,2,0,1,0,0,1,1,6,4,1,0,0,3,0,0,4,19,0,2,0,5,3,8
"cell48",2,1,1,0,0,3,3,0,2,3,3,2,0,5,3,0,2,0,1,1,0,0,0,2,0,0,0,0,0,0,0,0,0,0,0,0,0,0,0,0,0,0,0,2,0,0,0,0,0,0,2,0,0,0,0,0,0,0,0,0,0,0,0,0,0,0,0,2,4,0,0,0,2,1,0,0,0,0,0,0,0,0,4,0,0,0,0,2,7,0,0,2,3,0,0,0,0,0,2,1,3,3,0,1,0,0,0,1,0,0,2,3,0,0,0,0,2,2,0,0,0,0,0,4,0,0,0,0,0,0,0,1,3,0,0,0,0,0,0,0,4,1,0,1,1,1,2,0,0,1,0,0,0,0,0,1,0,2,0,2,1,3,0,0,0,0,1,0,0,1,0,0,1,0,1,1,0,0,1,0,0,1,3,0,0,0,0,3,0,10,0,0,4,0,0,5,0,0,0,0,0,0,0,0,1,4,2,2,0,0,0,1,0,0,0,0,0,1,0,9,2,0,0,3,0,0,0,0,0,1
"cell49",1,1,5,0,0,2,2,0,1,2,1,1,1,0,3,1,1,2,0,1,0,0,1,0,0,1,0,0,0,0,0,0,0,0,0,0,0,0,0,0,0,0,0,0,0,0,0,0,0,0,0,0,0,0,0,0,0,0,0,0,0,0,0,0,0,0,0,1,0,0,0,2,2,1,0,0,0,0,0,0,0,0,2,0,0,0,0,2,2,0,3,1,0,0,0,0,2,0,4,0,2,3,0,1,0,0,0,0,0,0,1,0,0,0,4,0,1,0,0,0,0,0,0,1,0,0,0,0,0,0,0,2,2,3,0,0,0,0,0,4,3,1,0,1,2,6,0,0,0,1,0,0,0,0,0,1,0,0,1,0,1,2,1,0,0,1,2,2,1,5,4,0,2,0,0,2,0,0,3,0,0,1,0,0,0,0,0,0,0,4,2,0,1,3,0,4,0,0,2,0,0,0,0,0,0,2,3,2,0,0,0,2,0,0,0,4,4,2,0,4,0,0,4,4,0,0,0,0,0,1
"cell50",2,1,3,3,1,2,2,3,1,3,2,0,6,1,5,0,1,0,10,2,0,1,2,0,0,2,1,1,2,2,0,0,0,0,1,0,3,3,1,0,0,0,0,2,0,0,0,0,0,0,3,0,0,0,0,0,0,0,0,0,0,0,0,0,0,0,0,3,1,0,0,2,3,1,0,0,0,0,0,0,0,0,5,0,0,0,0,3,2,0,0,3,3,0,0,0,0,0,0,0,0,0,0,3,0,2,0,1,0,0,0,1,0,0,3,0,3,4,0,3,0,0,0,1,0,0,0,0,0,0,0,0,2,1,0,0,0,2,0,1,3,4,0,0,1,0,1,0,0,0,0,0,0,0,0,0,1,0,1,1,2,0,4,0,0,3,3,2,2,2,4,0,0,0,1,3,0,0,0,0,1,0,2,3,3,1,2,1,2,3,2,0,0,0,0,2,0,0,0,0,0,0,3,0,2,4,2,2,0,4,0,0,1,1,0,2,0,1,0,0,0,0,0,2,0,0,0,0,0,4
"cell51",2,1,1,8,2,1,2,1,2,0,2,3,0,1,0,0,0,2,2,2,0,5,0,0,2,1,0,0,0,0,0,0,0,0,0,0,0,0,0,0,0,0,0,1,0,0,0,0,0,0,1,0,0,0,0,0,0,0,0,0,0,0,0,0,0,0,0,3,2,0,0,1,9,3,0,0,0,0,0,0,0,0,6,0,0,1,0,1,3,0,1,1,1,0,0,0,0,0,0,0,1,0,0,0,0,0,0,2,0,0,1,1,0,0,0,0,4,3,0,3,0,0,0,3,0,0,0,0,0,0,0,2,1,0,0,0,0,0,0,2,1,0,0,1,4,3,0,0,0,1,0,0,0,0,0,3,1,0,1,3,0,3,0,0,0,1,5,1,1,5,4,0,0,0,1,0,0,0,0,0,0,0,0,0,0,0,0,1,0,3,1,0,5,1,0,0,0,0,0,0,0,0,0,0,3,4,0,4,0,0,0,1,0,0,0,1,1,5,0,0,0,0,3,1,0,0,0,0,0,0
"cell52",6,1,0,0,5,0,3,1,2,1,0,5,1,6,0,1,4,0,0,1,0,0,2,0,2,4,0,0,0,1,1,1,0,1,2,2,0,2,0,0,0,0,0,2,0,0,0,0,0,0,2,0,0,0,0,0,0,0,0,0,0,0,0,0,0,0,0,3,3,0,0,1,1,0,0,0,0,0,0,0,0,0,2,0,0,0,0,1,4,0,4,0,0,0,1,0,2,0,0,0,0,0,0,2,0,1,0,3,0,0,1,6,0,0,0,0,1,4,0,3,0,0,0,0,0,0,0,0,0,0,0,0,0,0,0,0,0,3,0,0,6,0,0,1,0,1,0,0,0,0,0,0,0,0,0,2,0,0,0,2,0,0,4,0,0,1,5,0,0,3,4,0,2,1,0,2,0,0,0,0,2,3,1,3,1,1,0,1,1,2,0,0,4,3,0,5,0,0,3,0,3,2,1,0,0,2,4,6,0,4,0,1,2,1,2,1,0,6,0,0,0,0,2,2,0,0,0,0,2,0
"cell53",8,3,1,4,2,1,3,1,2,1,1,5,1,1,0,9,2,6,7,0,0,1,5,0,7,0,2,0,6,3,0,0,0,0,3,5,0,0,6,3,0,0,0,0,3,0,0,2,5,3,0,1,1,0,0,0,0,0,0,0,0,0,0,0,0,0,0,1,4,0,0,1,1,0,0,0,0,0,0,0,0,0,3,0,0,0,0,3,7,0,0,2,8,0,0,2,0,0,0,0,1,0,0,1,0,2,0,0,0,0,1,0,0,0,1,0,2,1,0,0,6,1,0,3,0,2,0,0,0,0,0,0,1,1,0,1,0,1,0,3,3,0,0,4,0,9,0,0,1,3,0,0,0,0,0,2,4,0,3,0,3,3,1,0,0,2,2,0,9,3,2,0,0,0,0,9,0,0,3,0,10,1,0,2,0,2,5,3,0,4,3,0,3,0,0,4,0,0,0,2,0,0,1,0,0,3,0,1,2,4,1,1,0,0,4,1,1,1,3,1,0,0,2,1,0,2,0,2,2,4
"cell54",8,15,0,6,7,15,0,3,9,7,5,6,9,0,5,13,9,19,16,15,0,17,16,0,14,3,19,1,10,6,2,0,0,0,15,10,0,0,3,9,23,3,6,0,18,9,0,8,2,2,0,11,11,0,0,0,0,0,0,0,0,0,0,0,0,4,1,0,0,0,4,3,3,0,0,0,0,0,0,0,0,0,8,0,0,5,0,5,11,0,5,3,1,0,4,6,9,0,2,0,5,4,0,12,10,10,1,3,0,0,2,6,0,0,2,0,0,2,0,29,0,1,0,8,0,0,0,0,0,0,4,13,17,12,17,3,7,8,0,4,11,4,0,0,3,6,0,8,2,3,0,0,0,0,0,5,5,0,6,15,20,2,10,14,0,0,18,7,0,2,5,0,2,0,12,0,0,0,2,0,8,0,0,7,3,7,13,6,0,2,5,0,1,7,0,7,0,0,0,4,0,0,7,9,0,10,8,3,8,19,7,10,25,3,5,9,7,0,14,21,0,0,12,16,0,0,0,14,8,8
"cell55",5,2,4,0,1,1,2,0,2,2,1,2,0,1,4,0,2,2,0,1,1,0,0,0,0,0,0,0,0,0,0,0,0,0,0,0,0,0,0,0,0,0,0,3,0,0,0,0,0,0,3,0,0,0,0,0,0,0,0,0,0,0,0,0,0,0,0,3,0,0,0,1,2,0,0,0,0,0,0,0,0,0,4,0,0,0,0,1,1,0,3,3,4,0,0,0,1,0,4,2,0,0,0,0,0,0,0,1,0,0,1,1,0,0,0,0,1,3,0,0,0,0,0,3,0,0,0,0,0,0,0,0,1,0,0,0,0,0,0,0,1,3,0,2,0,0,2,0,0,2,0,0,0,0,0,0,0,2,1,2,2,5,3,0,0,0,1,0,0,1,0,0,0,0,0,5,1,0,0,0,0,0,3,0,0,0,0,1,0,6,0,0,0,1,0,3,0,0,0,0,0,0,0,0,1,0,1,0,0,0,0,1,0,0,0,1,4,3,0,3,2,0,2,2,0,0,0,0,0,0
"cell56",4,0,4,3,1,2,3,0,4,2,1,2,1,1,0,2,4,2,2,2,0,2,0,0,0,0,0,0,0,0,0,0,0,0,0,0,0,0,0,0,0,0,0,1,0,0,0,0,0,0,1,0,0,0,0,0,0,0,0,0,0,0,0,0,0,0,0,1,0,0,0,4,2,1,0,0,0,0,0,0,0,0,4,0,0,0,0,0,2,0,1,0,0,0,0,0,0,0,0,0,0,0,0,0,0,0,0,3,0,0,1,0,0,0,0,0,1,1,0,4,0,0,0,0,0,0,0,0,0,0,0,0,3,3,0,0,0,2,0,1,2,4,0,0,3,0,0,0,0,0,0,0,0,0,0,3,0,2,3,2,0,2,1,0,0,0,1,1,0,0,3,0,4,0,1,3,2,0,0,0,0,0,0,0,0,0,0,1,0,0,0,0,3,0,0,0,0,0,0,0,0,0,3,0,4,1,1,3,0,0,0,3,2,2,0,1,1,6,0,2,0,0,4,2,0,2,0,0,0,0
"cell57",1,0,4,2,3,5,6,1,6,6,8,3,2,1,4,2,1,1,9,3,0,3,4,0,2,0,0,0,6,1,0,0,0,0,0,2,0,0,1,1,4,0,0,0,0,7,0,2,4,0,0,0,2,0,0,0,0,1,0,0,0,0,0,0,0,0,0,1,3,0,0,3,2,2,0,0,0,0,0,0,0,0,3,0,0,0,0,0,4,0,2,4,3,0,2,7,4,0,0,0,7,0,0,4,0,3,0,0,2,0,2,2,0,0,1,0,1,0,1,9,0,4,0,3,0,0,0,0,0,2,0,8,2,9,0,1,0,0,0,6,2,1,0,2,3,3,0,3,5,6,0,0,0,0,3,1,9,2,1,1,2,4,1,1,0,0,4,3,3,1,2,0,1,0,2,10,0,0,2,0,4,0,0,2,2,2,0,1,0,9,5,0,4,1,0,2,0,0,1,5,0,0,6,4,0,12,3,4,2,4,6,3,1,1,8,1,2,2,0,5,0,0,6,5,1,1,5,10,5,0
"cell58",1,1,0,2,2,0,2,3,0,0,4,1,0,3,6,1,2,4,4,4,0,0,0,0,0,0,0,0,0,0,0,0,0,0,0,0,0,0,0,0,0,0,0,2,0,0,0,0,0,0,1,0,0,0,0,0,0,0,0,0,0,0,0,0,0,0,0,1,3,0,0,0,3,4,0,0,0,0,0,0,0,0,1,0,0,0,0,1,0,0,0,0,2,0,0,0,3,0,0,0,1,2,0,0,0,0,0,1,0,0,4,0,0,0,2,0,0,3,0,4,0,0,0,0,0,0,0,0,0,0,0,1,0,2,0,0,0,1,0,4,1,0,0,0,5,1,1,0,0,0,0,0,0,0,0,2,1,0,1,0,1,0,0,0,0,0,0,0,0,1,2,0,0,0,0,0,0,0,1,0,0,1,2,0,0,0,0,1,0,1,0,0,0,1,0,3,0,0,1,0,2,0,1,0,1,0,1,4,0,0,0,0,0,2,0,7,1,3,0,3,5,0,4,6,0,1,0,0,0,5
"cell59",5,1,1,5,2,1,8,4,4,4,0,2,1,1,3,4,6,9,3,2,0,3,1,0,3,0,0,5,5,2,0,0,0,2,2,1,0,0,4,1,0,4,5,0,4,3,0,0,1,2,0,0,4,0,0,0,0,0,0,0,0,0,0,1,0,3,0,1,0,0,0,3,2,0,0,0,0,0,0,0,0,0,4,0,0,0,0,2,5,0,2,2,1,0,3,4,3,0,0,0,1,0,0,2,0,3,0,0,0,0,0,2,0,0,0,0,4,0,3,0,3,2,0,1,0,6,0,0,0,2,0,2,5,1,0,3,0,6,0,3,5,3,0,1,0,0,0,0,3,7,0,0,0,0,0,0,0,0,0,4,10,5,1,0,0,8,7,2,5,1,5,0,1,3,6,5,0,0,4,0,2,0,0,4,1,1,4,6,0,5,0,0,1,0,0,0,0,0,0,2,0,0,1,1,0,0,0,0,2,4,2,5,6,2,8,8,2,0,1,7,0,0,4,3,0,1,8,6,4,0
"cell60",2,0,1,0,3,0,6,4,4,9,0,2,4,8,9,8,1,1,6,5,0,2,0,0,2,8,3,1,6,5,0,0,0,0,13,8,0,0,0,4,0,7,5,0,5,5,0,8,4,2,0,2,5,0,0,0,0,0,0,0,0,0,0,0,0,6,1,0,1,0,0,1,2,1,0,0,0,0,0,0,0,0,9,0,0,1,0,8,4,0,1,7,9,0,2,0,5,0,3,0,2,5,1,0,7,1,0,2,0,0,5,6,0,0,0,0,5,0,0,1,2,3,0,10,0,2,0,0,0,0,0,0,11,3,7,4,5,4,0,1,10,7,0,0,5,9,0,6,6,6,0,0,0,0,0,5,2,0,10,4,0,7,6,5,0,6,7,8,4,5,7,0,0,0,3,1,0,0,3,0,2,0,0,4,1,4,2,7,0,6,4,0,12,12,0,11,0,0,1,8,0,0,1,0,0,5,2,5,0,0,4,5,2,0,3,15,7,0,0,3,0,0,3,3,0,2,2,7,1,2
"cell61",1,2,1,1,1,1,2,1,3,1,1,4,0,0,1,1,5,2,3,3,0,0,0,0,3,1,1,0,0,5,0,0,1,0,5,1,0,0,4,0,1,1,3,0,2,7,0,1,0,0,0,4,0,0,0,0,0,0,0,0,0,0,0,0,0,2,2,0,1,0,0,2,10,7,0,0,0,0,0,0,0,0,5,0,0,1,0,2,1,0,1,2,10,0,4,1,0,0,0,0,0,0,0,1,0,3,3,0,0,0,2,3,0,0,3,0,1,3,0,2,0,1,0,3,0,0,0,0,0,0,0,3,0,1,4,1,0,2,0,6,2,4,0,0,0,0,0,1,1,7,0,0,0,0,0,0,2,1,2,2,0,2,10,2,0,0,2,2,3,2,5,0,3,0,0,4,0,0,3,0,4,0,0,5,0,3,0,4,0,5,1,0,12,1,0,1,0,0,6,7,0,0,3,1,0,1,1,3,2,5,0,4,4,1,1,2,2,0,1,1,0,0,3,2,0,2,0,6,3,2
"cell62",2,2,2,1,0,2,2,0,0,1,3,1,1,2,0,0,1,0,4,4,0,3,2,0,5,0,1,3,2,0,0,0,1,0,2,3,0,0,2,0,0,0,0,8,0,0,0,0,0,0,0,0,0,0,0,0,0,0,0,0,0,0,0,0,0,0,0,2,8,0,0,1,4,0,0,0,0,0,0,0,0,0,0,0,0,0,0,2,2,0,1,1,1,0,0,0,0,0,0,0,0,0,0,0,0,0,0,0,0,0,3,1,0,0,1,0,0,0,0,2,0,0,0,0,0,0,0,0,0,0,0,0,1,1,0,0,0,4,0,2,2,2,0,0,0,1,1,0,0,1,0,0,0,0,0,0,0,0,0,2,1,0,1,0,0,0,4,5,1,5,1,0,0,0,0,7,0,0,0,0,2,1,3,0,0,1,2,0,0,0,2,0,1,2,0,3,0,0,2,1,0,0,0,0,4,2,0,0,0,5,0,1,2,4,1,2,1,4,0,0,0,0,2,3,0,1,0,2,0,0
"cell63",14,6,12,1,4,10,4,5,1,3,6,9,0,2,3,11,6,1,9,16,0,7,6,0,5,6,1,2,9,4,0,0,0,0,2,9,0,0,9,3,3,4,2,0,0,0,0,2,0,7,0,11,7,0,0,0,0,0,0,0,0,0,0,0,0,16,6,0,0,0,0,3,6,12,0,0,0,0,0,0,0,0,0,0,0,0,0,2,8,0,1,6,8,0,10,2,1,0,2,0,6,3,4,0,14,6,7,0,0,0,3,1,0,0,10,0,5,2,0,5,0,0,0,0,0,0,0,0,0,0,0,2,6,6,2,1,6,1,0,9,10,5,0,0,2,6,0,0,11,8,0,0,0,0,0,2,5,3,1,17,3,5,6,12,0,1,9,4,3,4,5,0,7,0,2,3,0,0,1,0,5,0,0,5,10,3,0,1,0,4,6,0,5,6,0,2,0,0,3,3,0,0,6,2,0,8,3,10,3,10,10,2,4,4,7,12,8,0,7,7,0,0,13,11,0,2,0,3,3,0
"cell64",0,1,3,9,2,0,3,3,2,2,2,2,3,2,3,0,3,4,3,6,0,1,2,0,4,1,1,0,2,3,0,0,0,0,2,0,0,0,1,0,1,0,0,0,0,0,0,0,0,0,1,0,0,0,0,0,0,0,0,0,0,0,0,0,0,0,0,0,2,0,0,1,1,3,0,0,0,0,0,0,0,0,0,0,0,0,0,3,7,0,1,0,0,0,3,0,0,0,1,0,1,0,0,1,0,0,0,0,0,0,1,0,0,0,1,0,0,3,0,4,0,0,0,0,0,0,0,0,0,0,0,0,1,1,1,0,0,1,0,4,4,0,0,0,2,0,2,0,0,1,0,0,0,0,0,2,0,1,2,1,3,4,0,0,0,3,4,2,0,4,3,0,1,0,2,1,0,0,0,0,3,0,3,4,1,1,1,1,0,1,2,0,2,1,0,3,0,0,4,3,0,0,3,1,0,0,1,2,0,0,0,2,4,1,0,9,0,3,0,1,0,0,5,6,0,0,0,5,4,1
"cell65",8,3,3,6,5,0,3,1,0,2,2,0,0,1,1,1,1,0,1,1,0,2,2,0,0,0,0,0,0,0,0,0,0,0,0,0,0,0,0,0,0,0,0,4,0,0,0,0,0,0,1,0,0,0,0,0,0,0,0,0,0,0,0,0,0,0,0,2,1,0,0,2,3,0,0,0,0,0,0,0,0,0,1,0,0,0,0,0,2,0,2,0,1,0,0,0,0,0,5,0,4,1,0,0,0,1,0,0,0,0,3,0,0,0,2,0,2,2,0,3,0,0,0,0,0,0,0,0,0,0,0,0,3,4,0,0,0,1,0,1,3,2,0,0,1,2,2,0,0,3,0,0,0,0,0,3,0,2,0,2,2,2,3,0,0,0,2,2,5,1,1,0,0,0,0,6,0,0,1,0,0,2,0,1,0,0,0,1,0,0,1,0,4,1,0,4,0,0,1,0,0,0,0,0,0,2,0,2,0,0,0,1,0,0,0,3,0,3,0,0,0,0,2,4,0,0,0,0,0,1
"cell66",1,7,1,0,4,0,3,0,0,3,2,0,1,1,4,4,4,2,1,0,0,4,3,0,0,0,0,0,0,0,0,0,0,0,0,0,0,0,0,0,0,0,0,1,0,0,0,0,0,0,0,0,0,0,0,0,0,0,0,0,0,0,0,0,0,0,0,0,2,0,0,0,3,1,0,0,0,0,0,0,0,0,4,0,0,0,0,0,3,0,1,2,2,0,0,0,2,0,0,0,2,2,0,0,0,0,0,4,0,0,0,3,0,0,0,0,1,1,0,4,0,0,0,3,0,0,0,0,0,0,0,3,4,2,0,0,0,0,0,1,5,1,0,4,3,3,0,0,0,1,0,0,0,0,0,3,0,0,0,4,2,4,1,0,0,3,2,0,1,1,1,0,0,0,1,0,0,0,0,0,0,0,6,0,0,0,0,0,0,3,3,0,1,4,0,3,0,0,1,0,0,0,0,0,4,3,2,0,0,1,0,2,0,0,0,3,0,3,0,2,0,0,0,0,0,0,0,0,0,2
"cell67",14,17,6,9,13,6,11,8,8,9,4,6,6,9,5,16,7,15,10,14,0,17,5,0,18,2,19,16,6,12,0,5,0,0,9,14,0,0,26,2,16,0,15,0,11,13,0,14,8,13,0,0,22,0,0,0,0,0,0,0,0,0,0,0,0,4,3,0,0,4,11,9,3,3,0,0,0,0,0,0,0,0,4,0,0,0,0,8,15,0,0,0,5,0,13,8,5,0,7,0,3,6,6,12,12,16,6,0,0,0,6,19,0,0,4,0,12,1,0,13,0,0,0,3,0,0,0,0,0,0,0,0,9,9,11,1,3,20,0,13,5,3,0,0,6,0,0,20,0,11,0,0,0,0,0,23,2,7,6,9,8,11,12,12,0,11,12,4,0,13,8,0,12,0,8,7,0,0,13,0,15,0,0,19,4,4,12,5,0,21,11,0,8,6,0,8,0,0,11,15,0,0,11,0,0,2,1,28,3,4,9,1,15,0,5,28,9,0,7,19,0,0,10,7,0,4,0,22,5,0
"cell68",6,18,15,4,8,0,11,8,0,10,17,18,8,9,10,13,5,21,6,1,0,8,4,0,1,12,13,9,10,3,0,0,0,0,5,9,0,0,3,11,7,8,6,0,14,19,0,9,6,7,0,5,7,0,0,0,0,0,0,0,0,0,0,0,0,4,1,0,0,0,0,14,10,0,0,0,0,0,0,0,0,0,9,0,0,0,0,14,6,0,5,8,9,0,8,17,0,0,2,0,12,5,1,16,11,9,10,9,0,0,15,8,0,0,0,0,3,0,0,15,0,1,0,16,0,0,0,0,0,0,0,5,17,1,3,22,18,9,0,2,5,9,0,0,6,1,0,14,11,18,0,0,0,0,0,8,2,11,2,8,10,8,3,7,0,11,15,11,0,15,6,0,10,0,0,7,0,0,4,0,0,0,0,1,4,17,0,1,0,14,10,0,19,3,0,21,0,0,9,3,0,0,5,3,0,12,7,4,7,20,7,7,23,12,2,20,3,0,18,6,0,0,8,21,0,0,0,18,12,3
"cell69",1,1,1,5,5,0,0,0,2,0,1,1,1,0,3,2,1,2,2,3,0,2,2,0,2,2,1,0,3,1,0,0,0,0,0,1,0,2,0,0,0,0,0,1,0,0,0,0,0,0,1,0,0,0,0,0,0,0,0,0,0,0,0,0,0,0,0,4,1,0,0,3,0,4,0,0,0,0,0,0,0,0,1,0,0,0,0,1,0,0,1,1,0,0,6,0,3,0,2,0,1,3,0,0,0,1,0,0,0,0,1,3,0,0,1,0,0,1,0,1,0,0,0,1,0,0,0,0,0,0,0,2,3,0,0,0,0,1,0,0,3,3,0,0,1,4,1,0,0,1,0,0,0,0,0,2,4,0,0,0,2,1,1,0,0,2,2,1,0,3,1,0,0,0,1,2,0,0,3,0,0,2,1,2,0,1,0,2,1,2,0,0,2,0,0,4,0,0,3,0,0,0,1,0,0,4,0,3,0,3,1,3,3,1,0,1,0,1,0,0,0,0,4,3,0,0,0,0,0,0
"cell70",1,0,1,1,0,1,1,1,0,1,6,3,1,3,4,1,3,0,2,0,0,3,4,0,3,0,0,1,0,0,0,0,0,0,0,0,0,0,0,0,0,0,0,1,0,0,0,0,0,0,1,0,0,0,0,0,0,0,0,0,0,0,0,0,0,0,0,1,1,0,0,7,4,2,0,0,0,0,0,0,0,0,0,0,0,0,0,6,3,0,0,2,3,0,0,0,1,0,1,0,0,0,0,3,0,0,0,2,0,0,4,1,0,0,0,0,0,3,0,6,0,0,0,0,0,0,0,0,0,0,0,1,2,0,0,0,0,1,0,2,1,2,0,0,4,1,2,0,0,1,0,0,0,0,0,3,0,3,1,5,0,1,2,0,0,2,5,2,2,3,3,0,0,0,2,2,0,0,0,0,0,6,1,0,0,0,0,2,0,2,1,0,2,1,0,4,0,0,0,4,0,0,0,0,5,1,4,3,0,0,0,0,0,0,0,1,3,1,0,3,0,0,0,4,0,2,0,0,0,0
"cell71",0,1,0,1,3,2,4,2,3,8,1,0,0,4,5,6,6,6,1,7,0,1,1,0,2,2,0,3,2,3,0,0,0,0,3,0,0,0,6,2,2,0,0,0,2,1,0,1,0,0,0,0,0,0,0,0,0,2,0,0,2,0,0,0,0,0,0,1,0,0,0,0,3,2,0,0,0,0,0,0,0,0,1,0,0,0,0,2,3,0,1,0,4,2,0,6,0,1,2,0,2,0,0,0,0,7,0,1,0,0,4,3,0,0,1,0,0,1,0,6,0,0,0,0,0,0,0,0,0,0,0,0,7,0,0,0,0,1,0,4,1,1,0,0,8,1,0,1,0,3,0,0,0,1,0,1,1,3,0,3,0,5,2,0,0,0,2,1,3,2,1,1,1,0,0,4,0,0,1,0,6,4,1,2,1,0,3,2,0,6,5,0,5,2,0,4,0,0,5,4,0,0,0,0,0,2,0,7,0,2,2,1,6,2,2,3,2,2,0,3,0,1,0,1,0,1,4,6,3,4
"cell72",1,0,0,0,6,3,0,1,2,0,1,2,0,0,2,0,3,9,0,2,0,0,0,3,0,0,0,0,0,0,0,0,0,0,0,0,0,0,0,0,0,0,0,0,0,0,0,0,0,0,1,0,0,0,0,0,0,0,0,0,0,0,0,0,0,0,0,2,0,0,0,0,1,2,0,0,0,0,0,0,0,0,0,0,0,0,0,0,3,0,3,2,1,0,0,0,2,0,0,0,2,0,0,0,0,0,0,0,0,0,2,1,0,0,0,0,0,2,0,0,0,0,0,0,0,0,0,0,0,0,0,0,0,2,0,0,0,1,0,2,0,3,0,2,1,0,1,0,0,0,0,0,0,0,0,0,0,0,1,1,0,0,0,0,0,0,2,0,0,0,2,0,1,0,2,3,0,0,0,0,0,3,3,0,0,0,0,0,0,1,2,0,1,0,0,2,0,0,2,0,0,0,0,0,1,4,0,1,0,0,0,1,0,0,0,3,0,4,0,0,2,0,1,3,0,1,0,0,0,2
"cell73",5,0,7,5,2,1,1,2,0,8,2,2,0,0,1,4,3,5,4,4,0,5,2,0,3,1,3,2,2,1,0,0,0,0,3,0,0,0,2,2,3,0,0,0,2,1,0,1,3,2,0,3,0,0,0,0,0,0,0,0,0,0,0,0,0,6,1,3,1,0,0,2,8,0,0,0,0,0,0,0,0,0,5,0,0,0,0,2,9,0,0,1,0,0,4,0,0,0,1,0,4,4,1,1,0,5,0,4,0,0,1,3,0,0,0,0,1,1,0,3,0,2,0,0,0,0,0,0,0,0,0,1,5,2,8,6,0,0,0,4,6,1,0,0,3,1,0,2,2,3,0,0,0,0,0,3,0,1,2,1,7,3,0,4,0,1,8,0,2,2,4,0,2,0,1,2,0,0,3,0,4,0,0,7,5,2,5,2,0,2,0,0,6,2,0,2,0,0,6,5,0,0,2,2,0,3,4,2,5,4,3,1,2,4,4,4,0,0,6,1,0,0,4,3,0,2,0,3,1,0
"cell74",1,1,7,1,4,4,7,1,1,2,3,5,3,3,2,1,4,0,3,2,0,1,13,0,1,3,7,2,4,7,0,0,0,0,3,6,0,0,3,7,9,1,1,0,2,4,0,6,4,5,0,3,1,0,0,0,0,0,0,0,0,0,0,0,0,4,2,4,0,0,0,0,4,3,0,0,0,0,0,0,0,0,0,0,0,0,0,1,4,0,2,6,11,0,0,8,0,0,5,0,1,6,1,0,4,6,0,1,0,0,5,2,0,0,4,0,6,0,0,8,0,2,0,9,0,0,0,0,0,0,0,0,11,3,10,7,2,6,0,1,2,1,0,1,5,3,0,3,7,4,0,0,0,0,0,5,1,7,5,9,4,4,0,3,0,0,5,2,3,8,5,0,0,0,0,10,2,0,0,0,5,0,0,2,7,4,2,3,0,2,1,0,9,3,0,6,0,0,2,2,0,0,5,3,0,6,7,13,2,4,1,2,4,2,2,7,2,0,1,7,0,0,4,6,0,2,1,4,1,0
"cell75",1,0,3,0,2,2,1,1,1,0,3,3,0,0,2,7,1,0,8,3,0,1,2,0,3,1,3,2,0,1,0,0,0,0,4,1,0,0,0,1,4,1,1,0,0,2,0,2,0,0,0,3,4,0,0,0,0,0,0,0,0,0,0,0,0,1,0,0,1,0,0,2,6,0,0,0,0,0,0,0,0,0,3,0,0,0,0,1,4,0,1,1,3,0,4,5,2,0,0,0,2,0,0,1,0,3,0,0,0,0,1,0,0,0,0,0,1,0,0,7,0,0,0,0,0,0,0,0,0,0,1,2,7,0,0,0,0,0,0,1,1,2,0,0,0,4,0,0,5,1,0,0,0,0,0,1,2,2,1,3,1,0,0,0,0,2,2,1,3,4,2,0,4,1,0,0,0,0,3,0,0,0,0,3,2,0,0,7,0,5,3,0,5,0,0,1,0,0,4,4,0,0,1,0,0,5,0,3,2,3,2,1,4,5,8,2,0,0,0,0,0,0,4,8,0,3,0,3,2,3
"cell76",2,0,0,2,0,1,1,0,4,1,0,4,2,0,1,6,4,0,5,1,0,1,3,0,4,1,2,1,0,2,0,0,0,0,1,1,0,0,0,0,0,0,0,0,0,0,0,0,0,0,4,0,0,0,0,0,0,0,0,0,0,0,0,0,0,0,0,5,0,0,0,3,6,1,0,0,0,0,0,0,0,0,3,0,0,0,0,1,2,0,0,0,1,0,2,0,0,0,2,0,0,2,0,0,0,1,0,2,0,0,1,1,0,0,1,0,0,4,0,4,0,0,0,2,0,0,0,0,0,0,0,3,5,2,1,0,0,2,0,8,3,1,0,5,3,1,1,0,0,3,0,0,0,0,0,1,1,0,2,0,2,5,3,0,0,1,0,4,0,0,1,0,0,0,5,1,0,0,0,0,0,1,1,0,3,1,1,2,0,0,2,0,4,2,0,0,0,0,0,2,1,2,4,0,2,1,1,1,0,1,0,0,0,3,2,0,0,1,0,1,0,0,2,1,0,1,0,0,0,2
"cell77",2,3,3,4,0,2,8,3,1,0,2,2,4,2,10,4,1,5,0,5,0,2,3,0,1,1,2,0,4,4,0,1,1,0,0,1,0,0,4,7,4,0,2,0,1,5,0,6,3,0,0,0,0,0,0,0,0,0,0,1,0,4,0,0,0,0,0,2,0,0,0,5,4,0,0,0,0,0,0,0,0,0,8,0,0,0,1,2,3,0,0,0,1,0,1,2,2,2,0,0,1,0,0,0,0,2,0,6,2,0,1,0,0,0,0,0,1,0,0,7,2,3,0,8,0,0,0,0,0,0,0,0,4,2,0,1,0,4,0,3,2,1,0,0,14,3,0,6,0,0,1,0,0,0,0,0,0,1,2,0,4,0,2,1,0,0,3,3,2,2,1,0,1,0,2,2,0,0,0,0,8,2,3,3,4,1,3,0,0,4,1,0,7,2,0,2,0,0,0,4,0,0,1,2,0,8,1,4,0,2,0,3,7,1,3,0,2,2,0,3,0,1,1,0,1,0,4,4,0,3
"cell78",2,4,2,3,1,4,2,0,0,1,5,1,3,2,3,6,2,1,3,4,0,2,2,0,9,1,1,1,1,0,0,0,0,1,5,4,0,0,1,3,7,3,4,0,7,2,0,2,0,1,0,2,4,1,0,0,0,0,0,0,0,0,0,0,0,0,0,1,0,0,0,3,10,2,0,0,0,0,0,1,0,0,4,0,0,0,0,0,0,0,2,0,0,0,4,2,0,0,2,0,8,0,0,2,0,0,0,5,0,0,0,3,0,0,2,0,3,1,0,4,5,6,0,2,0,1,0,0,0,2,0,0,4,12,0,0,0,4,0,1,6,4,0,1,5,2,0,4,0,1,0,0,0,0,0,2,3,2,3,5,0,4,7,3,0,1,0,5,1,7,4,0,0,0,2,5,2,0,4,0,2,0,0,7,2,2,2,1,0,11,5,0,2,5,0,1,0,0,5,4,0,0,3,1,0,1,1,3,2,3,1,0,0,5,2,7,2,0,1,2,0,0,2,3,0,2,2,1,1,2
"cell79",6,2,0,0,4,4,1,5,1,1,0,5,7,4,2,7,3,0,1,4,0,2,4,0,4,0,3,0,1,0,0,0,0,0,1,3,0,0,0,3,1,4,0,0,4,3,0,1,4,0,0,0,0,0,0,0,0,0,0,0,0,0,0,0,0,0,0,3,0,0,0,1,3,4,0,0,0,0,0,0,0,0,1,0,0,0,0,3,5,0,1,0,0,0,4,2,5,0,0,0,2,0,0,0,0,3,0,4,0,0,3,4,0,0,4,0,1,0,0,3,0,7,0,2,0,0,0,0,0,0,0,3,3,2,0,0,0,2,0,8,5,1,0,1,4,1,0,4,1,3,0,0,0,3,0,0,2,2,1,1,1,0,0,2,0,0,7,4,2,1,5,0,1,0,1,2,0,0,1,0,10,0,0,5,0,3,3,0,0,5,1,0,7,0,0,0,0,0,2,4,0,0,1,0,0,2,2,2,1,0,4,2,5,0,5,5,2,0,1,0,0,0,6,3,0,0,2,6,1,4
"cell80",1,3,2,1,2,2,0,0,2,1,4,0,0,0,3,2,1,0,0,3,0,1,0,0,0,0,1,0,0,0,0,0,0,0,0,0,0,0,0,0,0,0,0,1,0,0,0,0,0,0,2,0,0,0,0,0,0,0,0,0,0,0,0,0,0,0,0,3,1,0,0,1,3,3,0,0,0,0,0,0,0,0,0,0,0,0,0,0,0,0,0,2,0,0,0,0,2,0,1,0,0,0,0,1,0,0,0,0,0,0,0,0,0,0,4,0,1,0,0,4,0,0,0,0,0,0,0,0,0,0,0,3,1,2,0,0,0,0,0,3,1,1,0,1,0,3,1,0,0,2,0,0,0,0,0,0,0,1,0,2,2,1,0,0,0,0,1,0,0,5,0,0,0,0,0,5,0,0,0,0,0,0,1,0,0,0,0,0,0,4,0,0,0,2,0,4,0,0,0,0,0,0,0,0,3,2,1,0,0,0,0,0,0,0,0,3,1,4,0,2,1,0,0,2,0,1,0,0,0,0
"cell81",3,3,1,2,0,0,1,0,4,2,0,2,10,4,4,2,3,5,1,9,0,2,1,0,3,1,3,5,3,0,0,0,0,0,1,7,0,0,1,1,5,0,3,0,1,2,0,2,1,2,0,4,2,0,0,0,0,0,0,0,0,0,0,0,0,4,0,2,4,0,0,2,6,1,0,0,0,0,0,0,0,0,1,0,0,0,0,6,2,0,1,2,6,0,5,2,5,0,2,0,3,0,0,2,0,1,0,4,0,0,3,6,0,0,4,0,0,1,0,0,0,5,0,1,0,1,0,0,0,2,0,3,4,4,0,0,0,1,0,3,5,2,0,0,0,5,0,3,1,4,0,0,0,0,0,8,3,1,1,3,2,10,0,1,0,1,0,3,0,8,0,0,3,0,0,6,0,0,4,0,6,0,0,3,5,3,0,3,0,4,0,0,0,5,0,2,0,0,4,2,0,0,6,0,0,8,2,3,2,2,2,0,4,2,3,3,1,0,5,1,0,0,2,5,0,3,4,6,3,1
"cell82",2,0,3,3,1,1,1,0,6,0,2,1,2,0,2,1,0,2,2,6,0,4,1,0,7,2,1,0,5,4,0,3,1,0,0,1,0,1,0,0,0,0,0,2,0,0,0,0,0,0,2,0,0,0,0,0,0,0,0,0,0,0,0,0,0,0,0,1,0,0,0,1,0,0,0,0,0,0,0,0,0,0,1,0,0,0,0,2,1,0,2,0,0,0,3,0,3,0,2,0,2,4,0,0,0,1,0,2,0,0,2,5,0,0,0,0,0,0,0,1,0,0,0,1,0,0,0,0,0,0,0,0,1,1,0,0,0,0,0,0,1,2,0,2,3,3,1,0,0,0,0,0,0,0,0,2,3,0,2,0,4,0,2,0,0,2,3,2,2,2,2,0,0,0,0,2,0,0,1,0,0,1,1,0,5,4,1,1,0,3,1,0,5,3,0,3,0,0,0,1,2,0,0,0,2,4,1,2,0,3,0,1,2,4,0,1,1,2,0,0,0,0,3,0,0,1,0,0,0,2
"cell83",5,2,4,4,0,6,5,6,2,0,4,1,1,1,1,2,5,2,6,10,0,4,2,0,1,0,3,9,2,0,0,0,0,0,5,3,0,0,2,0,1,1,5,0,3,2,0,0,2,1,0,9,7,0,0,0,0,0,0,0,0,0,0,0,0,2,5,0,0,0,0,3,6,7,0,0,0,0,0,0,0,0,4,0,0,0,0,6,7,0,3,2,2,0,1,6,0,0,0,0,0,0,3,0,0,1,5,2,0,0,5,2,0,0,5,0,7,1,0,3,0,2,0,1,0,0,0,0,0,0,0,5,13,0,2,3,3,2,0,6,1,3,0,1,3,6,0,2,0,14,0,0,0,0,0,2,4,2,3,4,2,5,2,4,0,4,5,7,2,4,5,0,5,0,3,3,0,0,4,0,4,0,0,4,3,4,5,2,0,4,1,0,3,3,0,3,0,0,2,5,0,0,0,0,0,5,0,9,7,8,1,0,0,1,1,8,3,0,7,1,0,0,7,4,0,1,0,5,1,8
"cell84",2,5,0,3,0,1,1,0,3,4,4,1,0,4,4,5,4,1,3,6,0,6,2,0,5,1,0,0,3,3,0,0,1,0,1,3,0,0,6,0,8,2,1,0,0,0,0,0,0,0,0,0,0,0,0,0,0,0,0,0,0,0,0,0,0,0,0,2,1,0,0,4,1,1,0,0,0,0,0,0,0,0,4,0,0,0,0,2,3,0,0,0,4,0,1,0,0,0,2,0,2,0,0,1,0,2,0,1,0,0,6,0,0,0,1,0,1,0,0,6,0,0,0,6,0,0,0,0,0,0,0,0,2,0,0,0,0,1,0,5,0,0,0,3,0,1,0,0,0,1,0,0,0,0,0,1,1,1,1,2,2,2,2,3,0,0,3,1,1,2,2,3,4,0,0,8,0,0,2,0,7,9,0,0,2,2,0,0,0,0,2,0,4,4,0,1,0,0,3,1,0,0,3,1,1,2,4,0,0,2,2,0,2,3,1,1,1,2,0,0,0,0,1,8,0,1,0,4,1,3
"cell85",3,1,5,2,2,1,1,0,2,4,0,4,2,3,3,5,4,0,1,0,0,2,0,0,1,0,2,0,2,4,0,0,0,2,2,1,0,0,3,0,2,0,1,0,0,0,0,1,0,0,0,0,0,0,0,2,0,0,0,0,0,0,0,0,0,0,0,1,3,0,0,2,2,1,0,0,0,0,0,0,0,0,4,0,0,2,0,5,4,0,4,3,0,0,2,1,3,0,0,0,0,4,0,0,0,4,0,7,0,0,6,0,0,0,2,0,2,2,0,4,0,0,0,3,0,0,0,0,0,0,0,4,5,3,0,0,0,4,0,1,1,2,0,1,3,1,4,0,1,0,0,0,0,0,0,0,4,1,4,1,0,5,1,4,0,0,0,3,0,4,0,0,2,0,1,0,0,0,1,0,1,0,2,2,2,4,3,3,0,5,1,0,5,1,0,4,0,0,0,0,2,0,0,2,0,1,2,2,0,0,0,1,3,0,4,4,0,4,0,1,0,0,1,3,0,2,2,3,0,2
"cell86",3,2,1,0,1,4,1,0,1,3,0,1,4,1,2,6,5,0,3,0,0,1,0,0,0,0,0,0,0,0,0,0,0,0,0,0,0,0,0,0,0,0,0,1,0,0,0,0,0,0,1,0,0,0,0,0,0,0,0,0,0,0,0,0,0,0,0,5,1,0,0,1,0,2,0,0,0,0,0,0,0,0,2,0,0,0,0,0,3,0,2,0,2,0,0,0,1,0,1,0,1,2,0,1,0,2,0,3,0,0,0,2,0,0,2,0,4,1,0,2,0,0,0,0,0,0,0,0,0,0,0,0,1,3,0,0,0,5,0,1,0,1,0,0,1,0,1,0,0,0,0,0,0,0,0,2,0,1,2,1,0,1,0,0,0,0,1,2,4,5,0,0,0,0,0,3,0,0,0,0,0,2,2,1,0,0,0,0,0,3,2,0,3,1,0,1,0,0,2,0,0,0,2,0,2,3,7,1,0,0,0,0,5,0,0,2,4,4,0,0,0,0,3,1,0,1,0,0,0,3
"cell87",13,2,3,0,5,5,2,3,6,3,5,1,4,8,12,22,12,4,17,11,0,9,14,0,7,7,4,17,10,5,0,0,0,0,4,4,0,0,5,13,5,3,3,0,12,1,0,16,3,10,0,3,7,0,0,0,0,0,0,0,0,0,0,0,0,6,2,0,0,0,0,8,3,8,0,0,0,0,0,0,0,0,3,0,0,0,0,4,15,0,0,5,4,0,7,19,15,0,5,0,5,0,10,0,2,13,2,0,0,0,15,8,0,0,15,0,2,0,0,16,0,0,0,3,0,0,0,0,0,0,0,9,13,5,19,0,4,2,0,6,6,4,0,0,2,2,0,2,7,6,0,0,0,0,0,8,0,17,6,1,0,5,6,13,0,5,7,6,2,10,10,0,2,0,4,8,0,0,8,0,4,0,0,4,7,2,11,3,0,13,0,0,8,10,0,3,0,0,3,7,0,0,2,1,0,0,4,7,3,9,13,6,0,8,3,3,0,0,4,8,0,0,10,2,0,3,0,4,0,10
"cell88",0,2,2,4,10,9,4,3,4,10,2,10,1,3,3,5,6,5,1,3,0,2,19,0,6,0,3,2,4,2,0,0,0,0,1,1,0,0,11,6,0,1,0,0,1,4,0,0,5,3,0,6,5,0,0,0,0,0,0,0,0,0,0,0,0,7,3,0,0,0,0,6,6,0,0,0,0,0,0,0,0,0,3,0,0,0,0,0,4,0,3,8,5,0,6,1,7,0,4,0,11,5,4,8,4,2,1,2,0,0,11,0,0,0,7,0,2,2,0,3,0,1,0,4,0,0,0,0,0,0,0,2,7,10,4,5,6,2,0,4,1,8,0,1,6,11,0,1,8,6,0,0,0,0,0,2,8,8,2,2,6,6,6,3,0,2,13,1,2,9,2,0,8,0,0,11,0,0,4,0,7,0,0,5,7,1,7,11,0,2,2,0,7,5,0,2,0,0,4,2,0,0,5,6,0,4,4,8,4,7,14,1,7,4,4,0,4,0,7,5,0,0,14,10,0,2,0,7,2,4
"cell89",2,3,4,4,0,1,1,1,0,0,0,0,3,3,1,4,1,3,2,4,0,0,0,2,0,0,0,0,0,0,0,0,0,0,0,0,0,0,0,0,0,0,0,0,0,0,0,0,0,0,0,0,0,0,0,0,0,0,0,0,0,0,0,0,0,0,0,2,0,0,0,1,0,0,0,0,0,0,0,0,0,0,0,0,0,0,0,2,4,0,0,3,2,0,0,0,6,0,1,0,1,4,0,0,0,0,0,2,0,0,1,0,0,0,1,0,5,2,0,4,0,0,0,0,0,0,0,0,0,0,0,0,2,2,0,0,0,2,0,2,2,1,0,2,1,0,1,0,0,4,0,0,0,0,0,7,0,1,0,4,0,0,0,0,0,0,2,0,0,0,4,0,0,0,1,0,0,0,2,0,0,3,3,0,0,0,2,2,0,1,3,0,0,6,0,1,0,0,0,0,0,0,1,0,4,2,1,2,0,0,0,2,0,0,0,1,1,3,0,4,1,0,2,3,0,2,0,0,0,0
"cell90",1,3,4,3,0,0,3,1,0,2,1,2,0,0,1,2,5,4,2,0,0,1,2,0,0,3,5,0,2,0,0,0,0,0,4,3,0,0,0,2,0,0,0,0,0,0,0,0,0,0,2,0,0,0,0,0,0,0,0,0,0,0,0,0,0,0,0,2,1,0,0,3,7,0,0,0,0,0,0,0,0,0,2,0,0,0,0,3,2,0,2,0,1,0,1,0,0,0,2,0,1,0,0,0,0,1,0,1,0,0,3,0,0,0,0,0,2,3,0,1,0,0,0,0,0,0,0,0,0,0,0,0,4,1,0,0,0,0,0,1,3,4,0,1,1,3,1,0,0,1,0,0,0,0,0,2,1,0,0,2,3,0,0,0,0,0,2,4,4,2,5,0,0,0,0,1,0,1,0,0,1,1,0,2,4,3,8,1,0,0,3,0,4,0,0,3,0,0,2,0,1,0,3,2,0,7,0,1,0,4,0,2,0,1,2,0,3,1,0,0,0,0,1,3,0,0,0,6,2,0
"cell91",1,2,1,2,3,2,0,0,1,0,3,0,3,1,1,3,4,5,1,2,0,2,0,2,0,0,0,0,0,0,0,0,0,0,0,0,2,0,0,0,0,0,0,0,0,0,0,0,0,0,1,0,0,0,0,0,0,0,0,0,0,0,0,0,0,0,0,3,1,0,0,0,0,0,0,0,0,0,0,0,0,0,0,0,0,0,0,1,0,0,0,2,0,0,0,0,2,0,0,1,3,0,0,0,0,1,0,3,0,0,5,2,0,0,0,0,2,0,0,3,0,0,3,3,0,0,0,0,0,0,0,2,0,0,0,0,0,3,0,4,3,4,0,2,0,0,2,0,0,1,0,0,0,0,0,4,0,3,0,4,1,1,0,0,0,0,0,0,0,2,3,0,1,0,0,2,0,0,1,0,0,0,1,1,0,0,0,2,0,1,3,0,1,1,0,2,0,0,0,0,0,0,2,0,1,9,1,1,0,0,0,2,2,0,0,0,1,2,0,4,0,0,3,2,0,3,0,0,0,3
"cell92",4,1,4,0,5,3,5,1,0,0,3,1,0,5,2,0,0,3,4,3,0,2,1,0,0,1,1,1,1,4,0,0,0,0,2,6,0,0,4,1,7,1,2,0,3,2,0,0,5,5,2,0,2,0,0,0,0,0,0,0,0,0,0,0,0,0,0,3,1,0,0,2,4,0,0,0,0,0,0,0,0,0,2,0,0,0,0,4,2,0,3,6,0,0,5,2,0,0,0,0,1,0,0,0,0,3,0,3,0,0,1,1,0,0,1,0,1,4,0,2,0,4,0,2,0,3,0,0,0,4,0,1,7,2,0,0,0,1,0,1,2,1,0,0,2,3,0,1,3,3,0,0,0,0,0,0,7,1,1,3,2,0,4,2,0,1,3,2,1,0,3,0,0,1,1,8,2,0,3,0,5,0,0,3,1,1,3,0,0,1,1,0,0,0,0,0,0,0,0,1,0,0,0,1,0,1,1,0,1,1,2,3,0,3,0,3,5,0,4,9,0,0,2,0,0,0,4,0,2,2
"cell93",2,5,5,0,1,0,4,1,0,0,1,0,1,2,1,1,3,6,1,3,0,2,0,0,1,0,2,0,3,1,0,0,0,1,6,2,0,0,2,3,0,0,0,0,0,0,0,0,0,0,0,0,0,0,0,0,0,0,0,0,0,0,0,0,0,0,0,4,1,0,0,0,4,4,0,0,0,0,0,0,0,0,8,0,0,0,0,1,3,0,5,4,2,0,4,0,5,0,2,0,1,1,0,1,0,0,0,0,0,0,4,1,0,0,0,0,2,0,0,1,0,0,0,1,0,0,0,0,0,0,0,2,4,0,0,0,0,1,0,9,8,0,0,0,2,1,0,0,0,1,0,0,0,0,0,0,0,0,0,0,1,2,2,0,0,2,4,1,1,4,3,0,4,0,4,0,0,0,0,0,1,6,1,3,0,3,3,0,0,7,0,0,5,1,0,0,0,0,0,0,1,0,2,0,2,0,4,2,0,2,1,0,1,3,2,3,2,6,0,4,0,0,5,2,0,0,0,1,2,1
"cell94",5,12,7,11,7,12,4,5,8,3,8,21,2,6,12,8,8,14,12,14,0,21,3,0,1,7,4,3,4,0,0,0,0,0,19,12,0,0,7,6,9,4,7,0,8,7,0,5,6,5,0,17,6,0,0,0,0,0,0,0,0,0,0,0,0,13,14,0,0,2,0,7,9,6,0,0,0,0,0,0,0,0,0,0,0,0,0,11,4,0,1,8,15,0,11,8,8,0,6,0,9,1,6,5,10,2,2,0,0,0,3,7,0,0,7,0,10,0,0,3,0,0,3,0,0,0,0,0,0,0,0,6,16,3,8,18,6,0,0,9,7,7,0,6,9,8,0,9,9,7,0,0,0,0,0,2,11,9,7,7,2,3,12,15,0,5,8,1,1,4,1,0,5,0,5,11,0,0,6,0,5,0,0,6,5,6,6,15,0,7,4,0,8,8,0,5,0,0,12,10,0,0,18,4,0,12,6,5,8,12,5,4,4,7,0,7,4,0,8,10,0,0,4,2,0,1,0,4,1,13
"cell95",0,0,3,9,1,2,3,1,1,2,1,2,1,4,3,7,3,0,2,3,0,0,3,0,1,2,5,0,3,1,0,0,0,0,1,0,0,0,3,0,2,0,0,0,0,0,0,0,0,0,1,0,0,0,0,0,0,0,0,0,0,0,0,0,0,0,0,0,3,0,0,3,2,0,0,0,0,0,0,0,0,0,1,0,0,0,0,2,2,0,0,3,0,0,2,0,1,0,3,0,0,3,0,0,0,2,0,5,0,0,3,1,0,0,1,0,3,6,0,6,0,0,0,0,0,0,0,0,0,0,0,2,3,0,1,0,0,1,0,2,4,0,0,1,3,3,3,0,0,1,0,0,0,0,0,3,5,1,0,2,5,1,0,0,0,2,5,1,0,3,4,0,2,0,1,3,0,0,0,0,3,3,3,3,0,3,1,1,0,2,1,0,1,0,0,3,0,0,0,1,1,0,4,1,1,0,1,0,0,1,0,0,2,2,0,1,0,5,0,0,0,0,8,3,0,1,0,1,3,5
"cell96",0,1,1,2,1,0,2,1,1,3,5,5,2,3,6,1,0,0,1,4,0,1,0,0,0,0,0,0,0,0,0,0,0,0,0,0,0,0,0,0,0,0,0,0,0,0,0,0,0,0,0,0,0,0,0,0,0,0,0,0,0,0,0,0,0,0,0,3,3,0,0,0,2,1,0,0,0,0,0,0,0,0,2,0,0,0,0,2,3,0,1,2,1,0,0,0,3,0,0,0,4,1,0,0,0,0,0,3,0,0,0,3,0,0,0,0,0,2,0,2,0,1,0,0,0,0,0,0,0,0,0,0,1,1,0,0,0,2,0,1,1,4,0,2,4,0,0,0,0,0,0,0,0,0,0,2,2,0,2,0,1,0,0,0,0,0,6,0,2,2,2,0,0,0,1,3,1,0,1,0,0,0,1,0,0,0,0,0,0,3,1,0,2,2,0,2,0,0,1,0,0,0,1,0,1,0,0,1,0,0,0,1,3,0,0,8,2,0,0,1,0,0,4,0,0,1,0,0,0,1
"cell97",5,5,1,1,0,2,1,0,0,3,0,3,1,5,2,1,4,0,0,3,0,0,3,0,2,4,0,2,2,1,2,0,0,0,1,3,0,0,0,1,1,2,1,0,0,0,0,0,0,0,3,0,0,0,0,0,0,0,0,0,0,0,0,0,0,0,0,4,2,0,0,0,5,2,0,0,0,0,0,0,0,0,2,0,0,1,0,5,0,0,0,1,0,0,3,1,1,0,0,0,0,3,0,0,0,4,0,3,0,0,1,3,0,0,3,0,0,0,0,0,0,0,0,0,0,0,0,0,0,0,0,0,0,1,1,0,0,1,0,2,1,2,0,3,5,3,1,0,0,1,0,0,0,0,0,0,0,0,0,6,3,3,1,0,0,0,0,1,0,2,1,0,2,0,1,3,0,0,2,0,4,1,4,1,0,0,2,0,0,2,3,0,1,0,0,4,0,0,0,4,0,0,1,5,0,2,3,6,0,3,0,1,3,0,2,3,1,7,0,2,0,0,2,1,0,0,0,0,4,3
"cell98",5,3,1,5,1,0,1,0,4,3,2,3,1,2,1,3,2,0,4,3,0,2,1,0,4,1,4,1,1,1,0,0,0,0,3,2,0,0,2,0,3,0,5,0,0,1,0,2,0,1,0,0,0,0,0,0,0,0,0,0,0,0,0,0,0,0,0,1,2,0,0,2,3,2,0,0,0,0,0,0,0,0,0,0,1,0,0,2,3,0,6,1,2,0,1,2,0,0,0,0,3,0,0,3,0,0,0,1,0,0,9,0,0,0,2,0,3,0,0,3,2,2,0,1,0,0,0,0,0,2,0,0,4,1,0,0,0,2,0,1,0,9,0,0,1,2,0,0,2,1,0,0,0,0,0,2,7,1,5,5,0,1,2,2,0,1,3,0,0,3,5,0,4,0,0,2,0,0,4,0,0,0,0,4,3,2,6,4,0,1,0,0,7,4,0,3,0,0,0,0,0,0,6,1,0,0,0,1,1,2,3,1,9,3,1,2,3,1,1,5,0,0,1,7,0,3,5,0,1,3
"cell99",0,8,4,0,0,1,5,2,0,6,4,3,2,2,0,0,2,3,0,11,0,2,2,0,1,2,0,1,4,3,0,0,0,0,4,3,0,0,1,0,4,0,1,0,6,4,0,3,0,1,0,0,0,0,0,0,0,0,0,0,0,0,0,0,0,0,0,2,3,0,0,3,2,7,0,0,0,0,0,0,0,0,0,0,0,0,1,3,1,0,3,1,2,0,2,0,1,0,0,0,0,2,0,0,0,4,0,1,0,0,3,3,0,0,2,0,0,0,0,2,0,0,0,4,0,0,0,0,0,0,0,0,2,3,0,0,0,2,0,1,3,8,0,2,2,2,0,3,5,3,0,0,0,0,0,0,1,3,0,3,4,2,1,5,0,2,2,4,0,1,0,0,3,0,1,3,0,0,0,0,4,0,1,1,3,1,2,1,0,1,1,0,1,0,0,0,0,0,0,1,0,0,5,4,0,3,3,3,0,4,1,1,3,0,4,3,1,8,0,0,0,0,2,3,0,1,1,2,4,5
"cell100",5,2,0,12,12,2,6,2,2,6,8,8,3,2,7,16,16,9,7,0,0,11,6,0,17,11,6,0,4,8,0,0,0,0,0,9,0,0,14,4,6,2,15,0,11,0,0,10,1,12,0,18,6,0,0,0,0,0,0,0,0,0,0,0,0,6,9,0,0,0,2,9,12,14,0,0,0,0,0,0,0,0,9,0,0,0,0,4,5,0,16,8,8,0,6,7,3,0,2,0,15,7,5,4,10,9,10,1,0,0,12,6,0,0,11,0,3,0,0,0,0,0,0,1,0,0,0,0,0,0,0,13,5,2,6,8,5,7,0,9,7,10,0,0,4,9,0,5,3,11,0,0,0,0,0,13,4,6,9,12,6,3,2,0,0,3,2,5,5,22,5,0,8,0,6,4,1,0,7,0,14,0,0,14,4,0,3,5,0,17,10,0,8,1,0,0,0,0,2,4,0,0,3,2,0,20,9,18,6,2,5,8,21,8,0,20,0,0,11,5,0,0,9,13,0,8,0,14,8,9
