"","Burn1_TF1","Burn2_TF1","Burn2_TF2","Burn3_TF1","Burn3_TF2","Burn3_TF3","Burn4_TF1","Burn4_TF2","Burn5_TF1","Burn5_TF2","Burn6_TF1","Burn6_TF2","A1_TF1","A2_TF1","A3_TF1","A3_TF2","A4_TF1","A4_TF2","A4_TF3","A4_TF4","A4_TF5","A4_TF6","B1_TF1","B2_TF1","B2_TF2","B3_TF1","B3_TF2","B3_TF3","B3_TF4","B3_TF5","B4_TF1","B5_TF1","B6_TF1","C1_TF1","C2_TF1","C2_TF2","C3_TF1","C3_TF2","C3_TF3","C4_TF1","C4_TF2","C5_TF1","C6_TF1","C6_TF2","Target1","Target2","Target3","Target4","Target5","Target6","Target7","Target8","Target9","Target10","Target11","Target12","Target13","Target14","Target15","Target16","Target17","Target18","Target19","Target20","Target21","Target22","Target23","Target24","Target25","Target26","Target27","Target28","Target29","Target30","Target31","Target32","Target33","Target34","Target35","Target36","Target37","Target38","Target39","Target40","Target41","Target42","Target43","Target44","Target45","Target46","Target47","Target48","Target49","Target50","Target51","Target52","Target53","Target54","Target55","Target56","Target57","Target58","Target59","Target60","Target61","Target62","Target63","Target64","Target65","Target66","Target67","Target68","Target69","Target70","Target71","Target72","Target73","Target74","Target75","Target76","Target77","Target78","Target79","Target80","Target81","Target82","Target83","Target84","Target85","Target86","Target87","Target88","Target89","Target90","Target91","Target92","Target93","Target94","Target95","Target96","Target97","Target98","Target99","Target100","Target101","Target102","Target103","Target104","Target105","Target106","Target107","Target108","Target109","Target110","Target111","Target112","Target113","Target114","Target115","Target116","Target117","Target118","Target119","Target120","Target121","Target122","Target123","Target124","Target125","Target126","Target127","Target128","Target129","Target130","Target131","Target132","Target133","Target134","Target135","Target136","Target137","Target138","Target139","Target140"
"cell1",23,16,9,21,6,18,28,14,11,19,15,18,10,11,1,0,20,22,13,10,13,7,6,6,16,0,0,0,0,0,0,22,0,0,0,0,0,0,0,0,0,0,0,0,6,0,10,14,7,0,4,0,9,0,16,16,5,16,12,0,13,0,1,19,0,0,0,0,0,0,0,0,1,21,9,0,8,0,12,1,1,25,8,0,0,6,7,0,0,33,0,5,11,6,2,6,8,0,6,9,14,7,11,10,0,10,18,0,0,0,0,0,0,14,23,0,0,5,1,0,9,8,1,0,11,0,8,5,7,1,14,16,4,4,9,1,10,12,19,17,13,5,0,17,13,17,22,6,14,9,11,0,0,5,0,0,0,24,17,8,0,8,17,13,23,0,14,17,18,9,0,7,15,17,9,0,10,6,22,18,15,5,0,3
"cell2",13,14,7,13,13,17,21,8,30,12,10,9,9,6,1,0,7,12,7,8,9,10,8,13,21,0,1,0,1,0,0,15,0,0,0,0,0,0,0,0,0,0,0,0,5,2,17,20,2,0,8,0,9,0,18,11,5,9,4,1,10,0,3,12,0,0,0,0,0,5,0,0,2,1,14,0,17,0,10,0,3,11,14,0,0,13,11,0,0,8,0,1,9,3,6,10,7,0,12,12,5,15,7,6,2,6,15,0,0,0,0,0,0,19,18,0,0,1,0,0,10,4,1,0,4,0,10,3,7,0,7,17,7,4,8,0,5,10,20,10,7,7,0,11,7,18,16,11,8,8,0,0,0,10,0,0,0,19,10,5,0,15,13,15,15,0,6,10,16,15,0,4,14,12,11,0,7,6,15,7,3,1,0,2
"cell3",39,42,18,61,26,44,45,61,51,48,40,45,0,0,34,16,0,0,0,0,0,0,0,5,10,0,3,1,0,1,63,2,36,18,38,61,8,0,0,45,13,0,58,38,13,34,25,49,0,0,41,36,28,31,0,52,46,30,66,7,22,0,0,7,23,35,70,53,50,0,12,17,27,0,0,11,40,22,21,26,34,0,0,0,3,0,0,14,45,17,18,24,35,0,19,1,29,40,2,18,33,43,31,27,0,33,27,13,0,6,0,0,0,50,69,55,39,9,42,16,0,0,67,74,0,14,0,44,0,39,0,0,0,0,0,7,56,35,37,0,3,3,38,46,21,27,29,20,17,0,0,17,56,4,28,45,32,0,42,38,28,51,36,42,71,23,38,40,0,0,18,37,35,3,0,20,19,0,13,0,0,33,50,15
"cell4",40,42,18,52,48,30,36,102,31,51,46,33,0,0,32,20,0,0,0,0,0,0,0,0,0,42,30,36,18,51,0,56,0,0,0,4,0,0,0,24,15,0,27,28,15,29,28,51,10,0,41,39,27,0,0,37,19,21,23,2,35,0,4,43,0,0,7,14,0,0,0,1,48,66,49,0,42,0,48,0,0,67,30,0,16,51,59,0,0,75,20,1,0,46,6,34,46,8,35,35,45,64,40,26,5,39,49,27,0,0,0,0,0,46,81,64,36,36,52,9,0,0,65,75,0,19,0,37,0,39,0,0,0,0,0,2,38,9,42,0,0,4,7,41,23,62,43,14,26,15,0,37,56,0,47,35,50,0,55,41,32,55,49,72,74,0,31,42,0,0,34,21,21,0,36,13,23,9,50,28,0,26,0,15
"cell5",34,52,27,68,31,22,46,58,42,33,49,50,0,1,13,5,27,24,25,2,32,17,22,24,57,0,0,0,0,0,52,1,53,37,49,55,5,5,22,18,40,6,41,38,7,3,36,47,0,1,46,43,45,21,0,68,20,38,32,7,33,0,0,0,39,17,67,40,37,0,42,31,33,0,0,8,29,44,36,17,30,0,41,0,0,2,0,26,46,5,26,34,30,0,21,0,21,41,7,13,31,36,32,15,1,35,31,5,8,30,15,7,26,23,83,10,0,28,3,0,10,20,50,2,16,0,32,9,39,30,5,4,10,5,4,3,51,20,55,27,29,11,0,29,23,61,51,24,23,0,14,5,46,30,32,62,22,0,0,33,42,32,39,57,44,37,28,30,33,13,30,27,35,40,0,33,39,0,3,0,12,5,83,12
"cell6",19,21,6,29,6,18,18,39,33,19,19,25,0,0,31,5,2,0,2,0,1,0,6,11,17,0,1,0,0,0,22,2,14,14,21,23,0,0,1,20,7,0,19,8,8,1,18,35,0,0,9,20,11,11,0,17,15,18,22,1,10,0,0,1,22,8,18,30,30,3,14,18,19,0,0,5,13,15,17,10,13,0,2,0,0,0,0,7,17,8,24,15,29,0,14,0,13,13,0,4,17,24,19,10,3,18,18,6,0,1,0,0,0,21,33,17,13,11,6,8,0,6,30,26,15,4,9,22,11,20,0,0,0,0,0,0,26,21,19,2,12,9,2,8,9,27,23,11,5,0,3,0,24,15,18,12,14,0,0,18,11,13,15,25,22,15,9,46,1,0,15,27,12,21,0,19,11,0,4,0,0,15,29,4
"cell7",36,42,25,43,31,29,21,34,33,34,46,31,0,3,7,3,27,15,10,16,14,10,22,16,30,0,0,0,0,0,49,0,28,32,60,35,5,1,0,27,23,0,17,30,16,1,25,33,0,0,24,40,27,18,0,62,25,13,20,1,24,0,0,0,20,21,44,43,42,0,16,26,41,0,0,4,24,11,29,39,16,0,3,2,0,0,0,22,33,13,35,29,26,0,25,0,44,22,0,15,33,53,20,17,0,34,24,13,1,7,1,0,16,49,51,0,0,22,1,4,6,11,48,0,20,0,27,1,46,36,3,1,3,2,5,0,37,25,45,28,19,18,0,39,15,36,33,27,25,0,27,0,53,33,30,18,15,2,4,36,37,44,62,34,50,18,26,26,25,10,19,32,43,41,0,27,22,0,7,0,4,2,57,9
"cell8",37,36,15,47,29,22,33,33,21,38,40,35,0,1,21,25,0,0,0,0,0,0,2,12,14,0,0,0,0,1,37,0,28,14,42,8,6,1,0,31,16,0,26,30,19,21,20,32,0,0,11,24,16,15,0,34,17,20,22,1,15,0,2,2,15,16,48,31,28,0,15,18,35,0,0,5,31,14,22,19,28,3,0,0,0,2,0,14,24,5,18,19,24,0,29,2,16,23,2,16,24,35,20,11,1,36,14,12,7,1,0,1,4,24,61,25,42,20,35,8,0,9,31,43,8,9,0,26,0,29,1,0,0,0,0,1,26,29,30,0,4,10,14,27,13,47,27,8,6,0,0,9,47,17,29,13,35,0,11,23,23,23,20,27,31,22,24,24,0,0,29,17,36,14,0,10,7,0,3,0,0,17,32,15
"cell9",11,22,4,17,7,15,18,10,13,8,9,13,10,7,0,0,2,7,11,3,2,6,0,0,0,11,12,12,10,22,0,16,2,0,0,0,0,0,0,0,0,0,0,0,6,11,9,17,5,1,13,0,7,0,13,11,1,9,10,0,7,0,0,18,0,0,0,0,0,0,0,0,5,19,11,0,9,0,8,0,0,16,8,0,4,13,9,1,0,23,0,0,0,13,0,16,8,0,5,15,7,18,7,6,1,13,18,0,0,0,0,0,0,26,21,13,0,4,4,0,13,9,8,1,0,12,0,13,0,0,8,23,13,3,13,0,15,7,15,0,2,1,7,14,7,17,13,9,8,16,5,1,0,2,0,0,0,16,21,9,0,11,9,19,21,0,9,12,16,16,0,13,15,0,6,0,5,11,10,13,11,14,0,9
"cell10",23,20,10,36,12,34,21,29,25,14,22,9,6,15,1,0,9,14,15,19,17,8,11,10,36,0,0,0,0,0,19,0,30,19,9,6,5,7,6,2,4,5,2,0,8,0,15,21,0,0,17,18,11,15,13,17,17,16,16,0,9,0,0,9,6,11,22,18,9,0,10,11,11,0,0,4,11,7,18,10,35,1,8,0,0,1,0,12,18,13,11,12,18,0,16,0,4,8,3,14,10,14,12,12,8,23,8,0,11,14,4,5,13,21,34,1,0,7,0,0,10,11,7,0,14,0,18,2,13,0,22,24,9,11,7,0,20,12,17,24,16,10,1,19,3,24,24,4,2,0,11,0,0,23,0,0,0,12,0,25,0,25,18,22,29,13,21,20,28,18,16,12,22,27,1,6,17,0,4,0,10,3,20,5
"cell11",23,15,2,22,15,14,16,14,9,16,21,16,7,8,15,4,0,0,0,0,0,0,0,0,0,10,15,10,10,19,0,15,0,0,0,0,0,0,0,0,0,0,0,0,3,16,9,14,5,0,5,0,7,0,5,20,11,18,7,1,11,0,0,12,0,0,0,0,0,0,0,0,19,20,12,0,12,0,20,0,0,12,14,0,3,13,10,0,0,17,0,0,0,24,0,19,10,0,9,10,10,20,16,8,0,21,8,0,0,0,0,0,0,23,16,13,23,5,17,2,0,5,24,11,0,9,0,17,0,13,12,3,5,8,8,0,18,3,15,0,0,0,15,9,1,13,16,6,2,4,0,10,1,0,0,0,0,1,16,11,0,6,8,15,13,0,21,17,2,6,0,14,8,0,12,0,10,4,23,17,0,10,0,7
"cell12",15,27,13,39,16,19,26,39,22,24,29,32,0,2,8,2,25,27,27,10,16,14,20,13,32,0,0,0,0,0,30,1,37,19,22,33,2,0,1,23,10,0,23,26,19,2,13,46,0,0,27,23,19,11,0,25,11,28,8,2,15,0,0,2,17,33,34,33,24,0,25,24,28,0,0,1,24,20,28,31,35,0,8,0,0,0,0,11,17,8,21,13,32,0,17,0,24,18,0,22,23,12,18,13,0,15,14,5,5,13,0,0,4,40,52,0,0,9,4,7,3,31,23,7,26,0,14,1,29,28,12,0,1,3,0,0,27,17,37,27,19,15,0,17,25,42,44,8,11,0,13,0,26,20,37,24,22,0,0,20,17,22,21,35,23,16,14,24,15,7,27,21,20,40,0,23,19,0,5,0,0,0,38,12
"cell13",75,55,18,61,37,35,45,81,52,44,85,50,0,7,9,1,37,30,29,40,37,25,25,42,80,0,0,0,0,0,77,1,100,32,64,63,1,6,9,33,26,0,56,48,33,0,46,75,0,0,50,45,24,20,2,51,42,61,38,1,55,0,1,4,30,54,100,60,69,0,31,46,54,0,0,14,44,4,41,35,39,8,31,0,0,3,0,18,32,12,52,27,51,0,37,0,44,32,0,32,44,36,47,25,6,55,66,24,6,24,2,8,32,52,90,0,0,27,4,0,16,36,90,3,53,0,44,12,75,47,30,0,8,1,19,5,62,32,44,57,43,30,0,59,30,79,70,33,38,0,34,2,92,50,65,56,30,0,0,41,62,58,53,64,84,42,62,49,58,36,43,64,56,63,0,45,32,7,6,0,18,1,67,28
"cell14",10,20,1,7,9,10,13,14,17,11,13,7,10,3,1,0,10,18,8,9,11,12,4,13,18,0,3,0,0,0,2,19,0,0,0,0,0,0,0,0,0,0,0,0,3,3,18,14,5,0,11,0,15,0,18,13,10,9,5,0,9,0,1,6,0,0,0,0,0,4,0,0,3,1,12,0,13,0,14,0,4,10,6,0,0,10,7,0,0,8,0,5,13,5,6,14,8,0,14,10,7,16,8,9,1,9,10,0,0,0,0,0,0,16,18,0,0,4,0,0,12,10,1,0,10,0,12,4,11,0,15,14,7,5,4,0,13,17,19,5,8,13,0,8,11,23,16,9,2,8,4,0,0,12,0,0,0,11,6,13,0,11,7,10,22,0,7,12,13,14,0,6,7,19,13,0,10,10,16,5,6,0,0,5
"cell15",12,8,4,4,2,8,11,8,4,9,7,2,2,3,0,0,5,7,7,1,7,3,3,4,6,0,0,0,0,0,9,2,0,0,0,0,0,0,0,0,0,0,0,0,0,0,9,12,0,0,4,0,8,0,8,12,3,3,5,0,3,0,0,12,0,0,0,0,0,3,0,0,6,0,0,0,4,0,8,8,3,0,2,0,0,5,5,0,0,10,0,5,4,0,0,6,0,0,8,6,5,8,8,11,0,5,9,0,0,0,0,0,0,13,15,0,0,4,1,0,5,5,3,0,10,0,7,1,9,0,2,8,5,0,4,0,4,8,5,9,5,6,0,4,7,11,5,8,3,0,7,0,0,9,0,0,0,8,0,7,0,6,5,10,10,7,10,10,7,15,0,5,9,7,3,0,4,0,7,0,3,0,0,2
"cell16",14,17,12,25,9,15,12,14,27,20,19,17,12,9,0,0,3,2,1,3,2,2,0,0,0,27,13,16,10,16,0,22,0,0,0,0,0,0,0,0,0,0,0,0,15,16,5,17,19,0,8,0,11,0,7,25,7,13,8,0,7,0,1,27,0,0,0,0,0,0,0,0,27,28,12,0,19,0,20,0,1,16,24,0,4,9,9,0,0,17,0,0,0,17,1,13,12,0,13,4,12,11,8,7,4,15,11,0,0,0,0,0,0,22,31,31,7,13,12,0,12,13,10,0,0,11,0,15,0,1,17,10,21,1,6,2,16,16,16,0,0,0,13,12,15,33,14,6,11,5,0,2,0,0,0,0,0,14,19,29,0,18,19,18,26,0,11,12,11,7,0,15,12,0,14,0,15,9,13,16,4,10,0,3
"cell17",22,28,14,32,15,20,20,38,26,21,29,19,0,0,13,19,0,0,0,0,0,0,0,0,0,18,11,29,8,26,0,20,0,0,0,0,0,0,0,2,0,0,18,21,23,13,14,25,5,0,16,4,11,0,0,22,16,15,9,0,8,0,3,25,0,0,0,1,0,0,0,0,18,38,40,0,15,0,17,2,0,27,23,0,4,16,23,0,0,44,0,1,0,30,0,9,10,0,16,13,24,11,14,16,3,23,14,0,0,0,0,0,0,28,33,27,28,19,28,11,0,0,51,30,0,17,0,30,0,32,0,0,0,0,0,0,21,17,16,0,0,0,8,30,13,9,14,11,16,11,0,17,27,0,36,29,31,0,27,16,1,19,20,25,37,1,15,19,0,0,18,14,16,0,15,0,14,5,26,26,0,8,0,4
"cell18",13,16,5,12,8,7,17,4,18,13,6,11,6,6,1,0,11,14,7,2,8,3,5,6,15,0,0,0,0,0,8,10,1,0,0,0,0,0,0,0,0,0,0,0,9,0,9,14,1,0,4,0,2,0,7,12,5,6,8,0,6,0,3,17,0,0,0,0,0,2,0,0,2,1,5,0,10,0,14,3,14,6,9,0,0,12,11,2,0,16,0,12,7,0,2,14,1,0,19,5,8,7,9,15,0,2,5,0,0,0,0,0,0,13,23,0,0,3,0,0,6,8,4,0,14,1,7,4,13,0,4,5,11,2,5,0,12,11,16,9,10,5,0,16,4,21,11,4,2,0,7,0,0,11,0,0,0,11,4,9,0,8,4,3,13,9,12,7,14,16,0,7,9,13,6,0,10,5,18,0,16,0,0,3
"cell19",29,23,13,29,16,12,23,39,27,25,22,34,0,0,13,14,1,0,2,0,0,0,2,14,26,0,0,0,0,0,36,0,30,27,32,29,0,4,6,18,15,0,28,19,14,6,18,29,0,0,29,21,22,15,0,29,22,20,18,1,11,0,3,5,18,16,29,25,31,0,13,32,26,0,0,2,19,6,24,19,14,0,5,0,0,0,0,11,17,9,24,15,20,0,22,2,20,37,2,39,14,30,15,11,6,30,21,15,6,19,4,0,9,29,42,16,22,25,12,11,0,13,32,22,15,1,12,16,22,34,0,0,0,0,0,4,17,14,30,1,13,15,3,13,21,37,36,9,11,0,7,7,39,24,48,30,22,0,12,22,21,26,33,19,46,28,16,36,3,0,13,22,23,12,0,31,18,0,1,0,0,20,52,10
"cell20",194,139,56,207,93,75,132,242,152,118,122,150,0,0,195,98,0,0,0,0,0,0,0,0,0,163,124,145,49,246,0,146,52,69,151,104,30,24,17,150,131,0,153,72,95,69,94,141,93,3,87,189,90,65,0,152,41,114,130,6,96,0,15,26,62,71,243,170,157,0,116,169,158,173,154,39,168,0,150,0,0,163,150,0,72,136,71,28,33,186,158,118,0,163,63,5,166,119,7,104,128,154,70,69,5,115,134,65,0,13,0,0,6,193,165,248,217,99,187,55,0,0,283,242,0,88,0,194,0,119,0,0,0,0,0,6,152,85,146,0,0,0,102,152,96,246,163,77,83,80,0,156,176,0,155,166,117,0,154,101,98,112,195,176,182,19,140,108,0,0,72,94,145,0,0,72,123,93,114,129,0,163,122,24
"cell21",7,12,4,10,8,3,4,10,5,8,16,14,5,8,0,0,6,5,10,7,3,4,11,3,11,0,0,0,0,0,9,1,2,2,0,0,0,0,0,0,0,0,0,0,6,0,3,12,0,0,3,0,4,0,9,10,8,5,6,3,4,0,2,11,0,0,0,0,0,0,0,1,6,0,0,2,3,2,8,7,6,0,3,0,0,0,0,5,6,13,0,7,7,0,8,7,2,0,7,2,4,12,8,7,2,12,11,0,0,0,0,0,0,12,16,0,0,4,1,0,6,6,0,1,11,0,2,3,12,0,5,9,3,1,7,0,10,8,12,8,5,5,0,4,14,12,12,1,6,0,5,0,0,10,0,0,0,13,0,6,0,8,11,9,9,11,7,8,12,11,0,8,2,16,9,0,3,1,7,1,4,1,0,6
"cell22",22,14,3,22,12,7,11,14,18,13,20,12,9,17,1,1,12,16,8,3,9,9,7,6,1,14,13,9,12,16,0,28,0,0,0,0,0,0,0,0,0,0,0,0,7,4,9,17,3,0,12,0,12,0,7,9,20,14,19,2,11,0,5,12,0,0,0,0,0,0,0,0,28,22,16,0,16,0,8,0,0,17,13,0,0,17,12,0,0,19,0,0,0,19,1,18,12,0,10,9,10,18,14,12,0,9,19,0,0,0,0,0,0,18,28,5,0,10,3,0,12,10,0,0,12,0,6,7,19,0,8,14,18,14,11,2,25,7,19,10,19,18,0,22,9,16,20,3,11,6,5,0,0,8,0,0,0,22,11,17,0,18,17,23,30,0,10,19,15,18,0,18,25,18,16,0,13,9,26,11,12,5,0,11
"cell23",12,10,4,11,6,7,8,12,9,7,7,11,1,3,0,0,8,6,4,4,7,4,8,3,9,0,0,0,0,0,8,1,2,1,0,0,0,0,1,0,0,0,0,0,5,0,4,8,0,0,9,0,9,1,6,13,11,3,5,1,7,0,4,10,0,0,0,1,0,1,0,0,8,0,0,0,5,2,9,4,7,0,0,0,0,0,0,5,1,10,0,10,6,0,12,4,2,0,5,9,8,10,9,4,1,5,5,0,0,0,0,0,0,12,19,0,0,8,0,0,4,10,1,0,3,0,5,5,10,0,6,3,3,3,5,1,14,7,5,5,9,5,0,4,7,7,10,4,9,0,4,0,0,11,0,0,0,8,0,11,0,2,11,7,12,4,5,7,11,5,0,7,6,16,12,0,3,1,8,3,5,2,0,3
"cell24",12,21,4,18,9,16,17,14,13,12,12,11,15,10,0,0,13,17,17,13,14,11,10,15,21,0,0,0,2,1,12,1,12,9,4,4,6,2,2,0,0,1,0,0,14,0,12,16,0,0,12,3,11,9,14,10,10,9,10,1,7,0,0,12,7,2,16,11,12,0,5,16,11,0,0,1,15,12,10,12,15,1,2,0,0,0,0,11,10,15,1,4,13,0,9,1,7,1,20,10,6,5,19,9,2,5,11,0,0,2,0,0,0,21,18,0,0,8,0,0,22,12,0,0,14,0,16,4,17,0,8,16,9,9,8,0,11,4,19,13,10,12,0,9,11,10,26,9,8,0,10,0,0,19,0,0,0,21,0,17,0,7,9,16,30,10,17,8,16,17,0,7,20,16,13,6,10,0,7,0,4,0,10,3
"cell25",59,63,16,64,34,31,40,53,32,43,32,63,0,2,9,10,29,34,19,25,18,23,20,35,34,0,0,0,0,0,44,3,32,39,70,30,0,1,0,50,20,0,54,28,28,0,37,33,0,0,40,23,22,31,2,44,29,28,36,3,27,0,0,17,33,28,57,57,60,3,28,41,29,0,0,7,23,33,55,40,48,3,13,0,0,8,0,25,23,18,29,15,43,0,27,0,9,44,0,25,32,52,24,26,5,45,54,16,0,11,0,2,10,42,78,0,0,22,1,0,6,25,45,10,23,0,30,15,32,52,6,0,2,0,0,3,44,37,52,42,14,23,0,49,26,45,41,14,12,0,25,1,58,38,43,49,20,0,0,40,45,41,44,56,74,43,28,46,15,7,31,30,27,27,0,22,21,0,1,0,6,3,51,16
"cell26",34,19,10,41,23,25,17,24,24,14,37,24,0,0,24,4,0,0,0,0,0,0,0,0,8,2,0,0,2,0,25,2,15,13,28,15,1,2,5,23,11,0,15,27,15,15,14,44,0,0,23,17,8,19,0,33,25,17,22,0,15,0,0,0,16,7,33,25,21,0,13,22,19,0,0,5,34,9,33,19,23,0,1,2,3,0,0,13,17,1,16,7,31,0,17,0,20,23,1,29,10,27,12,13,1,24,22,8,0,5,0,2,6,13,39,27,42,11,23,5,0,0,29,25,2,20,0,30,0,29,0,0,0,0,0,1,22,18,31,0,0,5,20,19,13,26,30,19,19,0,0,14,23,5,28,28,26,0,18,16,19,12,15,17,26,23,17,23,0,0,9,24,33,0,2,4,16,0,0,0,0,28,24,12
"cell27",21,21,8,23,15,10,15,20,29,15,17,13,8,7,0,0,7,11,20,11,10,10,14,8,13,0,0,0,0,0,2,17,0,0,0,0,0,0,0,0,0,0,0,0,9,0,6,22,7,0,14,0,9,0,15,15,8,10,4,2,8,0,3,12,0,0,0,0,0,2,0,0,2,3,9,0,4,0,23,0,4,5,16,0,0,6,14,0,0,18,0,4,19,2,1,12,15,0,9,6,9,18,9,9,0,16,19,0,0,0,0,0,0,21,24,0,0,4,1,0,7,5,0,0,10,0,3,4,8,0,9,8,13,5,9,0,14,12,15,19,8,5,0,13,8,13,30,12,10,4,8,0,0,15,0,0,0,22,13,14,0,11,17,20,18,0,7,13,22,22,0,2,17,17,10,0,9,4,15,11,8,0,0,14
"cell28",91,49,48,76,35,95,73,104,112,69,92,73,0,0,78,45,0,0,0,0,0,0,0,0,0,53,104,85,75,83,0,98,8,5,24,13,5,0,4,58,37,0,70,47,55,73,57,86,49,0,28,83,24,9,0,102,63,58,61,0,41,0,0,55,2,40,64,93,36,0,22,31,95,118,50,0,35,0,62,5,0,84,77,0,36,73,49,0,0,100,55,33,0,118,91,39,33,109,21,69,50,103,71,63,17,71,50,56,0,8,0,0,0,89,124,116,61,52,107,68,0,0,151,107,0,54,0,85,0,99,0,0,0,0,0,9,111,67,87,0,0,0,84,52,41,132,118,37,56,27,0,50,118,0,80,89,81,0,82,53,51,49,86,111,70,0,62,65,0,0,53,59,46,0,49,33,70,48,96,79,0,61,9,23
"cell29",42,22,31,50,24,35,22,36,25,34,33,14,0,0,29,8,0,1,0,0,0,0,3,13,37,0,0,0,0,0,37,1,31,20,24,34,1,0,4,24,16,0,17,22,14,8,11,29,0,0,22,23,28,16,0,22,6,19,20,1,7,0,1,3,18,12,24,36,28,0,7,18,19,0,0,6,25,8,26,19,23,0,2,0,1,0,0,6,20,6,32,26,29,0,26,0,23,20,2,23,24,40,24,37,0,26,21,9,5,1,0,0,0,36,50,42,30,26,33,11,0,4,46,31,17,11,10,30,0,24,0,0,0,0,0,0,38,16,24,3,15,14,11,23,10,52,31,8,15,0,0,0,34,16,23,31,16,0,2,26,23,23,25,34,45,19,25,9,0,0,19,21,28,12,0,18,21,0,7,0,0,23,37,5
"cell30",22,15,6,28,11,16,10,11,17,10,16,14,8,5,3,1,12,22,8,3,10,7,8,10,16,0,1,0,0,0,0,12,0,0,0,0,0,0,0,0,0,0,0,0,10,0,15,16,6,0,12,0,12,0,6,17,5,16,10,1,3,0,1,14,0,0,0,0,0,1,0,0,1,13,15,0,7,0,17,0,0,9,16,0,0,6,13,0,0,26,0,7,12,2,0,9,6,0,9,11,8,7,9,6,0,7,13,0,0,0,0,0,0,24,33,0,0,1,0,0,7,11,0,0,15,1,9,7,15,2,19,10,10,9,4,0,14,5,12,12,7,6,0,14,6,16,21,9,5,1,7,0,0,15,0,0,0,10,9,9,0,10,21,12,20,3,13,24,19,17,0,12,11,20,13,0,13,10,14,11,3,6,0,3
"cell31",24,20,10,37,14,18,16,21,27,23,26,21,6,15,0,1,17,22,8,16,15,6,11,26,27,0,0,0,0,0,24,5,25,13,14,20,11,12,14,0,2,10,6,1,13,0,20,23,0,0,23,21,11,11,12,23,10,11,8,0,9,0,0,3,12,7,32,23,20,0,7,24,26,0,0,8,12,10,22,9,21,1,11,1,5,0,0,12,30,14,6,10,18,0,20,1,14,5,6,15,5,25,20,11,0,18,11,0,2,16,4,2,11,16,38,1,0,11,2,0,11,20,2,0,17,0,14,4,13,0,8,30,18,17,14,0,23,11,16,17,17,10,0,12,16,24,18,8,6,0,16,0,1,18,0,0,0,10,0,13,0,11,19,21,31,11,24,14,27,28,20,22,13,29,0,13,12,0,3,0,14,3,22,5
"cell32",25,33,19,59,17,35,23,34,35,22,40,33,0,0,14,11,3,0,3,0,2,1,11,22,44,0,0,0,0,0,33,0,43,27,31,43,5,6,2,44,21,0,26,18,24,4,12,28,0,0,13,16,19,10,0,24,20,22,23,5,24,0,0,4,30,20,41,39,34,0,9,28,30,0,0,7,16,11,32,16,15,0,1,0,0,0,0,14,25,16,17,32,28,0,24,3,18,21,2,27,20,29,20,25,1,29,33,4,0,5,5,0,0,42,48,27,3,20,19,11,0,11,42,24,12,4,13,9,9,20,0,0,0,0,0,8,28,17,26,18,11,17,0,25,9,38,29,21,11,0,20,0,39,33,39,35,36,0,0,23,14,25,35,36,39,16,17,27,1,1,32,28,25,35,0,14,21,0,1,0,0,14,53,10
"cell33",17,7,3,9,13,8,11,10,20,9,7,16,7,6,0,1,9,4,11,8,9,7,9,4,24,0,0,0,0,0,3,19,4,0,0,0,0,0,0,0,0,0,0,0,7,0,16,18,1,0,10,0,6,0,15,8,3,9,16,0,7,1,1,11,0,0,0,0,0,5,0,0,3,0,4,0,9,0,13,2,8,9,14,0,0,6,7,1,0,12,0,3,9,2,1,9,6,0,12,4,16,10,6,4,0,3,6,0,0,0,0,0,0,18,25,0,0,5,0,0,5,9,2,1,9,0,8,4,7,1,9,16,11,5,8,0,11,11,21,10,7,4,0,7,7,10,16,7,5,1,6,0,0,11,0,0,0,12,13,9,0,13,7,17,11,2,9,10,6,10,0,5,7,11,13,0,8,8,16,2,11,0,0,6
"cell34",19,17,12,28,24,19,14,20,17,21,24,15,9,4,0,0,23,17,24,28,14,14,10,5,4,2,11,3,1,7,0,22,0,1,0,0,0,0,0,0,0,0,0,0,18,1,10,15,12,0,24,0,10,0,10,14,8,10,21,1,7,1,0,42,0,0,0,0,0,0,0,0,21,25,17,0,12,0,13,0,0,27,21,0,0,12,14,0,0,31,0,1,1,22,3,13,12,0,18,17,17,14,6,16,0,14,8,0,0,0,0,0,0,30,31,0,0,6,0,0,11,9,0,0,10,1,7,5,19,0,22,19,10,6,3,0,19,17,36,14,12,8,0,13,19,30,37,16,7,6,10,2,0,20,0,0,0,28,9,8,0,6,18,27,22,0,9,18,18,18,0,10,11,14,16,0,31,3,15,10,7,6,0,11
"cell35",16,5,7,15,6,12,6,19,15,10,11,3,4,11,0,0,10,8,8,3,8,3,2,6,11,0,0,0,0,0,7,16,0,0,0,0,0,0,0,0,0,0,0,0,7,0,7,5,1,0,6,0,6,0,7,12,7,7,8,2,16,0,0,12,0,0,0,0,0,7,0,0,5,0,2,0,9,0,7,2,6,10,12,0,0,9,5,0,0,24,0,4,13,0,0,14,0,0,6,11,13,9,4,7,0,9,6,0,0,0,0,0,0,12,33,0,0,7,0,0,2,14,1,0,9,0,11,2,11,0,11,12,11,6,4,0,9,7,14,9,19,3,0,17,6,9,8,9,6,0,7,0,0,15,0,0,0,9,1,17,0,2,7,8,10,2,14,18,10,9,0,9,13,8,10,0,11,2,11,0,3,2,0,1
"cell36",20,15,6,19,22,18,22,23,24,17,14,9,4,14,0,3,11,7,15,10,17,11,8,7,9,5,1,12,3,15,0,30,0,0,0,0,0,0,0,0,0,0,0,0,4,3,13,21,15,0,23,0,11,0,10,28,17,15,10,7,6,0,0,15,0,0,0,0,0,0,0,0,16,12,12,0,7,0,22,0,0,18,11,0,0,30,13,0,0,33,0,0,0,31,1,6,21,0,17,15,15,14,3,18,0,12,18,0,0,0,0,0,0,10,34,1,0,1,7,0,5,15,1,0,10,0,12,6,11,1,12,11,8,10,9,0,15,9,16,24,8,11,0,15,13,20,18,12,17,11,13,0,0,19,0,0,0,14,15,14,0,20,23,28,21,1,14,13,25,17,0,7,12,19,9,0,10,9,12,16,19,3,0,4
"cell37",20,14,3,9,10,4,14,9,13,9,15,17,5,5,0,0,13,15,5,2,5,7,12,9,15,0,0,0,0,0,11,1,11,4,2,1,0,0,0,0,0,0,0,0,7,0,7,16,0,0,4,4,4,6,12,11,2,5,2,0,9,0,1,7,1,0,1,6,1,1,1,6,6,0,0,2,4,5,12,9,13,0,0,0,0,0,0,2,6,10,0,10,12,0,13,1,5,0,9,13,6,12,7,9,1,7,13,0,0,0,0,0,0,9,14,0,0,6,0,0,2,7,1,0,4,0,8,6,8,0,5,10,6,4,7,0,8,9,20,10,8,4,0,3,10,14,18,5,5,0,5,0,0,5,0,0,0,8,0,6,0,4,11,7,13,9,2,11,13,16,0,9,9,5,9,2,3,0,7,0,8,1,9,5
"cell38",71,29,35,81,43,50,68,54,48,46,69,55,0,2,3,4,34,30,40,29,34,25,31,40,38,0,0,0,0,0,62,6,77,41,70,70,2,4,2,31,35,0,45,45,29,0,41,73,0,0,50,59,40,22,2,49,35,35,39,2,51,0,2,2,22,47,92,59,82,0,46,39,71,0,0,10,32,14,54,32,44,1,38,0,0,4,0,26,35,8,43,21,39,0,37,0,58,38,0,29,34,37,42,26,0,71,66,11,4,38,0,9,22,76,101,0,0,38,3,0,12,55,69,4,41,0,46,8,65,53,31,0,3,0,17,5,84,43,40,70,42,31,0,68,30,88,63,25,39,0,23,0,84,51,97,55,29,0,0,31,46,46,88,75,88,47,76,29,52,21,43,55,60,60,0,43,33,3,8,0,20,1,62,23
"cell39",13,12,13,15,14,5,4,14,16,11,17,15,9,7,0,1,6,8,3,14,15,2,3,1,0,12,20,14,8,10,0,12,0,0,0,0,0,0,0,0,0,0,0,0,10,3,12,7,5,0,11,0,2,0,10,13,10,23,11,1,7,0,2,21,0,0,0,0,0,0,0,0,15,24,6,0,9,0,7,0,0,12,11,0,1,9,10,1,0,23,0,0,0,29,0,7,12,0,12,9,8,12,12,7,2,15,12,0,0,0,0,0,0,9,16,1,0,6,2,0,6,8,2,0,7,5,5,8,11,0,4,13,9,4,8,0,6,3,17,3,11,9,0,11,4,17,11,5,10,8,5,0,0,15,0,0,0,12,12,17,0,5,9,22,27,0,6,10,15,13,0,10,15,4,6,0,16,4,7,14,5,5,0,12
"cell40",27,21,12,20,23,21,14,17,17,22,11,14,8,8,0,1,13,12,25,12,15,14,16,4,4,6,12,6,3,10,0,39,0,0,0,0,0,0,0,0,0,0,0,0,10,0,13,18,10,0,10,0,13,1,16,16,14,13,12,1,12,2,0,24,0,0,0,0,0,0,0,0,21,24,14,0,12,0,22,0,0,22,17,0,0,15,18,1,0,13,0,0,0,30,4,12,15,0,20,19,14,10,8,12,0,16,8,0,0,0,0,0,0,16,29,0,0,6,0,0,11,6,1,0,14,0,12,10,12,1,8,21,12,9,6,0,19,10,33,14,7,5,0,9,8,18,29,12,6,16,21,1,0,22,0,0,0,30,19,16,0,7,16,16,24,0,5,11,33,25,0,4,16,27,20,0,17,11,28,15,10,4,0,6
"cell41",11,16,5,7,7,10,7,11,8,8,7,9,14,3,5,0,7,18,5,9,15,8,5,4,8,0,0,0,0,0,10,2,0,0,0,0,0,0,0,0,0,0,0,0,6,0,6,10,0,0,2,0,2,0,6,15,5,7,3,0,7,0,0,9,0,0,0,0,0,7,0,0,12,0,0,0,9,0,11,7,11,1,1,0,0,6,3,4,2,13,0,8,17,0,3,8,0,0,9,4,7,12,7,9,0,4,3,0,0,0,0,0,0,12,13,0,0,3,1,0,6,4,5,0,3,0,10,1,8,0,5,14,5,4,6,0,7,11,3,6,5,6,0,8,3,18,11,4,10,0,8,0,0,7,0,0,0,15,0,6,0,8,4,18,3,5,8,8,8,9,0,8,10,11,2,0,5,1,8,0,5,1,0,0
"cell42",7,7,5,12,8,7,14,11,10,9,15,10,5,9,0,0,11,6,7,5,9,3,2,9,12,0,0,0,0,0,2,7,0,0,0,0,0,0,0,0,0,0,0,0,3,0,11,17,1,0,9,0,3,0,5,9,11,5,6,1,9,0,0,12,0,0,0,0,0,0,0,0,0,1,4,1,3,0,13,6,3,10,3,0,1,12,10,1,0,21,0,5,8,0,2,6,0,0,11,12,3,15,12,3,0,11,7,0,0,0,0,0,0,4,11,0,0,4,2,0,4,8,0,0,5,0,11,8,14,0,9,9,9,11,3,0,12,12,8,8,9,7,0,9,5,9,20,9,8,0,10,0,0,15,0,0,0,11,0,7,0,10,13,21,19,0,7,16,7,11,0,16,12,7,4,0,5,3,10,0,6,0,0,2
"cell43",57,63,13,66,29,30,49,38,62,39,59,48,0,2,15,10,51,36,42,18,23,20,17,24,35,0,0,0,0,0,43,5,54,37,64,41,0,2,5,40,25,0,63,20,29,0,43,30,0,0,49,35,29,26,0,40,47,23,30,3,36,0,0,15,28,28,54,40,68,0,23,36,38,0,0,13,25,26,57,36,32,0,12,0,0,3,0,24,37,25,26,25,32,0,37,1,18,55,0,33,33,30,20,22,4,42,67,18,0,8,0,4,7,60,71,0,0,19,1,0,4,36,49,4,39,1,18,16,45,47,9,0,6,0,1,4,50,43,34,24,37,18,0,43,27,52,49,26,21,0,29,1,57,36,50,49,31,0,0,41,36,45,56,78,59,37,27,47,28,11,28,41,28,42,0,30,12,0,0,0,7,7,69,16
"cell44",9,9,9,16,8,8,15,16,13,4,8,11,6,5,0,0,11,8,10,3,16,11,8,9,12,0,0,0,0,0,10,0,2,0,0,2,0,0,0,0,0,0,0,0,2,0,6,9,0,0,10,0,5,0,14,12,7,5,8,1,3,0,0,7,0,0,0,1,0,1,0,0,9,0,0,0,12,6,19,8,10,1,1,0,0,0,1,8,6,13,0,6,10,0,8,1,2,0,8,2,5,7,9,6,1,12,4,0,0,0,0,0,0,12,16,0,0,6,0,0,5,9,4,0,10,0,4,1,5,0,12,7,7,2,13,2,11,7,11,15,12,6,0,12,6,10,14,6,5,0,8,2,0,9,0,0,0,12,0,10,0,9,6,12,19,5,15,5,1,17,0,6,14,11,6,0,8,0,14,0,10,2,2,3
"cell45",8,15,17,23,8,16,7,15,7,7,11,3,4,4,0,0,7,9,8,5,4,11,8,6,9,0,0,0,0,0,3,11,0,0,0,0,0,0,0,0,0,0,0,0,2,0,6,5,0,0,8,0,4,0,6,24,3,8,3,1,6,0,0,10,0,0,0,0,0,5,0,0,4,0,1,0,11,0,13,4,7,9,5,0,0,3,6,0,0,22,0,3,15,0,1,13,1,0,2,17,5,6,5,3,0,12,7,0,0,0,0,0,0,13,9,0,0,5,0,0,9,6,0,0,11,0,7,2,10,0,4,11,7,6,1,0,8,1,13,11,10,9,0,5,6,18,17,4,2,0,2,0,0,6,0,0,0,8,0,11,0,9,7,17,19,3,7,7,14,16,0,3,12,16,7,0,3,0,11,0,8,0,0,4
"cell46",10,10,10,7,7,4,11,14,7,5,7,5,1,6,0,0,6,5,5,5,2,6,4,2,6,0,0,0,0,0,1,0,1,0,0,0,0,0,0,0,0,0,0,0,2,0,8,9,0,0,7,0,5,0,3,5,3,2,3,0,6,0,0,8,0,0,0,0,0,4,0,0,4,0,0,0,4,0,8,9,7,2,4,0,0,2,10,0,1,14,0,4,5,0,0,3,0,0,13,6,10,5,5,1,0,4,3,0,0,0,0,0,0,9,11,0,0,1,0,0,3,4,0,0,3,0,3,2,10,0,2,12,5,7,4,0,9,0,5,15,9,2,0,4,1,11,14,8,3,0,1,0,0,9,0,0,0,3,0,3,0,5,4,7,8,4,4,6,6,10,0,9,6,12,7,0,5,1,6,0,4,0,0,3
"cell47",80,80,45,96,45,54,67,72,77,63,85,65,0,0,65,39,0,0,0,0,0,0,0,0,0,48,48,57,45,60,6,8,76,43,79,56,4,3,16,64,47,0,79,33,49,64,37,79,20,0,34,78,41,41,0,124,49,66,66,3,32,0,7,2,33,33,73,71,58,0,32,72,57,83,48,20,75,32,79,5,13,38,80,0,40,53,0,15,45,15,53,24,12,83,62,2,45,55,12,36,48,50,50,39,8,61,46,17,0,5,0,0,0,86,96,97,82,45,79,30,0,0,87,80,0,41,0,90,0,56,0,0,0,0,0,4,72,31,74,0,0,0,63,54,65,72,92,45,48,32,0,61,96,4,50,81,52,0,68,62,86,46,70,73,101,29,52,44,0,0,75,45,53,0,0,57,42,20,6,57,0,50,106,18
"cell48",8,9,5,8,4,6,11,13,7,3,7,5,3,7,0,0,5,2,5,4,3,6,4,0,4,0,0,0,0,0,7,3,0,0,0,0,0,0,0,0,0,0,0,0,4,0,1,9,0,0,7,0,4,0,3,4,11,5,7,0,7,0,0,8,0,0,0,0,0,1,0,0,1,0,0,0,5,0,5,3,3,1,2,0,0,4,6,0,0,9,0,4,0,0,0,5,0,0,6,5,2,7,1,4,3,7,6,0,0,0,0,0,0,6,13,0,0,4,0,0,2,6,0,0,9,0,2,1,4,0,3,7,4,3,4,0,7,5,7,5,5,1,0,6,8,7,9,4,4,0,4,0,0,7,0,0,0,6,0,6,0,9,5,10,7,1,4,8,3,7,0,1,4,10,3,0,4,0,5,0,7,0,0,1
"cell49",17,15,11,18,26,11,34,17,13,11,6,24,10,12,2,1,20,9,27,13,8,12,18,12,11,0,2,3,0,2,0,21,0,0,0,0,0,0,0,0,0,0,0,0,7,0,15,11,5,0,15,0,2,0,12,16,8,10,12,0,11,0,1,19,0,0,0,0,0,0,0,0,5,30,13,0,16,0,12,0,0,26,23,0,0,18,14,0,0,32,0,1,3,13,0,4,8,0,9,19,7,10,10,13,2,14,10,0,0,0,0,0,0,16,26,0,0,8,0,0,6,18,3,0,16,0,15,4,14,0,11,19,4,8,7,1,22,15,22,22,14,7,0,12,6,29,19,9,10,4,15,0,0,7,0,0,0,13,13,8,0,12,19,6,16,0,3,8,13,13,0,11,16,23,16,0,12,7,21,23,13,4,0,4
"cell50",26,21,16,31,22,19,25,22,18,19,22,26,0,0,23,12,0,0,0,0,0,0,0,0,0,8,3,5,4,6,17,0,18,20,21,15,6,0,0,18,15,0,32,24,18,16,15,36,2,0,15,20,3,10,0,34,21,16,33,0,18,0,4,2,5,13,33,34,30,0,12,16,23,1,1,8,13,15,32,15,16,2,10,0,19,1,0,9,13,8,10,14,25,0,9,1,19,25,0,14,20,13,18,13,0,21,17,13,2,6,0,0,3,34,35,39,27,12,30,13,0,0,50,27,0,17,0,19,0,31,0,0,0,0,0,1,22,23,22,0,0,3,12,27,21,28,26,18,12,1,0,24,20,1,26,28,17,0,37,18,21,12,28,26,37,25,21,18,0,0,22,8,17,0,0,19,24,1,3,2,0,13,24,11
"cell51",22,11,3,16,6,7,13,15,9,9,15,13,5,12,0,3,11,12,14,6,5,12,4,5,17,0,0,0,0,0,10,1,13,4,0,1,1,1,1,0,0,0,0,0,6,1,8,12,0,0,3,1,6,9,6,20,11,3,11,0,8,0,2,11,0,1,4,4,3,1,0,0,9,0,0,2,16,3,13,11,15,0,0,0,0,0,0,3,4,22,0,3,15,0,8,1,10,0,7,6,4,10,4,10,2,5,8,0,0,0,0,0,0,11,20,0,0,1,0,0,2,3,1,0,6,3,6,0,16,0,7,18,0,3,13,2,8,4,7,8,4,5,0,7,3,15,7,6,6,0,9,0,0,3,0,0,0,17,0,12,0,13,10,11,22,6,9,11,16,6,0,13,10,10,11,1,5,0,4,0,6,3,8,1
"cell52",15,9,9,22,14,14,24,20,15,3,16,10,0,0,5,3,0,0,0,0,0,0,0,0,0,14,18,17,15,22,0,20,1,0,0,0,0,0,0,0,0,0,3,3,8,15,15,20,6,1,17,0,7,0,0,13,7,15,16,1,11,0,0,20,0,0,0,0,0,0,0,0,18,29,18,0,8,0,7,0,0,24,19,0,3,14,13,1,0,26,0,0,0,20,6,11,8,0,22,11,15,13,19,10,2,10,16,0,0,0,0,0,0,15,27,27,18,3,21,4,0,0,27,10,0,6,0,13,0,25,0,0,0,0,0,0,10,10,26,0,0,0,14,5,7,12,12,6,11,6,0,20,28,0,11,17,5,0,14,17,0,12,14,13,16,0,20,19,0,0,0,7,13,0,16,0,19,6,20,11,0,25,0,15
"cell53",16,21,12,15,13,14,28,11,18,16,10,17,5,7,0,1,12,13,14,7,7,15,13,9,12,2,3,0,0,1,0,20,2,0,0,0,0,0,0,0,0,0,0,0,6,0,15,8,6,0,15,0,9,0,8,13,8,10,11,1,8,0,1,25,0,0,0,0,0,0,0,0,11,28,19,0,12,0,15,0,0,27,18,0,0,12,15,1,0,25,0,9,2,12,1,11,4,0,6,13,6,15,13,8,2,18,12,0,0,0,0,0,0,16,29,0,0,3,0,0,5,24,0,0,11,0,9,4,17,1,13,15,7,13,5,1,16,11,11,16,12,7,0,14,7,25,12,12,8,3,18,0,0,2,0,0,0,18,17,8,0,14,16,11,27,0,8,21,17,17,0,14,18,18,18,0,17,5,24,18,7,4,0,10
"cell54",32,19,9,25,14,27,13,28,32,19,23,24,0,10,0,2,19,24,25,12,12,11,11,13,30,0,0,0,0,0,8,0,27,12,15,22,1,2,6,7,2,8,16,4,8,0,16,41,0,0,11,26,17,13,10,18,7,14,21,0,14,0,0,2,9,11,25,9,26,0,9,10,22,0,0,0,20,8,28,9,9,0,5,0,0,0,0,16,11,16,14,20,15,0,7,0,19,25,2,7,15,22,10,11,0,16,19,2,3,7,3,6,10,26,31,0,0,8,1,0,17,6,0,0,13,0,8,3,9,1,14,16,28,13,8,0,16,11,21,13,9,13,0,16,10,28,28,1,2,0,7,0,16,14,5,8,2,0,0,11,2,15,16,16,32,13,21,24,16,22,8,15,8,16,0,9,8,0,1,0,18,0,30,5
"cell55",49,28,22,41,27,31,33,60,44,19,30,22,0,0,16,13,21,8,2,5,23,6,28,26,29,0,0,0,0,1,42,0,39,31,33,39,4,0,1,22,5,1,12,22,17,0,20,45,0,0,21,40,25,19,2,51,14,24,22,0,16,0,0,6,17,25,47,25,55,0,21,21,38,0,0,3,31,13,59,28,14,0,5,0,0,0,0,19,23,8,28,16,26,0,11,0,35,49,0,23,14,59,20,21,0,43,24,19,0,4,0,2,7,39,77,5,0,19,4,3,0,16,47,10,18,0,32,2,38,36,8,0,2,0,2,0,48,11,36,35,22,32,0,25,23,42,42,6,19,0,26,1,38,21,36,30,10,2,0,24,28,23,40,35,58,25,6,37,12,0,18,29,31,35,0,32,22,0,0,0,8,1,42,12
"cell56",12,17,10,19,11,15,11,17,11,16,12,14,9,7,0,0,18,10,9,10,15,12,6,11,14,0,0,0,0,0,2,18,0,0,0,0,0,0,0,0,0,0,0,0,16,0,5,13,2,0,11,0,11,0,9,16,4,9,5,2,8,0,0,16,0,0,0,0,0,4,0,0,1,2,5,0,11,0,4,2,5,7,14,0,0,11,16,0,0,24,0,4,11,2,0,11,6,0,20,14,6,15,14,3,1,14,17,0,0,0,0,0,0,16,16,0,0,4,0,0,6,4,0,0,8,0,12,4,12,0,5,9,14,5,4,0,14,11,6,9,7,3,0,6,2,13,12,9,8,0,12,0,0,7,0,0,0,11,12,9,0,14,22,16,23,0,12,18,14,23,0,8,10,18,11,0,7,1,8,7,4,4,0,7
"cell57",61,95,32,55,60,39,54,86,46,48,88,63,5,15,1,7,37,24,61,44,35,31,30,31,46,0,0,0,0,0,76,0,74,46,82,65,4,0,11,36,24,4,34,61,29,8,49,59,0,0,61,81,18,28,8,99,45,48,28,0,36,0,13,6,32,44,104,107,96,3,38,70,61,0,0,8,47,30,34,43,62,0,27,0,0,4,0,22,60,19,51,46,44,0,76,0,63,56,3,37,59,67,32,31,3,72,37,18,7,31,3,9,58,76,112,2,0,37,3,3,22,27,40,0,37,5,38,12,85,50,44,7,13,21,33,11,59,73,87,76,35,45,0,45,50,78,62,23,14,0,34,0,66,72,64,56,33,0,0,67,44,76,68,56,96,50,74,56,60,56,25,48,79,85,0,56,26,4,7,0,25,8,56,38
"cell58",16,8,9,10,8,4,9,7,12,8,9,5,5,7,0,1,5,12,9,11,8,5,8,14,10,0,0,0,0,0,5,10,0,0,0,0,0,0,0,0,0,0,0,0,9,0,14,10,0,0,5,0,9,0,8,21,2,7,8,0,8,1,2,8,0,0,0,0,0,2,0,0,0,2,1,0,11,0,13,2,3,4,6,0,0,5,15,2,0,17,0,10,8,0,0,10,1,0,8,3,5,12,11,10,0,8,9,0,0,0,0,0,0,8,26,1,0,9,0,0,2,14,3,0,11,1,9,3,11,0,9,5,6,6,8,0,19,15,8,12,8,6,0,19,6,23,8,3,9,0,12,0,0,10,0,0,0,11,10,10,0,14,1,8,20,0,5,6,10,14,0,6,10,14,9,0,14,6,8,2,6,1,0,3
"cell59",25,28,8,31,15,19,11,19,18,15,15,18,4,13,0,0,7,15,5,17,15,12,8,5,16,2,0,0,0,1,0,21,0,0,0,0,0,0,0,0,0,0,0,0,9,0,12,20,8,1,11,0,6,0,16,25,5,8,19,0,15,0,0,26,0,0,0,0,0,1,0,0,5,18,11,0,10,0,13,0,0,22,14,0,0,17,16,0,0,17,0,8,7,10,3,6,12,0,14,7,18,13,14,4,0,23,11,0,0,0,0,0,0,22,22,0,0,6,2,0,5,14,2,0,12,0,21,4,9,0,5,13,12,4,4,0,21,8,24,23,15,7,0,9,5,39,14,9,6,5,9,0,0,19,0,0,0,8,13,7,0,17,12,27,32,0,10,14,21,10,0,14,21,39,15,0,16,14,14,8,20,2,0,12
"cell60",4,9,6,20,8,15,6,16,11,9,14,13,7,7,3,0,9,12,6,4,3,4,10,8,9,0,0,0,0,0,3,1,2,0,0,0,0,0,0,0,0,0,0,0,4,0,4,9,0,1,4,0,5,0,7,15,3,14,6,3,7,0,1,10,0,0,0,0,0,3,0,0,2,0,0,1,10,0,9,5,8,6,11,0,0,1,1,2,0,19,0,9,13,0,8,4,0,0,6,6,2,4,6,4,0,23,9,0,0,0,0,0,0,7,20,0,0,5,1,0,6,15,0,0,10,1,6,4,7,0,13,12,6,6,7,1,16,8,8,11,12,7,0,7,6,12,13,3,11,0,7,0,0,8,0,0,0,12,0,7,0,8,8,10,14,5,11,10,8,12,0,7,7,13,6,0,9,1,15,0,6,0,0,6
"cell61",23,24,12,31,9,16,18,14,19,23,14,22,10,12,0,0,15,15,11,6,14,10,3,3,5,11,7,23,9,24,0,22,2,0,0,0,0,0,0,0,0,0,0,0,8,2,6,26,16,2,14,0,17,0,21,25,11,13,8,0,5,0,1,15,0,0,0,0,0,0,0,0,12,28,9,0,17,0,27,0,0,38,21,0,2,15,9,0,0,42,0,0,0,27,0,3,5,0,20,9,12,24,9,13,1,26,20,0,0,0,0,0,0,18,38,0,1,14,9,0,8,10,10,0,2,0,3,13,5,0,19,25,7,3,5,0,20,12,17,1,8,9,7,14,21,18,41,7,7,4,4,0,0,14,0,0,0,21,20,14,0,14,23,25,31,0,16,16,21,17,0,16,9,23,18,0,7,9,10,14,17,8,0,5
"cell62",47,36,37,54,36,46,67,87,43,22,60,55,0,0,59,40,0,0,0,0,0,0,0,0,0,46,39,37,40,46,5,0,45,21,63,50,1,0,3,57,34,0,40,52,21,62,18,62,27,0,57,56,14,40,0,53,21,31,53,0,36,0,2,9,23,28,91,34,53,0,18,34,58,51,34,8,48,48,37,9,20,35,64,0,25,23,0,19,22,37,40,27,18,42,51,3,58,37,0,20,29,60,37,26,8,38,55,21,0,0,0,0,0,64,106,59,63,22,54,38,0,0,81,56,0,33,0,71,0,40,0,0,0,0,0,5,62,41,69,0,0,1,41,42,48,45,66,40,30,13,0,63,65,0,35,49,41,0,55,62,50,47,62,66,98,35,17,34,0,0,27,30,44,0,3,29,49,11,3,41,0,61,87,12
"cell63",8,10,2,15,7,8,10,13,15,6,7,12,6,2,0,0,7,12,4,5,7,11,3,2,6,0,0,0,0,0,14,0,0,0,0,0,0,0,0,0,0,0,0,0,6,0,10,9,0,0,11,0,0,0,5,8,4,2,5,0,2,0,1,8,0,0,0,0,0,7,0,0,7,0,0,0,4,0,5,3,4,0,1,0,0,1,1,0,0,21,0,5,10,0,3,7,0,0,9,5,6,3,8,3,1,9,8,0,0,0,0,0,0,15,10,0,0,2,0,1,4,6,0,0,12,1,10,3,4,0,7,16,7,2,4,2,11,12,1,5,6,6,0,8,2,15,6,4,4,0,6,0,0,2,0,0,0,15,0,8,0,9,6,14,8,5,5,12,6,11,0,6,3,11,4,0,4,1,7,0,3,0,0,0
"cell64",30,17,7,27,15,23,18,22,16,17,18,17,8,13,0,0,13,19,13,9,12,10,13,16,17,0,0,0,0,0,16,0,31,15,12,21,13,12,11,4,5,3,7,1,7,0,14,14,0,0,23,23,10,14,15,13,8,9,12,5,4,0,3,3,7,13,28,23,19,0,13,10,12,0,0,2,32,13,18,19,22,0,11,0,0,0,0,16,6,2,10,23,6,0,17,0,11,16,4,11,11,14,16,20,0,5,18,3,8,13,3,6,20,10,17,0,0,9,1,0,18,14,2,0,7,1,7,0,20,0,14,23,10,9,11,1,35,14,15,15,15,14,0,11,16,28,20,7,5,0,7,1,1,10,0,0,2,1,0,16,1,19,21,17,25,10,15,14,23,22,10,16,27,28,1,8,8,0,6,0,11,0,30,9
"cell65",31,31,6,23,17,16,16,25,24,19,14,11,7,9,0,0,18,14,13,12,15,13,7,5,25,0,0,0,0,2,14,6,19,19,14,15,2,2,0,6,7,3,12,5,5,0,15,19,0,0,9,18,13,12,6,23,14,13,25,5,5,0,0,15,11,10,24,33,30,0,2,10,19,0,0,4,13,14,21,15,18,0,16,0,0,0,0,21,14,1,13,13,18,0,8,0,18,24,5,10,10,21,14,18,0,13,19,0,12,15,5,14,21,21,50,0,0,8,9,0,7,15,13,0,16,0,18,1,13,0,12,23,21,10,30,0,17,21,19,19,20,19,0,22,11,22,24,11,7,0,6,0,1,17,5,4,1,1,0,26,1,28,11,13,27,20,12,19,20,14,12,9,20,31,0,26,13,0,4,0,3,1,17,3
"cell66",21,16,12,37,15,17,5,13,24,22,24,16,11,13,1,0,17,19,35,9,10,24,15,12,28,0,0,0,0,2,23,0,19,19,5,9,13,9,5,9,0,4,8,0,5,0,19,32,0,0,18,19,16,10,15,26,6,23,11,2,11,0,1,4,11,13,32,22,22,2,18,15,35,0,0,5,17,5,15,19,14,0,5,0,0,0,0,9,10,17,3,24,24,0,19,1,19,6,12,11,16,28,14,7,2,13,20,2,4,8,3,3,4,24,37,0,0,2,0,0,11,19,0,0,12,2,9,2,29,0,7,17,14,10,8,1,19,19,21,22,14,9,1,22,15,28,15,11,9,0,10,0,1,18,0,0,0,17,0,23,3,21,15,11,20,13,14,21,16,16,20,8,15,20,3,9,9,0,6,0,6,4,23,11
"cell67",21,16,3,17,10,11,11,27,28,13,11,13,9,15,1,2,8,5,6,3,6,5,1,1,4,9,19,14,12,13,0,18,2,0,0,0,0,0,0,0,0,0,0,0,7,7,11,15,11,0,15,0,5,0,2,13,9,8,12,2,11,0,3,16,0,0,0,0,0,0,0,0,11,24,24,0,9,0,15,0,0,24,16,0,0,11,9,0,0,31,0,0,0,14,1,14,10,0,12,14,9,13,12,12,0,19,12,0,0,0,0,0,0,17,28,1,0,11,1,0,8,10,0,0,8,4,10,6,6,0,7,32,4,12,5,0,20,14,18,5,20,8,0,18,5,20,18,6,15,10,9,0,0,18,0,0,0,9,17,11,0,10,19,21,27,0,16,18,18,21,0,10,10,13,17,0,15,8,26,8,9,3,0,11
"cell68",11,17,9,18,13,10,11,10,17,11,13,11,8,8,0,1,13,19,13,6,12,5,7,5,16,0,1,0,0,0,0,24,0,0,0,0,0,0,0,0,0,0,0,0,10,2,10,13,5,0,13,0,12,0,9,14,7,13,11,0,3,0,1,22,0,0,0,0,0,2,0,0,2,15,8,0,5,0,16,0,0,6,16,0,0,3,19,0,0,21,0,11,6,2,1,8,10,0,9,11,8,12,17,8,2,6,14,0,0,0,0,0,0,15,29,0,0,8,0,0,9,13,0,0,11,1,5,6,19,1,9,6,5,6,6,0,8,10,17,11,6,5,0,4,9,17,16,14,2,3,7,1,0,13,0,0,0,18,4,19,0,6,14,15,18,2,18,12,10,17,0,8,17,9,9,0,13,5,18,11,7,6,0,7
"cell69",9,10,1,12,4,10,17,15,9,4,8,8,6,5,0,0,4,5,11,7,12,10,0,2,12,0,0,0,0,0,2,10,0,0,0,0,0,0,0,0,0,0,0,0,2,0,5,20,0,0,9,0,4,0,6,10,7,11,6,0,6,0,2,11,0,0,0,0,0,2,0,0,5,0,1,0,5,0,6,5,6,2,5,0,0,5,7,0,0,22,0,5,6,0,0,6,0,0,8,12,2,14,13,7,1,7,7,0,0,0,0,0,0,4,15,0,0,6,0,0,2,2,2,1,7,1,6,1,6,1,8,7,4,4,2,0,13,3,11,12,6,13,0,15,3,7,8,7,2,0,2,1,0,11,0,0,0,7,0,12,0,3,7,8,15,3,9,17,11,11,0,6,9,8,4,0,5,1,12,0,3,2,0,10
"cell70",21,21,8,30,23,24,19,9,26,11,35,19,9,14,0,2,22,11,10,11,17,24,6,1,4,15,4,11,13,21,0,28,0,0,0,0,0,0,0,0,0,0,0,0,5,2,12,26,7,0,14,0,18,0,12,25,9,10,8,2,9,0,0,19,0,0,0,0,0,0,0,0,16,13,12,0,15,0,20,0,0,37,11,0,0,22,17,0,0,27,0,0,0,30,1,10,11,0,18,11,13,20,6,11,0,15,14,0,0,0,0,0,0,9,25,1,0,9,7,0,10,13,3,0,5,0,7,10,10,0,25,8,6,14,7,0,30,11,31,13,10,18,3,26,13,26,31,12,18,6,11,0,0,12,0,0,0,14,14,14,0,17,23,29,30,0,8,16,18,22,0,10,19,6,22,0,14,13,20,21,16,5,0,5
"cell71",13,7,6,17,9,6,10,8,21,15,13,5,7,4,0,2,8,13,7,8,12,5,8,10,9,0,1,0,0,0,3,17,1,0,0,0,0,0,0,0,0,0,0,0,2,0,10,11,0,0,6,0,4,0,8,9,3,7,14,0,5,1,3,5,0,0,0,0,0,5,0,0,0,0,1,0,12,0,12,5,14,5,3,0,0,5,6,1,0,18,0,5,8,0,0,10,2,0,9,11,7,11,8,8,0,8,4,0,0,0,0,0,0,14,23,0,0,4,0,0,2,13,2,0,9,0,11,5,5,1,6,13,10,4,7,0,8,6,18,11,12,8,0,3,10,10,12,4,7,0,10,0,0,10,0,0,0,7,4,13,0,10,10,16,15,2,11,10,15,10,0,5,9,15,10,0,15,3,15,2,3,1,0,2
"cell72",13,14,3,15,11,14,8,13,18,9,11,11,10,11,0,0,9,6,10,5,7,6,12,7,17,0,0,0,0,0,8,7,1,1,0,0,0,0,0,0,0,0,0,0,6,0,10,19,0,0,6,0,5,0,2,7,12,6,9,0,6,0,1,20,0,0,0,0,0,9,0,0,6,0,0,0,17,0,13,7,5,5,10,0,0,9,9,1,0,23,0,11,9,0,2,11,3,0,8,7,10,7,8,5,1,14,9,0,0,0,0,0,0,26,15,0,0,6,0,0,8,9,0,0,6,0,5,1,13,0,8,6,12,5,8,0,18,13,8,8,8,2,0,11,11,13,13,9,7,0,8,1,0,11,0,0,0,9,12,14,0,12,9,12,26,3,8,9,20,13,0,5,9,14,11,0,13,3,16,0,5,0,0,3
"cell73",31,44,15,34,22,21,32,46,41,26,33,24,2,1,10,7,17,4,20,12,15,15,23,18,36,0,0,0,0,0,38,3,26,27,40,36,0,2,0,21,10,3,20,13,10,0,17,57,0,0,19,38,13,19,0,20,17,11,19,1,25,0,7,1,25,9,46,23,37,0,33,24,30,0,0,10,38,18,24,27,22,0,3,0,0,0,0,11,31,9,18,21,20,0,14,0,11,17,0,11,12,29,21,14,4,30,25,8,0,1,0,1,2,27,42,5,0,15,6,4,0,11,40,18,28,0,21,2,23,21,1,0,0,0,0,1,34,22,41,13,16,16,0,30,26,48,25,13,21,0,11,3,27,25,13,37,22,0,0,21,23,26,38,33,48,13,24,30,11,3,19,32,12,23,0,6,11,0,5,0,2,1,28,16
"cell74",12,16,7,14,4,9,12,13,12,9,14,11,4,8,3,2,7,14,8,5,11,2,8,4,11,0,0,0,0,0,11,1,6,0,0,0,0,0,0,0,0,0,0,0,3,0,10,10,0,0,5,0,1,0,12,12,9,5,0,0,12,0,0,19,1,0,0,0,0,4,0,0,10,0,0,0,6,5,10,4,7,0,2,0,0,0,1,6,6,17,0,12,11,0,6,5,2,0,12,8,7,10,6,9,1,10,9,0,0,0,0,0,0,8,18,0,0,4,0,0,11,12,1,0,9,0,5,1,5,0,13,10,7,4,8,0,17,7,17,11,5,4,0,4,6,16,23,2,7,0,2,0,0,5,0,0,0,9,0,12,0,6,11,14,14,6,2,13,10,9,0,12,10,9,5,0,10,0,6,0,4,0,2,4
"cell75",38,35,9,27,15,23,15,43,30,32,15,33,0,0,20,18,0,0,1,0,0,0,0,5,4,0,0,0,0,0,26,2,46,22,13,31,0,3,2,35,17,0,15,20,9,16,23,31,0,3,17,24,25,27,0,24,18,15,15,3,31,0,3,3,25,18,35,22,39,0,16,13,15,0,0,3,28,20,21,25,14,0,0,0,4,0,0,17,15,21,24,19,17,0,16,0,33,24,0,25,22,40,29,15,2,20,22,22,2,1,1,3,1,23,40,44,33,18,16,7,0,2,52,51,12,13,7,18,0,35,0,0,0,0,0,1,39,16,27,0,3,4,33,34,17,32,34,9,17,0,0,10,23,19,38,15,17,3,39,35,18,23,21,31,28,19,30,36,0,0,24,9,30,3,0,15,13,0,0,0,0,19,23,13
"cell76",14,10,2,13,8,20,10,13,19,9,9,9,10,10,0,0,14,6,12,8,4,5,8,7,5,0,0,0,0,0,4,10,0,0,0,0,0,0,0,0,0,0,0,0,7,0,9,9,0,0,7,0,3,0,5,14,7,9,10,0,11,0,0,11,0,0,0,0,0,3,0,0,0,0,1,0,14,0,5,1,1,4,5,0,0,0,11,0,0,13,0,5,12,0,0,13,0,0,17,10,11,10,11,4,2,7,8,0,0,0,0,0,0,10,20,0,0,1,1,0,8,11,0,0,9,0,3,4,9,0,6,9,9,9,7,0,13,10,19,7,3,5,0,15,2,13,11,6,6,0,10,0,0,22,0,0,0,9,0,9,0,9,8,11,8,0,6,10,5,5,0,4,7,15,3,0,6,4,8,0,9,0,0,7
"cell77",19,20,11,26,22,21,17,11,16,20,22,20,7,6,0,0,21,9,15,13,33,16,9,8,11,4,5,3,1,3,0,23,2,0,0,0,0,0,0,0,0,0,0,0,16,5,16,32,10,0,16,0,15,3,24,18,9,14,15,1,12,0,0,41,0,0,0,0,0,0,0,0,17,23,14,0,17,0,27,0,0,29,17,0,0,13,21,0,0,20,0,0,4,36,6,24,24,0,16,15,16,21,7,14,3,13,14,0,0,0,0,0,0,23,41,0,0,4,0,0,7,11,5,0,10,2,8,2,13,1,18,28,14,8,6,0,14,14,26,15,7,13,0,9,18,35,29,12,12,7,19,0,0,14,0,0,0,23,17,7,0,11,22,24,28,0,9,22,25,26,0,12,11,25,13,0,12,3,16,14,11,3,0,5
"cell78",34,24,13,41,16,16,11,30,21,25,35,16,5,21,0,0,21,24,14,10,30,24,15,19,42,0,0,0,0,0,40,0,22,15,20,20,0,6,3,15,4,7,8,9,12,0,22,21,0,0,23,31,20,14,17,15,20,23,24,2,23,0,0,5,16,21,36,44,24,0,12,26,33,0,0,8,23,11,30,17,28,0,16,0,0,0,0,7,21,10,28,25,25,0,33,1,21,31,0,18,29,29,16,5,0,32,20,3,9,24,12,2,36,34,51,0,0,10,0,0,6,18,0,0,5,2,11,11,34,0,11,22,19,23,18,4,25,18,38,17,13,15,0,32,23,33,37,0,0,0,13,0,5,3,2,4,5,4,3,22,1,14,21,38,41,19,20,16,25,13,20,18,20,41,0,14,21,0,2,0,4,1,41,13
"cell79",19,21,13,17,16,21,20,22,9,16,25,13,2,0,15,12,0,0,0,0,0,0,0,0,0,19,13,14,6,12,0,22,0,0,0,0,0,0,0,0,0,0,0,0,8,10,16,24,6,0,17,0,9,0,0,19,7,10,15,1,14,3,0,19,0,0,0,0,0,0,0,0,29,19,21,0,13,0,26,0,0,17,19,0,6,9,16,1,0,27,0,0,0,39,16,17,6,0,12,12,10,17,13,9,0,7,12,0,0,0,0,0,0,21,31,28,16,16,23,5,0,0,30,23,0,15,0,23,0,27,0,0,0,0,0,0,14,6,5,0,0,0,8,14,5,18,9,7,8,6,0,15,10,0,10,8,4,1,15,15,0,9,19,18,27,0,11,18,0,0,1,21,11,0,8,0,11,10,18,13,0,18,0,2
"cell80",18,23,16,26,12,13,14,18,28,10,24,13,11,14,1,3,9,13,9,5,2,8,14,8,12,0,0,0,0,1,0,27,0,0,0,0,0,0,0,0,0,0,0,0,8,0,4,21,12,0,19,0,5,0,19,21,10,15,9,4,13,1,0,18,0,0,0,0,0,1,0,0,2,27,23,0,12,0,15,0,0,17,22,0,0,9,26,0,0,21,0,3,1,9,0,10,12,0,19,13,10,17,15,6,0,13,16,0,0,0,0,0,0,24,37,0,0,9,0,0,9,12,0,0,12,1,10,7,18,0,18,27,6,6,16,0,16,6,22,12,8,7,1,6,15,19,27,11,6,10,7,0,0,11,0,0,0,25,20,20,0,8,12,28,15,0,8,15,19,28,0,10,7,21,16,0,16,12,11,16,10,2,0,4
"cell81",9,7,1,15,5,8,10,8,12,10,4,9,2,6,0,0,3,9,7,3,7,2,1,3,5,0,0,0,0,0,9,0,7,0,0,0,0,0,0,0,0,0,0,0,3,0,3,13,0,0,10,0,4,1,7,10,6,3,13,0,5,0,0,18,0,0,0,3,0,2,0,2,9,0,0,0,7,5,11,8,6,0,0,0,0,1,0,3,4,8,0,7,8,0,3,0,5,0,8,4,12,3,5,3,0,11,7,0,0,0,0,0,0,15,14,1,0,5,0,0,7,7,4,0,12,0,7,0,9,0,6,9,3,2,1,0,6,2,9,6,8,7,0,4,7,10,15,4,8,0,8,0,0,9,0,0,0,9,0,6,0,9,6,13,12,7,3,8,10,16,0,5,4,11,6,0,9,0,7,0,2,0,0,6
"cell82",17,17,7,13,4,10,7,15,17,4,14,8,5,6,8,3,0,0,0,0,0,0,0,0,0,5,7,12,7,17,0,16,0,0,0,0,0,0,0,0,0,0,0,0,3,10,13,13,8,0,10,0,9,0,2,17,9,9,11,3,9,0,0,17,0,0,0,0,0,0,0,0,14,11,11,0,15,0,12,0,0,19,17,0,3,6,13,0,0,21,0,0,0,16,0,22,11,0,10,8,10,9,12,11,1,11,24,0,0,0,0,0,0,17,11,17,14,7,8,2,0,7,12,16,0,9,0,24,0,13,12,3,3,5,5,0,21,3,15,0,0,0,12,9,4,26,23,9,9,11,0,14,1,0,0,0,0,0,13,5,0,20,8,5,20,0,12,8,0,4,0,16,10,0,16,0,13,7,8,15,0,7,0,3
"cell83",59,42,17,67,22,35,28,20,61,35,57,37,1,17,1,0,38,52,37,23,45,36,24,38,50,0,0,0,0,0,33,2,57,39,32,20,7,4,6,19,12,0,20,6,23,0,28,37,0,0,36,48,28,37,10,68,22,30,28,0,11,0,2,5,20,25,48,41,48,2,14,33,28,0,0,10,28,26,37,30,42,0,18,0,0,0,0,14,50,3,43,26,48,0,14,0,30,23,4,47,27,34,38,12,0,45,28,9,8,39,6,7,31,46,85,0,0,5,0,0,29,29,6,0,39,0,27,20,46,39,34,24,10,18,23,0,40,46,44,43,19,32,0,41,9,70,60,3,4,0,31,0,45,49,13,28,10,3,0,42,28,48,31,70,69,25,26,32,61,27,39,16,31,53,0,47,13,0,0,0,14,5,63,18
"cell84",16,8,10,14,6,9,14,9,12,10,15,13,8,9,0,5,7,12,7,5,9,10,7,6,13,0,0,0,0,0,0,10,0,0,0,0,0,0,0,0,0,0,0,0,5,2,12,18,1,0,10,0,12,0,10,21,4,17,6,2,11,0,1,17,0,0,0,0,0,10,0,0,3,3,5,0,15,0,12,0,2,14,12,0,0,14,6,0,0,12,0,4,6,0,3,21,1,0,16,6,13,18,9,8,0,9,13,0,0,0,0,0,0,11,22,0,0,0,0,0,15,7,0,0,1,0,12,4,15,0,8,14,9,6,9,0,12,10,12,12,15,8,0,7,11,16,22,6,9,3,10,0,0,9,0,0,0,19,12,10,0,6,11,25,21,0,11,18,12,15,0,14,7,8,13,0,8,3,14,6,5,0,0,10
"cell85",25,19,13,30,21,18,21,34,31,22,27,19,11,12,0,0,15,8,14,14,16,5,7,16,21,3,1,1,1,1,4,48,0,0,0,0,0,0,0,0,0,0,0,0,18,0,17,26,6,0,11,0,13,0,11,26,18,9,15,0,25,0,0,24,0,0,0,0,0,3,0,0,9,30,24,0,9,0,25,5,2,23,19,0,0,10,12,2,0,25,0,3,0,12,0,18,19,0,17,16,16,15,12,9,3,12,17,0,0,0,0,0,0,25,29,7,0,8,1,0,14,10,5,0,13,1,24,4,14,4,7,7,10,3,14,1,27,16,22,19,12,13,0,10,12,29,27,6,17,9,6,1,0,11,0,0,0,15,12,16,0,19,31,13,22,0,26,20,10,23,0,9,16,22,14,0,17,7,29,15,12,2,0,13
"cell86",33,46,28,49,31,37,32,36,41,20,34,21,0,2,7,11,29,10,14,7,24,11,9,23,27,0,0,0,0,0,39,1,30,17,30,39,2,0,1,19,19,0,21,15,12,0,25,41,0,0,17,29,20,19,3,43,24,37,19,0,19,0,4,9,11,20,32,47,38,0,24,22,43,0,0,6,26,16,46,21,16,0,6,0,0,0,0,19,23,15,31,35,36,0,40,0,31,32,2,25,18,39,17,15,2,20,24,8,3,6,7,1,13,50,53,0,0,12,1,0,6,27,38,0,27,0,27,4,36,33,13,0,0,0,5,1,52,20,33,35,18,31,0,36,15,38,43,3,10,0,11,1,41,27,34,26,14,1,0,19,27,10,38,37,33,20,21,40,15,4,32,30,28,20,1,30,18,0,0,0,18,2,40,7
"cell87",53,41,25,37,26,57,24,54,25,60,52,39,0,9,8,4,30,36,49,22,31,22,30,39,63,0,0,0,0,0,47,3,41,35,50,66,4,3,18,40,18,2,38,25,23,2,45,42,0,0,36,44,24,32,9,56,24,28,28,0,26,0,0,5,17,33,51,66,31,0,19,41,42,0,0,5,47,18,37,45,23,0,5,0,0,0,0,14,31,19,16,39,31,0,37,0,35,34,0,18,48,37,33,14,2,36,41,14,4,18,3,2,6,58,48,2,0,18,5,0,14,31,27,0,23,0,49,6,42,36,13,4,19,10,21,2,35,21,53,42,28,12,0,30,21,39,65,22,21,0,27,0,77,40,29,34,13,0,0,49,23,46,40,38,55,39,48,33,49,38,26,34,39,62,0,30,32,0,6,0,10,2,86,21
"cell88",15,3,1,8,4,4,6,7,6,3,7,9,5,5,0,0,8,8,10,7,9,5,3,1,13,0,0,0,0,0,4,5,0,0,0,0,0,0,0,0,0,0,0,0,1,0,10,11,0,0,7,0,5,0,3,5,8,9,6,0,6,0,0,13,0,0,0,0,0,4,0,0,1,0,0,0,7,0,8,2,8,5,5,0,0,3,3,0,0,15,0,3,4,0,0,8,0,0,8,6,2,13,6,5,0,9,4,0,0,0,0,0,0,11,6,0,0,0,0,0,3,6,1,0,4,0,15,2,9,0,6,6,9,4,2,0,13,8,13,7,11,5,0,7,6,7,9,5,1,0,3,0,0,9,0,0,0,5,0,6,0,7,11,9,15,1,2,3,6,10,0,5,2,8,3,0,11,1,17,0,7,0,0,4
"cell89",12,24,11,39,9,31,19,12,14,16,18,12,7,11,0,0,16,12,15,13,21,6,13,14,40,0,0,0,0,0,14,0,17,15,14,16,1,5,6,8,2,13,0,3,12,0,23,15,0,0,16,16,11,14,15,9,11,8,6,1,10,2,0,5,5,4,24,18,19,0,12,12,18,0,0,6,11,7,26,15,14,3,13,0,0,0,0,21,20,19,16,15,22,0,13,1,8,9,12,10,7,10,21,10,1,11,16,0,11,10,5,4,11,26,31,0,0,7,2,0,14,19,7,0,10,0,7,5,21,0,19,15,21,11,12,0,25,13,23,13,21,12,0,28,11,25,31,11,8,0,11,0,0,35,0,0,0,18,0,17,0,16,19,17,35,9,12,10,20,22,6,10,14,23,2,5,7,1,4,0,8,1,31,7
"cell90",10,7,5,10,11,17,7,12,11,7,6,14,7,6,0,0,8,7,8,3,5,4,9,3,9,0,0,0,0,0,13,0,2,1,0,0,0,0,0,0,0,0,0,0,5,0,4,11,0,0,12,0,2,1,8,6,10,5,6,1,8,0,1,12,0,0,0,4,0,1,0,0,6,0,0,1,12,5,4,7,8,0,0,0,0,0,0,8,7,13,0,7,10,0,3,7,0,0,12,6,8,17,7,10,0,13,4,0,0,0,0,0,0,14,14,0,0,8,2,0,4,5,6,0,7,0,4,3,8,0,2,10,10,4,6,0,14,9,15,5,14,9,0,3,5,12,11,4,9,0,0,0,0,4,0,0,0,8,0,7,0,10,10,20,7,6,6,3,15,5,0,3,6,13,9,0,6,0,8,0,5,0,0,4
"cell91",20,26,10,58,21,16,30,43,17,33,28,29,0,1,1,0,24,37,29,18,17,19,11,13,17,0,0,0,0,0,40,2,21,25,36,25,2,0,4,24,5,0,28,21,9,0,15,19,0,0,24,8,27,10,0,22,19,17,21,0,13,0,0,3,21,20,35,24,11,0,12,19,32,0,0,0,38,16,37,23,29,0,10,0,0,0,0,22,33,6,21,28,33,0,11,0,20,22,1,31,28,28,36,11,0,16,18,6,2,12,3,0,3,51,57,0,0,10,3,2,0,26,23,2,27,0,15,1,28,29,13,0,3,3,4,0,47,21,38,19,9,17,0,30,21,34,28,18,14,0,23,0,39,30,36,40,17,0,0,16,24,23,30,33,46,20,28,24,22,4,7,12,33,43,0,10,32,0,2,0,1,0,36,11
"cell92",39,26,13,23,8,10,21,33,21,19,18,16,3,11,0,1,28,11,11,10,17,10,10,15,26,0,0,0,0,0,33,1,16,18,8,32,2,9,12,7,6,8,11,6,15,0,10,28,0,2,15,25,13,10,16,26,20,15,15,0,4,0,1,2,16,15,25,30,32,0,17,9,23,0,0,4,17,13,18,18,21,0,8,0,0,0,0,11,15,27,18,15,22,0,12,0,23,8,2,23,13,40,10,8,2,21,20,9,9,12,6,16,25,23,27,0,0,3,0,0,12,17,3,0,2,0,18,7,15,3,16,21,11,11,13,0,13,16,25,23,11,14,0,19,14,17,17,8,5,0,1,0,8,28,0,4,1,8,1,27,5,10,13,26,21,13,13,16,10,21,15,17,18,36,2,11,7,0,0,0,9,2,50,6
"cell93",46,28,27,38,28,39,23,35,36,38,39,18,0,2,9,9,17,21,6,19,10,11,16,29,39,0,0,0,0,0,29,0,35,30,46,37,5,1,0,23,17,0,20,41,19,3,29,41,0,0,32,46,25,21,1,47,31,20,16,2,40,0,1,3,29,19,60,44,51,0,21,17,28,0,0,1,25,9,26,51,15,0,4,2,0,0,0,28,39,7,38,39,25,0,24,0,40,23,0,24,45,53,25,20,2,33,28,12,6,14,1,1,14,40,76,0,0,27,2,3,2,19,45,0,23,0,26,1,39,52,1,1,9,5,7,0,29,26,49,33,13,28,2,52,27,41,50,27,25,0,24,3,44,28,23,32,16,0,3,38,37,38,54,29,42,26,31,37,27,5,31,33,40,54,0,30,19,0,2,0,1,1,60,10
"cell94",25,18,20,43,10,9,10,30,25,11,27,16,4,12,0,2,11,9,14,7,14,21,10,16,25,0,0,0,0,0,11,0,41,13,12,25,9,4,12,4,0,7,4,0,12,0,12,26,0,0,19,15,7,13,15,10,10,7,18,3,7,0,0,8,9,12,26,20,19,0,10,12,26,0,0,4,14,8,22,18,25,6,12,0,0,6,0,17,25,14,13,17,22,0,12,3,16,18,6,10,13,16,15,13,2,16,12,0,7,23,8,3,6,15,39,2,0,5,1,0,14,21,0,0,15,0,23,1,14,0,12,31,20,14,12,0,23,18,10,18,10,8,1,26,7,26,24,2,6,0,14,0,0,30,0,0,0,12,0,15,0,12,19,24,28,15,23,18,20,19,8,18,21,29,1,14,11,0,6,0,11,2,20,5
"cell95",20,37,21,32,19,24,15,33,28,23,17,20,0,0,8,6,2,0,0,0,6,0,12,15,31,0,1,0,0,0,29,0,13,10,14,27,1,0,0,29,16,0,24,20,9,3,25,33,0,0,15,15,12,8,0,17,14,20,19,3,19,0,1,0,19,6,38,39,23,0,7,21,16,0,0,4,32,12,25,13,20,0,1,1,1,0,0,6,15,11,9,12,24,0,24,0,14,22,0,15,25,25,29,6,1,14,25,7,1,2,0,0,1,24,43,23,10,7,18,9,0,3,45,34,19,5,5,18,9,21,0,0,0,0,0,0,23,19,17,6,12,21,2,9,10,27,25,9,6,0,0,5,28,19,35,15,10,2,0,15,27,11,28,29,35,15,23,20,2,0,22,26,15,16,0,14,11,0,0,0,0,8,32,17
"cell96",7,9,5,10,9,10,6,11,9,6,11,5,7,2,0,0,6,7,7,2,9,3,7,2,8,0,0,0,0,0,6,1,0,0,0,0,0,0,0,0,0,0,0,0,7,0,6,11,0,0,5,0,6,1,2,8,5,10,6,0,5,0,4,5,0,0,0,0,0,5,0,1,10,0,0,0,6,1,3,10,8,0,0,0,0,0,1,3,3,9,0,3,8,0,9,7,1,0,9,4,5,12,13,7,0,6,8,0,0,0,0,0,0,7,16,0,0,6,1,0,9,5,0,0,5,0,2,2,5,0,9,17,8,1,6,1,8,3,11,6,5,7,0,5,8,10,14,1,11,0,7,0,0,10,0,0,0,8,0,9,0,7,17,9,19,10,7,4,14,13,0,4,9,17,8,1,5,0,10,0,2,1,0,0
"cell97",9,19,10,19,21,26,28,10,13,14,7,16,13,13,0,1,9,7,10,11,10,14,15,10,17,0,3,3,0,1,0,17,1,0,0,0,0,0,0,0,0,0,0,0,12,0,14,16,4,0,15,0,7,0,12,26,10,16,8,0,8,0,1,22,0,0,0,0,0,0,0,0,7,25,21,0,11,0,14,0,0,20,9,0,0,15,18,1,0,27,0,2,0,10,0,7,16,0,10,15,2,14,15,13,5,11,16,0,0,0,0,0,0,14,29,0,0,4,0,0,5,23,2,0,7,0,14,4,8,2,17,9,5,6,6,1,13,11,21,20,11,12,0,20,8,24,24,7,6,6,12,0,0,12,0,0,0,13,12,9,0,15,14,11,19,0,12,15,18,18,0,19,13,27,15,0,14,9,21,12,6,1,0,2
"cell98",7,9,7,13,7,10,9,5,18,9,12,11,4,6,3,0,5,6,9,4,8,5,9,5,11,0,0,0,0,0,5,3,1,0,0,0,0,0,0,0,0,0,0,0,4,0,6,20,0,0,9,0,3,0,6,7,2,2,1,1,6,0,0,10,0,0,0,0,0,3,0,0,3,0,0,0,6,1,9,6,5,0,2,0,0,2,3,0,0,16,0,8,15,0,7,3,0,0,4,11,6,8,6,7,1,8,4,0,0,0,0,0,0,13,13,0,0,2,1,0,2,12,0,0,10,0,10,4,10,0,4,10,8,5,6,0,4,9,12,16,8,12,0,11,5,14,15,5,2,0,5,0,0,13,0,0,0,11,0,7,0,8,6,10,15,6,9,9,13,6,0,5,7,14,5,3,8,0,9,0,8,0,0,0
"cell99",13,12,2,16,14,22,13,20,17,20,6,10,11,14,0,0,13,11,5,8,9,8,5,12,11,0,0,0,0,0,3,16,2,0,0,0,0,0,0,0,0,0,0,0,7,0,9,18,2,0,14,0,7,0,7,24,9,9,8,2,5,0,0,18,0,0,0,0,0,5,0,0,0,2,4,0,5,0,21,0,4,7,4,0,0,9,15,0,1,26,0,7,11,0,0,7,3,0,15,17,6,18,16,18,0,15,14,0,0,0,0,0,0,16,26,0,0,5,1,0,4,12,0,0,8,0,5,7,9,0,12,12,12,6,10,0,14,10,17,4,16,10,0,8,7,15,11,6,9,0,15,0,0,14,0,0,0,19,3,17,0,4,13,19,14,0,13,11,24,12,0,14,10,14,6,0,3,1,13,4,6,1,0,4
"cell100",25,21,11,23,14,13,17,27,16,24,33,18,6,12,0,0,19,21,10,7,10,9,13,13,26,0,0,0,0,0,18,0,26,22,20,19,5,5,8,13,4,2,10,6,9,0,11,16,0,0,21,20,6,8,18,18,14,11,14,4,5,0,0,3,7,6,27,24,21,0,8,17,21,0,0,3,24,5,17,14,20,0,22,0,0,0,0,8,17,5,16,28,9,0,15,0,17,20,3,11,13,22,20,13,0,12,21,6,10,15,5,5,21,19,25,0,0,7,1,0,11,5,8,0,14,0,16,2,10,0,22,20,9,8,6,0,21,12,22,14,22,11,0,7,20,30,30,2,2,0,4,0,1,30,1,1,0,3,0,15,1,13,24,20,25,8,24,22,27,24,18,16,17,13,0,16,15,0,3,0,10,2,31,4
"cell101",10,12,4,9,8,5,3,15,10,6,18,4,3,5,0,0,9,6,11,7,6,2,5,0,4,0,0,0,0,0,10,0,3,0,0,0,0,0,0,0,0,0,0,0,0,0,5,13,0,0,6,0,4,2,9,2,8,3,7,2,1,0,0,9,0,0,0,0,0,2,0,0,2,0,0,1,1,1,6,3,4,0,1,0,0,0,1,6,4,8,0,2,8,0,5,7,0,0,8,8,1,4,9,8,0,3,6,0,0,0,0,0,0,9,10,0,0,6,0,0,3,5,0,0,7,0,6,0,7,0,6,7,5,2,5,0,10,8,7,5,8,2,1,13,2,6,8,5,5,0,4,0,0,7,0,0,0,6,0,14,0,3,9,8,8,7,6,9,14,10,0,6,6,12,14,0,4,1,10,0,4,0,0,1
"cell102",25,28,25,36,31,19,26,35,39,20,35,25,0,1,24,24,3,10,3,1,4,5,17,14,43,0,0,0,0,0,44,0,36,22,28,32,2,0,4,20,13,0,30,29,23,2,32,33,0,0,38,45,10,23,0,30,18,26,23,0,9,0,0,0,25,8,44,44,43,3,23,29,32,0,0,4,31,17,27,26,33,0,1,2,0,0,0,10,28,27,29,18,22,0,36,0,20,18,0,20,30,18,9,26,0,38,29,17,0,0,0,6,0,48,52,22,6,14,24,0,0,6,47,33,17,0,18,11,23,46,0,0,1,0,0,5,23,20,19,20,21,18,0,25,27,33,40,14,17,0,20,1,37,18,42,49,16,0,2,15,27,26,28,23,32,26,25,31,4,1,16,19,22,41,0,16,15,0,0,0,0,4,58,12
"cell103",7,10,1,12,6,6,5,13,14,10,10,7,6,6,0,0,4,2,6,1,8,4,10,5,7,0,0,0,0,0,4,1,4,0,0,0,0,0,0,0,0,0,0,0,7,0,6,16,0,0,2,0,3,1,5,9,5,7,3,1,3,0,3,11,0,0,0,1,0,3,0,0,8,0,0,2,7,1,7,8,4,0,1,0,0,0,3,5,4,12,0,1,6,0,8,4,0,0,10,9,7,10,14,14,0,4,12,0,0,0,0,0,0,6,14,0,0,9,2,0,6,9,0,0,8,1,7,0,11,0,3,8,5,1,6,0,9,8,11,4,10,11,0,2,6,12,9,5,7,0,1,0,0,6,0,0,0,11,0,8,0,8,12,20,14,8,4,9,5,10,0,5,6,19,8,1,2,0,13,0,5,3,0,2
"cell104",20,26,11,42,24,13,25,29,11,44,35,29,0,1,5,4,22,23,25,19,21,14,24,6,23,0,0,0,0,0,46,1,22,17,37,29,0,0,5,23,18,0,24,23,10,0,10,32,0,0,34,14,18,11,0,30,18,27,13,0,9,0,0,1,24,17,31,29,13,1,6,15,42,0,0,0,39,21,22,24,25,0,17,0,0,0,0,21,18,4,18,14,28,0,33,0,13,15,0,14,23,26,24,9,1,26,7,3,3,16,0,1,4,24,48,0,0,15,4,2,0,28,31,0,18,2,27,9,44,17,9,0,0,2,0,0,27,15,24,18,15,11,0,14,21,37,48,14,15,0,20,0,31,34,34,22,19,0,0,22,30,16,33,22,39,21,37,37,14,3,12,13,20,30,0,20,16,0,1,0,1,1,33,10
"cell105",79,59,43,90,60,60,77,74,105,82,81,68,0,0,62,73,0,0,0,0,0,0,0,0,0,62,93,66,51,85,6,9,68,71,88,59,7,0,5,83,72,0,80,59,38,69,37,98,22,0,86,84,39,45,0,77,42,62,50,8,23,0,1,8,65,32,85,92,63,0,39,63,67,69,33,7,59,45,88,6,8,25,47,0,22,59,0,33,64,75,63,52,26,63,61,0,29,55,3,44,33,74,50,64,0,87,35,20,0,0,0,0,0,71,81,144,76,49,66,45,0,0,92,85,0,47,0,68,0,63,0,0,0,0,0,4,85,40,68,0,0,0,45,74,28,106,79,51,34,36,0,63,59,0,63,79,51,0,67,85,57,48,50,82,83,6,59,49,0,0,43,48,59,0,0,43,47,28,2,70,0,51,80,26
"cell106",34,22,10,21,20,13,11,21,27,12,33,12,13,8,0,0,6,8,12,4,17,15,6,4,6,10,13,9,14,17,0,17,0,0,0,0,0,0,0,0,0,0,0,0,6,5,29,24,16,0,15,0,8,0,10,19,16,10,12,4,6,0,7,26,0,0,0,0,0,0,0,0,19,23,15,0,12,0,17,0,0,34,10,0,0,20,17,0,0,29,0,0,0,19,5,20,16,0,13,11,16,22,9,13,1,17,12,0,0,0,0,0,0,16,38,0,0,5,1,0,16,21,3,0,8,0,9,1,12,0,24,20,20,12,18,0,22,11,13,15,13,17,0,11,17,20,22,7,6,12,10,0,0,12,0,0,0,17,15,22,0,22,13,13,28,0,9,17,24,29,0,16,23,23,9,0,20,8,20,20,5,0,0,10
"cell107",17,15,8,21,16,19,17,19,21,22,24,19,14,11,0,1,11,6,6,0,11,7,6,2,1,13,9,21,9,16,0,28,0,0,0,0,0,0,0,0,0,0,0,0,10,4,16,30,6,0,10,0,12,0,8,11,11,11,15,0,5,0,4,11,0,0,0,0,0,1,0,0,19,23,19,2,15,0,17,0,0,39,11,0,0,16,18,1,0,14,0,0,0,22,5,7,16,0,9,6,19,33,13,14,1,12,19,0,0,0,0,0,0,25,56,2,0,5,4,0,6,9,2,0,7,0,11,7,8,0,7,18,8,14,8,3,19,6,24,14,13,15,0,15,17,17,33,9,11,2,5,0,0,17,0,0,0,22,13,17,0,12,11,19,23,3,8,16,21,16,0,10,21,20,16,0,7,18,15,27,9,14,0,6
"cell108",23,21,7,13,5,11,7,15,16,9,14,4,7,11,1,2,13,16,16,9,14,3,5,4,14,0,0,0,0,0,0,13,0,0,0,0,0,0,0,0,0,0,0,0,9,0,9,18,5,0,12,0,13,0,15,18,3,10,11,0,6,0,0,22,0,0,0,0,0,0,0,0,1,17,8,0,9,0,17,1,0,6,10,0,0,9,13,0,0,20,0,10,8,0,4,11,3,0,10,5,8,8,14,16,2,6,17,0,0,0,0,0,0,15,26,0,0,7,1,0,7,12,0,0,10,0,5,5,18,2,9,7,7,1,7,1,10,9,23,12,8,8,0,16,10,16,13,6,5,3,14,0,0,8,0,0,0,13,4,12,0,11,10,17,14,1,11,22,27,13,0,5,13,17,10,0,13,8,13,4,8,7,0,5
"cell109",20,9,5,22,7,24,21,16,12,5,15,15,4,1,13,9,0,0,0,0,0,0,0,0,0,4,19,8,9,23,0,20,1,0,0,0,0,0,0,0,0,0,0,0,5,17,6,11,6,0,11,0,6,0,4,14,6,10,4,0,9,0,0,16,0,0,0,0,0,0,0,0,21,21,8,0,9,0,11,0,0,23,11,0,7,11,15,0,0,18,0,0,0,15,4,14,7,0,11,8,15,17,14,8,4,11,6,0,0,0,0,0,0,16,17,18,13,15,17,3,0,10,26,8,0,7,0,24,0,7,6,9,10,13,2,0,8,7,15,0,0,0,7,10,12,9,11,10,12,13,0,11,0,0,0,0,0,0,18,6,0,9,19,19,14,0,11,11,1,8,0,6,14,0,6,0,8,8,8,17,2,15,1,9
"cell110",13,22,10,19,19,12,23,20,16,21,14,10,10,9,0,1,17,13,11,13,7,10,6,6,10,2,1,0,0,0,0,29,0,0,0,0,0,0,0,0,0,0,0,0,4,1,13,13,4,0,9,0,4,0,11,8,5,6,14,0,8,0,2,16,0,0,0,0,0,0,0,0,5,18,15,0,14,0,17,0,1,18,13,0,0,10,7,0,0,32,0,7,12,14,4,9,16,0,11,10,7,16,2,13,0,14,16,0,0,0,0,0,0,18,18,0,0,5,3,0,8,15,0,0,7,0,3,5,8,0,16,14,4,10,7,0,12,8,12,13,13,11,0,18,9,13,15,7,12,10,20,0,0,9,0,0,0,27,15,11,0,11,14,10,21,0,13,18,16,11,0,9,19,25,11,0,9,5,24,20,13,1,0,6
"cell111",38,15,23,44,25,29,23,11,22,8,19,11,0,0,19,1,0,0,0,0,0,0,1,13,28,0,0,0,0,0,28,1,21,22,26,36,0,0,7,24,15,0,15,25,15,9,19,33,0,0,20,15,15,17,0,25,24,26,17,0,16,0,0,0,16,11,28,44,28,0,8,9,31,0,0,5,27,13,29,23,21,0,0,0,4,0,0,6,7,4,21,18,20,0,17,0,24,22,0,18,27,24,16,9,0,28,21,10,0,0,0,0,0,38,43,37,23,13,33,7,0,0,49,29,8,13,0,11,0,33,0,0,0,0,0,0,38,15,20,0,7,14,13,32,9,36,27,7,21,0,0,3,30,8,49,24,19,0,16,9,13,27,22,27,37,12,37,23,0,0,18,28,24,3,0,18,13,0,2,0,0,14,35,9
"cell112",36,17,15,29,15,10,25,25,30,19,25,25,0,0,17,18,0,0,0,0,0,0,0,3,1,0,3,0,0,0,24,0,29,27,21,18,2,2,3,23,16,0,34,38,19,29,16,37,0,0,12,15,22,23,0,36,6,10,18,2,19,0,0,0,22,27,33,24,30,0,19,11,37,0,0,4,25,8,23,22,15,0,8,0,10,0,0,10,16,12,15,7,21,0,23,2,19,20,0,15,27,26,28,21,2,23,20,21,0,5,0,0,3,15,40,35,43,12,42,11,0,0,43,31,5,21,0,28,0,33,0,0,0,0,0,1,34,19,27,0,2,5,20,16,17,16,43,27,22,0,0,12,49,9,32,16,20,0,21,27,25,16,20,9,52,9,33,23,0,0,14,24,11,0,0,19,11,0,0,0,0,25,19,14
"cell113",32,35,21,84,20,22,40,45,45,26,38,27,0,0,16,11,3,0,2,0,6,6,10,22,22,0,0,0,0,1,34,0,32,18,30,33,5,4,1,33,16,1,25,22,23,0,34,39,0,0,33,40,13,20,0,45,21,22,30,8,21,0,4,2,19,10,76,37,41,1,24,23,24,0,0,2,43,26,40,21,18,0,1,0,0,0,0,16,11,7,20,29,27,0,35,0,17,29,0,14,18,28,21,24,3,44,34,11,0,3,0,1,4,30,50,21,0,18,18,8,0,13,39,44,27,0,30,6,33,15,0,0,0,0,0,0,25,18,32,17,14,24,0,20,15,36,35,18,18,0,17,1,46,19,31,39,29,0,0,30,32,15,28,40,41,17,26,28,4,0,22,18,29,29,1,18,15,0,0,0,3,3,39,14
"cell114",44,32,22,56,49,32,31,39,39,45,24,22,0,0,38,25,0,0,0,0,0,0,16,29,22,0,0,0,0,0,39,0,37,43,35,15,3,2,4,32,23,0,22,41,26,23,17,38,0,0,14,30,29,21,0,36,27,23,35,2,26,0,0,2,33,16,43,47,36,0,18,29,32,0,0,7,25,26,29,16,18,0,0,0,1,0,0,10,19,10,34,37,26,0,26,5,25,28,7,15,24,28,41,16,7,21,29,14,0,0,0,0,0,39,43,33,14,18,25,16,0,11,46,44,24,9,9,16,25,41,3,0,0,0,0,1,46,29,45,0,14,19,8,20,23,37,62,30,18,0,6,5,45,20,31,27,31,0,18,42,37,45,22,60,65,29,35,46,4,0,17,15,28,36,0,21,24,0,9,0,0,16,58,10
"cell115",21,13,7,12,13,19,10,23,20,5,13,12,5,9,2,0,4,6,5,7,13,8,13,6,7,0,1,0,0,0,1,15,1,0,0,0,0,0,0,0,0,0,0,0,6,1,12,9,1,0,13,0,5,0,12,9,6,10,8,0,8,0,0,8,0,0,0,0,0,2,0,0,3,14,5,0,9,0,9,1,0,13,11,0,0,8,8,0,0,18,0,9,10,4,2,9,4,0,15,10,4,12,9,6,0,10,6,0,0,0,0,0,0,7,13,0,0,5,0,0,9,13,1,0,5,0,9,5,17,1,13,6,19,8,3,0,15,6,13,17,15,3,0,7,8,8,14,10,4,6,13,0,0,9,0,0,0,10,9,13,0,9,13,13,12,0,7,9,15,18,0,15,6,11,14,0,6,2,7,6,5,2,0,0
"cell116",25,14,8,15,2,4,5,3,9,12,10,11,3,7,0,0,2,3,4,4,6,5,5,5,8,0,0,0,0,0,8,0,9,3,0,0,0,0,0,0,0,0,0,0,4,0,3,10,0,0,12,1,5,1,5,11,4,7,7,0,5,0,1,15,0,0,0,2,0,3,0,0,5,0,0,3,11,5,10,6,5,0,0,0,0,0,0,3,7,10,0,4,12,0,5,1,4,0,7,5,8,10,2,9,1,6,5,0,0,0,0,0,0,8,19,0,0,1,1,0,7,10,4,0,4,0,6,0,9,0,4,10,3,2,5,1,7,4,2,6,11,2,0,4,9,11,13,4,4,0,4,1,0,9,0,0,0,5,0,7,0,8,15,21,15,6,4,9,2,8,0,7,8,6,6,1,9,0,5,0,3,0,4,1
"cell117",89,70,60,83,61,57,79,87,51,57,86,47,0,0,73,52,0,0,0,0,0,0,0,0,0,81,30,47,48,60,0,7,36,43,78,70,1,0,4,53,38,0,90,60,29,78,58,105,42,0,68,50,22,33,0,57,74,45,51,0,38,0,0,5,55,45,117,99,81,0,46,89,80,98,56,18,75,76,91,22,10,57,41,0,30,77,0,24,38,77,65,2,6,63,62,0,56,47,1,65,44,93,55,47,2,63,61,30,0,0,0,0,0,57,101,118,75,44,67,31,0,0,77,88,0,73,0,77,0,72,0,0,0,0,0,0,90,31,130,0,0,0,49,62,38,73,70,64,48,45,0,60,98,0,62,69,82,0,54,49,28,63,92,112,76,9,56,41,0,0,35,106,61,0,0,52,30,22,11,92,0,51,81,12
"cell118",15,17,10,24,6,8,10,17,19,8,20,11,7,9,3,1,8,8,6,6,5,8,5,5,11,0,1,0,0,1,0,15,0,0,0,0,0,0,0,0,0,0,0,0,15,2,18,21,6,0,10,0,11,0,7,15,3,7,11,3,8,0,2,13,0,0,0,0,0,2,0,0,2,16,12,0,9,0,14,2,0,2,11,0,0,14,25,0,0,22,0,13,4,1,0,9,5,0,10,10,3,14,14,10,1,5,20,0,0,0,0,0,0,18,27,0,0,7,0,0,12,11,0,0,5,1,8,6,11,0,12,12,3,3,6,0,14,10,14,13,9,7,0,10,10,10,13,6,2,7,11,1,0,12,0,0,0,12,4,11,0,11,9,6,24,0,10,18,13,14,0,7,10,24,13,0,9,9,17,5,9,3,0,6
"cell119",32,35,6,36,16,30,21,18,39,12,29,21,1,17,3,3,18,24,20,18,28,9,21,20,38,0,0,0,0,0,33,0,33,19,19,25,7,3,2,9,7,5,10,4,13,0,21,36,0,0,17,22,8,22,14,18,24,10,12,3,26,0,0,2,24,17,25,28,24,0,9,15,33,0,0,7,14,16,45,13,28,0,18,0,0,0,0,18,28,2,27,17,25,0,30,0,29,18,0,18,11,18,14,33,3,13,23,1,9,11,15,10,22,28,51,0,0,12,0,1,17,14,1,0,22,0,21,2,20,7,24,13,17,15,14,0,21,21,24,37,14,20,0,15,11,50,29,3,0,0,20,0,32,33,9,21,8,3,0,39,2,24,30,26,39,20,22,26,33,30,28,19,33,15,0,22,13,0,2,0,16,0,39,9
"cell120",17,14,11,17,4,7,13,21,13,19,13,8,6,2,1,0,9,8,12,8,4,12,5,3,6,11,9,7,9,20,0,20,0,0,0,0,0,0,0,0,0,0,0,0,9,1,2,15,12,0,14,0,13,0,12,26,10,3,16,3,14,0,0,13,0,0,0,0,0,0,0,0,11,23,20,0,16,0,13,0,0,15,16,0,0,5,7,0,0,18,0,0,0,22,0,7,5,0,8,7,20,12,9,8,1,5,11,0,0,0,0,0,0,10,25,0,0,10,2,0,10,8,2,0,6,3,5,8,5,0,12,18,13,4,2,0,16,14,11,4,14,6,0,14,12,28,15,7,10,10,4,0,0,7,0,0,0,17,15,14,0,17,17,23,20,0,10,10,7,10,0,10,9,12,11,0,6,5,12,13,6,4,0,4
"cell121",15,18,12,15,11,9,12,20,11,6,18,15,4,6,0,2,11,9,8,4,6,7,9,5,12,0,0,0,0,0,12,1,7,8,7,2,3,1,1,1,0,2,1,0,3,0,9,25,0,0,8,5,0,6,13,10,6,16,12,0,9,0,2,13,6,7,10,16,7,0,7,5,8,0,0,6,10,8,6,11,4,0,0,0,0,0,0,7,4,3,0,10,15,0,9,1,12,0,12,12,15,11,8,4,0,8,11,0,0,0,0,0,0,16,14,0,0,4,0,0,5,14,3,0,5,0,4,0,16,0,8,9,0,4,7,0,18,21,19,8,8,12,0,7,13,11,14,8,7,0,8,0,0,20,0,0,0,13,0,5,0,16,11,10,15,8,10,15,19,19,3,12,6,13,10,4,8,0,0,0,7,2,15,2
"cell122",180,126,63,110,107,59,133,183,102,208,118,89,0,0,140,83,0,0,0,0,0,0,0,0,0,116,188,122,102,164,0,101,20,34,87,134,4,5,7,91,101,0,172,128,67,93,68,217,79,0,97,130,76,27,0,102,104,87,76,7,90,0,0,67,66,46,221,139,146,0,97,91,144,137,125,0,113,1,122,0,3,131,122,0,34,124,37,34,19,140,82,0,2,262,124,0,68,78,0,74,80,153,77,76,5,89,85,52,0,0,0,0,0,188,233,162,157,101,163,36,0,0,155,181,0,86,0,150,0,148,0,0,0,0,0,5,120,119,113,0,0,0,86,128,83,136,182,48,87,50,0,93,167,0,123,131,84,0,135,51,72,135,152,135,107,8,109,92,0,0,103,110,93,0,5,92,72,57,31,205,0,133,122,26
"cell123",138,53,60,66,45,78,100,144,110,83,101,70,0,0,94,29,0,0,0,0,0,0,0,0,0,59,117,83,83,87,0,117,7,4,27,15,3,0,6,61,27,0,65,71,73,97,46,92,51,0,32,74,41,11,0,80,76,70,55,0,54,0,0,48,7,40,79,112,52,0,24,38,73,110,77,0,52,0,63,1,0,96,55,0,31,105,65,0,0,123,36,47,0,159,88,37,46,93,23,81,50,114,60,71,7,94,51,43,0,11,0,0,0,100,133,120,51,58,110,56,0,0,131,118,0,60,0,95,0,111,0,0,0,0,0,9,123,69,99,0,0,0,91,49,43,135,102,34,43,37,0,56,140,0,72,91,84,0,87,67,75,54,79,136,78,0,61,58,0,0,64,51,65,0,58,48,66,40,92,66,0,77,10,34
"cell124",22,14,11,9,13,10,11,14,13,9,6,7,6,7,0,0,8,5,18,8,9,4,5,4,20,0,0,0,0,0,5,9,0,0,0,0,0,0,0,0,0,0,0,0,7,0,4,18,0,0,9,0,6,1,8,7,8,11,2,5,8,0,0,14,0,0,0,0,0,5,0,0,7,1,1,0,8,0,12,2,10,8,8,0,0,6,15,1,0,14,0,11,12,0,6,6,3,0,8,7,15,13,8,10,0,6,14,0,0,0,0,0,0,11,24,1,0,5,1,0,8,9,0,0,10,0,2,3,16,0,12,11,11,7,4,1,12,5,18,16,8,7,0,4,10,18,11,10,5,0,6,0,0,14,0,0,0,14,2,12,0,5,12,19,6,4,11,8,11,10,0,7,5,18,6,0,7,2,10,1,6,1,1,2
"cell125",14,17,6,24,14,16,15,24,5,13,19,3,13,5,0,0,9,13,12,12,14,16,17,14,27,0,0,0,0,1,25,1,15,5,1,6,5,5,2,0,0,1,0,0,10,0,6,16,0,0,16,2,3,5,14,7,14,12,10,4,10,0,0,21,5,0,16,9,13,0,12,7,15,0,0,4,20,7,12,10,16,1,4,0,0,2,0,11,18,7,0,11,12,0,20,0,13,3,19,10,12,23,22,8,2,11,15,0,3,6,0,0,0,22,27,0,0,4,0,0,10,11,0,0,8,0,21,5,15,0,8,12,10,5,5,0,11,5,10,18,12,19,0,17,11,14,24,8,5,0,5,0,0,24,0,0,0,15,0,13,0,7,17,21,34,14,17,11,16,13,0,11,18,29,3,2,14,0,4,0,5,0,18,3
"cell126",139,99,91,204,158,92,167,153,197,120,143,138,0,0,145,108,0,0,0,0,0,0,0,0,0,134,128,130,114,125,0,216,2,13,77,86,8,1,0,145,48,0,174,92,85,140,122,173,66,0,127,191,64,42,0,146,105,75,64,3,113,0,4,45,96,126,202,168,120,0,72,92,94,169,128,6,109,0,164,0,0,165,166,0,41,109,127,0,0,209,90,40,0,164,61,23,101,161,6,121,140,190,123,67,8,132,123,43,0,0,0,0,5,149,185,137,171,79,125,90,0,0,171,195,0,71,0,153,0,150,0,0,0,0,0,5,176,102,151,0,0,0,161,169,107,195,211,68,88,118,0,117,164,0,157,182,138,0,140,185,170,83,167,185,239,2,105,102,0,0,97,137,73,0,0,89,117,67,80,127,0,109,59,54
"cell127",16,7,6,29,12,13,5,9,18,16,17,7,1,0,7,6,0,0,0,0,0,0,0,0,0,13,13,17,8,11,0,13,2,0,0,0,0,0,0,0,0,0,0,0,6,13,6,15,7,0,3,0,5,0,0,13,8,10,6,1,9,0,1,4,0,0,0,0,0,0,0,0,9,17,7,0,14,0,21,0,0,7,10,0,4,14,14,0,0,20,0,0,0,16,6,6,14,0,16,20,8,5,7,13,1,12,10,0,0,0,0,0,0,11,23,19,12,5,11,6,0,0,18,22,0,5,0,13,0,10,4,0,0,0,0,0,10,16,15,0,0,0,2,11,2,7,20,3,3,1,0,10,14,0,1,0,0,1,14,5,0,5,7,18,24,0,15,12,0,2,0,12,20,0,9,0,2,4,10,14,0,4,0,3
"cell128",12,21,10,12,10,13,13,13,21,10,14,10,3,6,6,4,0,0,0,0,0,0,0,0,0,18,10,13,12,15,0,10,2,0,0,0,0,0,0,0,0,0,0,0,3,11,10,18,4,0,11,0,13,0,8,17,7,14,12,1,10,1,2,14,0,0,0,0,0,0,0,0,17,22,13,0,6,0,16,0,0,12,14,0,5,10,14,3,0,24,0,0,0,28,0,7,15,0,15,5,8,8,27,5,0,21,11,0,0,0,0,0,0,23,16,15,23,8,17,0,4,4,24,11,0,10,0,25,0,6,5,14,10,4,9,1,16,14,6,0,0,0,14,14,4,14,12,7,16,9,0,15,2,0,0,0,0,7,12,10,0,9,17,16,15,0,12,8,13,16,0,9,17,0,11,0,7,13,17,8,3,12,0,4
"cell129",15,17,24,31,18,27,23,16,27,18,36,17,0,0,28,17,0,0,0,0,0,0,0,0,2,5,8,12,11,19,11,3,28,16,45,28,4,0,0,14,11,0,23,9,15,13,15,28,8,0,17,26,8,9,0,26,13,23,19,1,11,0,0,0,14,10,45,46,15,0,16,19,24,17,9,6,12,12,17,10,15,3,15,0,4,7,0,7,16,5,14,8,23,0,17,0,19,13,0,18,6,30,19,16,2,23,23,11,0,2,0,0,0,16,44,28,29,17,33,16,0,0,40,40,0,9,0,32,0,21,0,0,0,0,0,5,22,8,30,0,0,0,19,18,11,33,37,9,2,2,0,29,16,0,30,26,19,0,20,25,24,9,28,21,29,16,12,26,0,0,8,14,22,0,0,10,10,0,3,19,0,26,37,16
"cell130",57,39,32,56,37,25,33,27,28,22,30,30,0,0,19,21,0,0,2,0,0,0,3,29,27,0,0,0,0,0,29,1,28,28,50,26,1,0,6,34,19,0,44,28,24,3,24,36,0,0,33,37,31,30,0,42,19,31,23,1,32,0,0,2,30,25,62,41,48,4,29,24,37,0,0,4,34,35,29,23,37,0,0,0,0,0,0,17,26,18,30,31,34,0,27,1,27,23,2,25,26,41,22,26,0,23,28,17,0,0,0,0,0,38,41,54,33,28,28,10,0,15,57,74,35,10,19,23,13,41,2,0,0,0,0,0,43,34,28,0,5,22,17,23,41,52,45,16,23,0,4,5,46,29,30,34,33,0,32,34,35,40,47,28,71,23,19,21,4,0,24,12,28,24,0,22,19,0,13,0,0,22,43,10
"cell131",31,12,8,11,15,8,8,14,17,7,10,12,6,4,0,0,12,7,14,3,7,4,17,7,10,0,0,0,0,0,17,0,6,0,0,0,0,0,1,0,0,0,0,0,17,0,8,13,0,0,5,0,8,2,10,6,7,8,7,2,3,0,2,15,0,0,2,2,0,2,0,0,5,0,0,2,7,16,15,14,8,0,4,0,0,0,0,6,7,12,0,2,7,0,9,8,5,0,11,10,6,15,9,8,0,8,6,0,0,0,0,0,0,11,16,0,0,5,0,0,8,7,1,0,9,0,6,5,15,0,7,4,5,6,3,0,16,7,14,12,1,4,0,8,8,10,12,7,4,0,6,0,0,13,0,0,0,8,0,13,0,7,10,25,6,9,4,6,18,10,0,8,13,8,6,0,6,0,13,0,7,2,5,5
"cell132",21,24,8,20,14,13,13,10,18,22,5,23,9,12,2,0,14,19,19,9,8,17,14,6,12,3,5,2,0,4,0,14,0,0,0,0,0,0,0,0,0,0,0,0,8,0,12,25,7,0,12,0,14,0,18,18,16,19,10,1,7,0,0,16,0,0,0,0,0,0,0,0,17,24,18,0,10,0,14,0,0,20,15,0,0,17,9,0,0,33,0,0,0,22,0,5,15,0,4,23,12,17,13,8,1,12,20,0,0,0,0,0,0,16,23,0,0,8,0,0,9,15,2,0,8,1,7,9,9,0,5,9,14,8,9,0,15,14,9,21,8,15,1,11,14,27,18,8,10,9,6,0,0,18,0,0,0,12,20,22,0,13,29,11,16,0,8,24,23,18,0,6,12,13,12,0,20,6,23,21,6,2,0,6
"cell133",8,8,3,8,6,7,4,2,11,16,11,13,5,2,1,0,6,13,6,3,2,9,7,4,6,0,0,0,0,0,8,1,1,0,0,0,0,0,0,0,0,0,0,0,5,1,4,12,0,0,7,0,5,0,6,8,8,8,6,0,10,0,1,12,0,0,0,0,0,6,0,0,9,0,0,0,11,0,5,7,9,1,5,0,0,0,4,2,1,11,0,8,9,0,12,7,1,0,10,5,3,14,11,8,1,15,10,0,0,0,0,0,0,14,22,0,0,3,0,0,4,9,0,0,10,1,9,5,5,0,7,3,3,7,11,1,16,6,13,9,3,7,0,15,6,15,11,7,6,0,9,1,0,6,0,0,0,2,0,8,0,4,4,12,14,5,13,10,7,9,0,5,12,10,4,3,0,0,16,0,7,0,2,3
"cell134",51,50,25,51,23,30,27,45,41,21,35,27,0,0,7,4,24,25,9,7,21,11,12,20,29,0,0,0,0,0,59,0,34,26,31,31,1,0,2,23,12,3,18,13,16,0,32,36,0,0,17,57,13,20,4,41,25,16,16,0,22,0,1,7,16,16,50,43,43,0,24,32,33,0,0,2,29,20,39,27,30,0,11,0,0,0,0,19,35,11,37,32,36,0,30,0,29,27,4,36,16,50,30,21,0,34,38,5,2,4,3,1,4,35,60,2,0,20,2,0,1,35,36,4,24,0,24,3,27,28,7,0,2,0,5,0,27,9,39,38,13,29,0,32,17,46,51,14,13,0,16,0,31,22,37,34,16,0,0,34,17,30,32,39,29,20,20,39,16,2,26,31,33,35,0,21,35,0,0,0,19,1,52,11
"cell135",14,9,6,6,7,2,7,6,9,5,6,12,6,4,0,0,4,6,2,7,4,1,3,6,5,0,0,0,0,0,9,0,2,0,0,0,0,0,0,0,0,0,0,0,1,2,2,6,0,0,7,0,0,1,4,8,9,2,7,2,4,0,0,4,0,0,0,0,0,0,0,0,11,0,0,2,6,1,3,4,5,0,0,0,0,0,0,2,6,10,0,1,5,0,6,1,3,0,4,6,6,3,4,2,0,4,5,0,0,0,0,0,0,5,11,0,0,1,0,0,5,5,0,0,5,0,3,2,3,0,3,6,1,6,4,0,5,0,9,8,8,1,0,4,3,6,10,1,1,0,1,0,0,3,0,0,0,6,0,7,0,5,5,11,9,3,5,3,3,6,0,0,1,8,1,0,2,0,5,0,3,1,1,3
"cell136",27,25,10,35,16,13,22,20,11,20,22,25,0,0,18,12,0,0,0,0,0,0,0,0,0,1,0,1,1,0,22,2,14,13,18,21,1,0,0,17,22,0,28,17,14,20,16,16,0,0,20,27,13,14,0,33,21,11,9,2,12,0,1,0,12,7,29,23,26,0,16,18,30,0,0,7,19,13,24,14,15,0,7,1,10,0,0,10,16,4,16,12,25,0,17,0,15,14,0,21,10,19,13,11,0,19,13,22,1,5,2,0,0,11,27,30,38,17,21,18,0,1,29,10,0,8,0,14,0,29,0,0,0,0,0,0,19,20,22,0,0,4,15,17,11,24,30,13,8,0,0,16,35,2,22,15,18,0,19,13,8,6,29,24,38,20,10,28,0,0,12,17,11,0,0,13,16,0,2,0,0,17,26,4
"cell137",19,11,12,30,6,17,8,26,20,7,12,14,1,0,12,6,0,0,0,0,0,0,0,0,0,15,13,12,14,18,0,21,0,0,0,0,0,0,0,0,0,0,1,0,11,4,18,16,7,0,8,0,6,0,0,13,3,5,15,3,7,0,0,17,0,0,0,0,0,0,0,0,18,18,20,1,19,0,17,0,1,22,12,0,6,10,11,0,0,31,0,0,0,16,1,10,13,0,6,12,9,20,10,15,1,14,19,0,0,0,0,0,0,9,13,22,15,7,7,4,0,0,21,16,0,6,0,21,0,17,1,0,0,0,0,0,16,18,15,0,0,0,5,12,6,17,17,13,10,7,0,12,18,0,6,13,5,0,16,9,0,10,24,15,19,0,9,9,0,0,1,6,9,0,11,0,9,8,20,15,0,17,0,5
"cell138",14,18,19,31,11,31,22,18,16,23,18,20,16,13,0,0,8,17,17,13,25,11,12,9,14,0,0,0,0,0,30,0,16,16,10,4,13,13,4,4,2,3,3,1,11,0,9,20,0,0,9,19,9,18,20,12,12,14,11,5,7,0,5,2,13,13,19,30,25,3,8,21,23,0,0,6,12,13,20,15,19,0,16,0,0,0,0,12,13,15,12,11,18,0,13,0,14,18,9,10,10,36,14,15,1,19,19,2,7,8,10,13,23,16,36,0,0,6,0,0,13,15,3,0,13,0,12,6,17,0,7,11,8,9,8,0,24,9,20,14,7,8,0,18,11,19,24,0,2,0,6,0,0,20,0,0,2,10,6,15,4,9,10,8,22,11,20,16,25,15,9,14,10,26,0,17,15,0,2,0,16,0,29,10
"cell139",28,20,15,23,23,21,25,28,30,19,23,18,0,0,39,9,0,0,2,0,0,0,0,5,11,0,2,0,0,0,12,0,25,8,11,21,3,0,4,23,17,0,17,22,11,21,14,36,0,4,23,32,20,39,0,28,23,27,15,2,18,0,1,3,20,25,35,19,33,0,5,30,33,0,0,2,26,6,26,25,22,0,9,0,10,0,0,4,12,11,19,6,16,0,16,0,27,25,0,19,32,31,32,11,2,22,30,14,1,2,1,2,1,27,30,43,23,20,17,12,0,2,20,35,9,19,1,27,0,12,0,0,0,0,0,3,28,17,17,0,1,9,19,32,21,32,30,14,17,0,0,11,30,5,35,10,18,0,15,19,20,6,28,15,48,17,17,15,0,0,20,9,26,0,0,22,13,0,0,0,0,18,24,17
"cell140",42,31,5,34,18,16,22,26,14,9,24,17,0,0,23,5,0,0,0,0,0,0,1,1,2,0,0,0,0,1,15,0,38,17,23,17,1,0,4,21,12,0,21,22,18,14,23,41,0,0,18,23,9,19,0,30,19,8,26,1,18,0,0,0,12,8,31,30,27,2,12,10,22,0,0,5,23,9,24,22,18,0,4,0,1,0,0,11,17,1,18,17,18,0,22,0,17,15,0,17,23,17,15,11,1,19,25,10,1,4,0,2,3,22,42,24,25,11,33,9,0,0,40,37,1,24,2,23,0,28,0,0,0,0,0,2,16,17,31,0,0,4,13,12,18,23,23,13,8,0,0,8,31,11,32,17,16,0,12,23,10,11,15,14,43,19,21,24,0,0,16,18,31,0,0,10,11,0,2,0,0,36,32,15
"cell141",9,14,5,8,12,2,5,15,8,6,16,7,7,4,1,0,5,5,10,4,5,3,6,6,9,0,0,0,0,0,7,0,4,2,0,0,0,0,0,0,0,0,0,0,3,0,12,5,0,0,5,0,2,2,10,6,10,11,4,2,1,0,1,5,0,0,0,0,0,1,0,0,7,0,0,0,14,3,8,3,6,0,3,0,0,0,2,6,4,13,0,5,9,0,3,8,2,0,4,3,9,4,11,6,0,9,6,0,0,0,0,0,0,8,16,0,0,5,0,0,2,8,1,0,6,0,3,1,10,0,6,6,10,4,2,0,5,5,7,11,9,3,0,13,2,10,12,9,7,0,8,0,0,8,0,0,0,4,0,12,0,2,7,3,8,9,9,8,13,4,0,12,6,13,7,0,7,1,3,0,5,0,2,1
"cell142",17,14,6,15,12,17,11,26,14,20,15,12,10,8,1,1,8,11,3,3,15,12,8,5,9,12,16,17,16,20,0,23,1,0,0,0,0,0,0,0,0,0,0,0,8,5,18,13,12,0,12,0,4,0,14,16,11,5,6,0,11,0,5,25,0,0,0,0,0,0,0,0,23,17,19,0,9,0,17,0,0,29,18,0,0,18,14,0,0,33,0,0,0,17,5,19,21,0,14,10,4,17,2,12,0,7,16,0,0,0,0,0,0,16,25,1,0,16,2,0,7,8,0,0,19,0,13,4,18,0,17,21,12,10,12,0,20,7,14,5,18,10,0,7,13,16,17,5,14,4,6,0,0,11,0,0,0,17,14,24,0,13,12,10,25,1,13,22,22,28,0,7,22,17,14,0,12,12,23,8,6,3,0,10
"cell143",44,32,18,62,37,53,49,37,46,35,40,51,0,0,46,24,0,0,1,0,0,0,4,0,0,18,18,23,16,24,18,3,48,23,41,24,0,4,7,35,30,0,47,27,21,34,47,62,8,0,33,40,21,29,0,32,27,29,35,0,40,0,1,3,36,23,53,39,47,3,19,33,43,20,31,8,25,30,38,8,34,9,25,0,13,16,0,21,20,15,18,16,22,9,32,0,31,33,1,31,34,28,44,28,3,32,43,15,0,0,0,0,0,75,98,80,54,33,61,28,0,0,65,54,0,20,0,42,0,41,0,0,0,0,0,0,64,38,61,0,0,0,27,26,15,40,57,38,22,6,0,39,65,2,36,33,17,1,58,20,26,35,24,70,54,25,35,38,0,0,13,27,53,0,0,25,29,10,0,19,0,39,57,9
"cell144",29,28,11,48,20,17,21,39,30,32,28,20,2,8,3,4,8,19,11,7,13,9,9,16,17,0,0,0,0,1,12,1,28,13,12,17,7,11,3,11,10,0,18,9,7,0,14,19,0,0,12,15,16,22,20,60,16,17,12,0,5,0,1,3,7,20,37,30,25,0,9,29,57,0,0,5,27,9,18,28,16,0,20,0,0,2,0,9,17,2,18,24,22,0,19,4,11,21,8,14,18,29,26,11,2,13,28,13,12,14,3,8,48,31,44,3,0,6,2,0,14,12,18,0,14,0,16,11,26,1,9,36,10,10,11,1,22,16,26,15,24,22,0,22,19,40,43,6,3,0,23,0,13,31,11,24,8,4,0,22,13,25,27,39,30,20,15,19,22,21,8,29,21,21,0,18,22,0,6,0,13,2,19,11
"cell145",35,35,23,46,27,35,25,28,34,19,53,17,0,0,32,26,0,0,0,0,0,0,0,0,0,11,9,22,19,16,18,2,47,16,55,25,0,1,0,25,7,0,19,29,13,14,21,61,17,0,17,31,19,34,0,34,23,27,22,0,21,0,1,0,15,18,40,45,29,0,11,22,26,42,21,6,27,26,42,13,20,8,20,0,17,21,0,19,19,19,38,10,28,0,36,0,30,11,0,18,38,41,31,27,0,34,28,14,0,0,0,0,0,34,58,31,46,26,28,21,0,0,43,34,0,25,0,30,0,34,0,0,0,0,0,0,35,20,31,0,0,2,15,29,18,55,37,9,27,19,0,38,33,0,30,35,21,0,37,19,28,16,43,46,56,7,11,30,0,0,11,20,16,0,0,17,18,20,9,34,0,40,49,15
"cell146",25,8,7,18,8,12,9,10,13,12,16,16,8,15,0,0,6,4,8,5,8,3,3,0,0,3,14,10,5,14,0,13,0,0,0,0,0,0,0,0,0,0,0,0,10,15,9,25,6,0,6,0,10,0,14,17,4,10,12,0,10,1,0,14,0,0,0,0,0,0,0,0,6,16,15,0,13,0,18,0,1,9,13,0,4,13,12,0,0,22,0,0,0,13,0,8,14,0,12,22,4,12,13,5,0,15,10,0,0,0,0,0,0,15,35,4,0,11,2,0,12,11,1,0,3,0,3,18,3,0,12,20,8,6,12,0,5,13,8,1,13,4,2,3,9,16,27,6,14,8,2,2,0,12,0,0,0,11,8,8,0,9,14,26,20,0,7,19,20,22,0,17,15,7,13,0,7,9,8,7,16,10,0,4
"cell147",10,13,10,15,8,18,16,13,17,6,13,4,8,9,0,0,6,4,9,3,10,6,8,4,11,0,0,0,0,0,2,9,0,0,0,0,0,0,0,0,0,0,0,0,6,0,4,13,0,0,3,0,6,0,10,6,5,9,7,0,7,0,0,8,0,0,0,0,0,3,0,0,1,0,2,0,6,0,8,5,11,2,8,0,0,0,8,0,0,19,0,10,10,0,0,8,2,0,4,8,17,9,6,6,1,15,9,0,0,0,0,0,0,17,12,0,0,2,0,0,6,11,0,0,7,2,0,4,16,1,6,14,12,7,2,0,7,8,11,7,9,13,0,11,12,16,11,4,7,0,4,0,0,12,0,0,0,10,1,7,0,6,7,16,16,0,6,8,10,16,0,6,8,8,8,0,11,1,11,0,5,0,0,5
"cell148",5,10,1,4,4,5,13,10,10,10,6,4,3,3,0,0,8,4,4,5,5,4,3,4,7,0,0,0,0,0,10,0,0,0,0,0,0,0,0,0,0,0,0,0,0,0,2,7,0,0,10,0,5,0,4,8,6,3,5,1,5,0,0,12,0,0,0,0,0,2,0,0,7,0,0,0,6,0,4,3,7,0,2,0,0,2,8,0,1,8,0,3,7,0,3,3,0,0,3,3,6,6,4,1,0,5,8,0,0,0,0,0,0,6,15,0,0,0,0,0,4,3,1,0,4,0,5,0,5,0,3,16,4,4,3,0,7,8,6,6,5,3,0,7,3,6,8,10,9,0,3,0,0,9,0,0,0,14,0,14,0,0,4,8,14,9,2,4,6,13,0,6,4,8,4,0,2,0,8,0,3,0,0,3
"cell149",101,83,44,99,74,77,96,53,90,36,80,45,0,0,78,71,0,0,0,0,0,0,0,0,0,57,75,55,28,93,0,31,59,49,99,87,3,4,13,66,42,0,67,78,40,54,58,89,17,0,67,83,30,42,0,92,83,59,49,1,54,9,4,4,48,26,126,99,92,0,58,52,52,102,47,10,61,23,70,2,4,53,102,0,24,85,0,15,74,54,71,43,1,88,27,0,69,63,2,51,61,73,55,63,10,45,49,38,6,24,2,0,6,63,90,111,89,58,60,36,0,0,125,92,0,48,0,75,0,67,0,0,0,0,0,0,70,59,68,0,0,0,65,56,55,95,104,63,69,45,0,53,114,0,110,67,83,0,93,81,47,76,94,94,97,8,30,51,0,0,27,75,50,0,0,59,33,28,0,65,0,78,89,26
"cell150",30,29,13,35,17,4,16,22,39,13,24,29,0,0,17,12,0,0,0,0,0,0,0,3,2,0,0,4,0,0,32,0,23,9,23,27,1,1,5,15,15,0,27,20,8,23,18,30,0,0,20,15,14,15,0,31,17,17,25,1,21,0,0,1,13,22,38,12,34,0,15,22,24,0,0,6,20,9,24,27,14,0,3,0,12,0,0,14,19,6,23,15,28,0,14,1,24,14,0,23,22,26,13,13,0,22,21,8,1,2,0,0,2,37,44,18,39,7,21,16,0,0,19,34,7,19,0,26,0,35,0,0,0,0,0,1,29,13,23,0,3,2,21,7,13,24,36,21,18,0,0,10,33,8,24,17,16,0,12,26,16,11,25,30,46,8,22,16,0,0,21,10,15,0,0,26,16,0,0,0,0,19,28,19
