"","Burn1_TF1","Burn1_TF2","Burn1_TF3","Burn1_TF4","Burn2_TF1","Burn2_TF2","Burn2_TF3","Burn2_TF4","Burn3_TF1","Burn4_TF1","Burn4_TF2","Burn5_TF1","Burn5_TF2","Burn5_TF3","Burn5_TF4","Burn6_TF1","Burn6_TF2","Burn6_TF3","A1_TF1","A1_TF2","A2_TF1","A2_TF2","A3_TF1","A4_TF1","A4_TF2","B1_TF1","B1_TF2","B2_TF1","B2_TF2","B3_TF1","B3_TF2","B3_TF3","B3_TF4","B4_TF1","B4_TF2","B5_TF1","B5_TF2","B6_TF1","B6_TF2","C1_TF1","C2_TF1","C2_TF2","C3_TF1","C4_TF1","C4_TF2","C5_TF1","C6_TF1","D1_TF1","D1_TF2","D2_TF1","D3_TF1","D3_TF2","D4_TF1","D5_TF1","D5_TF2","D6_TF1","E1_TF1","E2_TF1","E2_TF2","E3_TF1","E3_TF2","E3_TF3","E4_TF1","E4_TF2","E5_TF1","E6_TF1","F1_TF1","F1_TF2","F2_TF1","F2_TF2","F2_TF3","F2_TF4","F3_TF1","F3_TF2","F4_TF1","F4_TF2","F5_TF1","F5_TF2","F5_TF3","F6_TF1","Target1","Target2","Target3","Target4","Target5","Target6","Target7","Target8","Target9","Target10","Target11","Target12","Target13","Target14","Target15","Target16","Target17","Target18","Target19","Target20","Target21","Target22","Target23","Target24","Target25","Target26","Target27","Target28","Target29","Target30","Target31","Target32","Target33","Target34","Target35","Target36","Target37","Target38","Target39","Target40","Target41","Target42","Target43","Target44","Target45","Target46","Target47","Target48","Target49","Target50","Target51","Target52","Target53","Target54","Target55","Target56","Target57","Target58","Target59","Target60","Target61","Target62","Target63","Target64","Target65","Target66","Target67","Target68","Target69","Target70","Target71","Target72","Target73","Target74","Target75","Target76","Target77","Target78","Target79","Target80","Target81","Target82","Target83","Target84","Target85","Target86","Target87","Target88","Target89","Target90","Target91","Target92","Target93","Target94","Target95","Target96","Target97","Target98","Target99","Target100","Target101","Target102","Target103","Target104","Target105","Target106","Target107","Target108","Target109","Target110","Target111","Target112","Target113","Target114","Target115","Target116","Target117","Target118","Target119","Target120","Target121","Target122","Target123","Target124","Target125","Target126","Target127","Target128","Target129","Target130","Target131","Target132","Target133","Target134","Target135","Target136","Target137","Target138","Target139","Target140"
"cell1",17,15,11,17,21,14,11,14,22,11,11,13,16,18,14,26,6,9,8,18,2,3,6,0,0,0,0,0,0,6,24,15,8,0,0,16,20,0,0,0,0,0,10,0,0,0,0,0,0,0,0,0,0,0,0,0,0,0,0,0,0,0,0,0,0,0,0,0,0,0,0,0,27,8,0,0,19,9,14,0,26,12,0,0,0,22,0,15,28,0,0,0,10,0,5,9,0,6,6,0,0,23,0,0,0,0,0,13,0,0,17,0,0,0,12,23,14,0,0,17,15,0,9,0,26,0,32,24,0,14,0,8,8,0,0,15,0,0,0,0,20,0,0,14,19,27,0,11,0,14,18,6,11,15,0,0,0,0,13,9,0,22,0,15,0,0,34,8,13,14,0,9,0,0,0,0,0,0,0,0,5,2,0,29,0,19,12,17,0,18,10,0,28,1,6,0,0,0,0,9,13,0,0,0,0,0,0,1,16,13,0,9,0,0,25,17,7,17,12,0
"cell2",11,18,21,17,20,14,9,7,22,29,16,14,10,17,13,27,17,13,9,20,10,8,11,2,0,2,3,0,0,13,16,13,15,0,0,19,22,0,0,0,0,0,13,0,0,0,0,0,0,0,0,0,0,0,0,0,0,0,0,0,0,0,0,0,0,0,0,0,0,0,0,0,24,15,0,0,23,14,13,0,14,13,0,0,0,14,0,44,28,0,0,0,17,0,16,2,0,11,11,0,0,17,0,0,0,0,0,21,0,0,31,0,0,0,13,18,11,0,0,18,7,0,11,0,25,0,23,41,0,17,0,22,9,0,0,10,0,0,0,0,21,0,0,25,16,26,0,16,0,19,27,12,14,17,0,0,0,0,16,15,0,3,0,14,0,0,34,9,18,10,0,22,0,0,0,0,0,0,0,0,13,0,0,26,0,21,5,13,0,26,11,6,26,3,21,0,0,0,0,14,19,0,0,0,0,0,0,0,17,8,0,20,0,0,29,11,15,14,26,0
"cell3",36,41,22,35,37,23,37,22,60,26,21,35,15,35,20,39,23,39,16,34,21,43,0,58,56,25,27,17,19,0,0,0,0,38,48,0,0,37,24,48,14,35,0,45,37,0,0,22,28,41,14,18,3,22,24,3,0,0,0,0,0,0,0,0,0,0,0,0,0,0,0,0,37,28,0,0,23,12,35,0,0,32,38,0,15,1,35,47,35,21,0,0,41,0,56,0,0,0,32,0,21,38,33,0,48,28,32,25,28,2,2,0,0,52,20,36,0,32,32,31,24,0,25,31,5,0,4,45,25,36,1,24,0,35,20,0,23,46,44,31,2,44,48,0,2,0,38,0,0,26,54,24,35,36,40,13,29,15,41,0,45,0,11,33,35,25,0,22,0,2,0,27,38,32,24,26,9,0,34,25,0,40,0,53,0,37,34,22,0,34,21,7,52,8,17,0,0,0,0,0,0,0,0,0,15,42,36,0,27,0,0,23,8,16,15,0,0,6,0,0
"cell4",33,14,13,22,12,14,10,24,29,8,12,8,14,19,32,26,18,24,10,29,12,10,2,0,0,1,0,0,2,16,14,13,13,0,0,15,23,0,0,0,0,0,22,0,0,0,0,0,0,0,0,0,0,0,0,0,0,0,0,0,0,0,0,0,0,0,0,0,0,0,0,0,30,10,0,0,10,11,19,0,34,21,0,0,0,27,0,15,23,2,0,0,11,0,30,0,0,16,21,0,0,25,0,0,2,0,0,14,0,0,29,0,0,0,14,16,22,0,0,10,17,0,11,0,32,0,23,28,0,22,0,15,13,0,0,10,0,0,0,0,12,0,0,18,26,19,0,25,0,25,25,9,11,22,0,0,0,0,12,14,0,0,0,18,0,0,31,8,6,23,0,19,0,0,0,0,0,0,0,0,12,3,0,22,0,22,10,18,0,31,14,0,30,0,11,0,0,0,0,13,22,0,0,0,0,0,0,0,15,21,0,11,0,0,21,11,15,15,6,0
"cell5",26,13,22,28,14,31,14,20,20,13,13,18,21,18,21,26,7,25,24,14,15,23,3,0,2,0,0,0,1,19,22,12,26,0,0,23,20,0,0,0,0,0,16,0,0,0,0,0,0,0,0,0,0,0,0,0,0,0,0,0,0,0,0,0,0,0,0,0,0,0,0,0,16,15,0,0,19,10,16,0,27,21,0,0,0,32,0,25,23,7,0,0,20,0,26,1,0,16,20,0,2,24,0,0,0,0,0,21,0,0,30,0,0,0,26,19,25,0,0,9,25,0,27,0,28,0,36,25,0,19,0,16,13,0,0,11,0,0,0,0,32,0,0,15,20,26,0,14,0,16,16,12,23,26,0,0,0,0,18,19,0,0,0,14,0,0,41,10,32,10,0,26,0,0,0,0,0,0,0,0,6,1,0,30,0,12,11,19,0,34,16,0,25,6,12,0,0,0,0,25,28,0,0,0,0,0,0,0,20,28,0,12,0,0,51,6,14,25,6,0
"cell6",20,26,17,13,13,18,17,7,34,13,3,9,12,23,14,33,9,5,11,18,9,21,1,2,1,1,0,0,0,16,18,19,16,0,0,13,21,0,0,0,0,0,17,0,0,0,0,0,0,0,0,0,0,0,0,0,0,0,0,0,0,0,0,0,0,0,0,0,0,0,0,0,26,19,0,0,20,11,16,0,18,19,0,0,0,33,0,22,25,0,0,0,28,0,25,0,0,12,21,0,2,22,0,0,0,0,0,15,0,0,19,0,0,0,5,11,24,0,0,23,11,0,13,0,30,0,30,26,0,20,0,11,14,0,0,17,0,0,0,0,32,0,0,20,26,16,0,15,0,18,21,11,8,15,0,0,0,0,14,25,0,1,0,21,0,0,42,10,19,22,0,11,0,0,0,0,0,0,0,0,13,1,0,17,0,19,21,24,0,21,20,1,30,2,14,0,0,0,0,13,18,0,0,0,0,0,0,0,27,15,0,14,0,0,27,5,12,26,19,0
"cell7",22,16,17,14,22,30,12,19,10,22,8,25,20,23,18,27,6,19,6,22,12,33,1,0,3,0,0,0,2,10,20,11,14,0,0,21,26,0,0,0,0,0,13,0,0,0,0,0,0,0,0,0,0,0,0,0,0,0,0,0,0,0,0,0,0,0,0,0,0,0,0,0,17,13,0,0,20,8,21,0,33,27,0,0,0,28,0,26,10,4,0,0,13,0,15,0,0,20,12,0,2,19,0,0,0,0,0,15,0,0,21,0,0,0,16,17,18,0,0,15,25,0,15,0,21,0,26,25,0,13,0,12,7,0,0,20,0,0,0,0,42,0,0,13,18,30,0,7,0,19,10,13,16,12,0,0,0,0,39,16,0,0,0,23,0,0,23,13,24,8,0,23,0,0,0,0,0,0,0,0,4,2,0,20,0,16,12,16,0,29,16,1,27,3,8,0,0,0,0,19,21,0,0,0,0,0,0,0,16,17,0,9,0,0,35,11,14,20,13,0
"cell8",28,23,31,27,19,23,20,23,39,24,15,19,25,18,33,29,19,14,16,52,18,37,0,36,50,19,32,23,25,0,0,0,0,19,45,0,0,33,23,39,12,17,0,32,20,0,0,12,8,7,3,4,0,0,1,0,0,0,0,0,0,0,0,0,0,0,1,0,0,2,0,1,43,20,0,0,18,19,27,0,0,40,0,0,0,0,20,56,45,14,0,0,23,0,32,0,0,0,23,0,20,39,22,0,31,16,32,21,1,3,0,0,0,31,7,25,3,21,30,16,14,0,26,34,33,0,23,65,26,42,0,16,11,7,10,0,17,24,17,26,14,43,0,28,0,0,22,2,0,25,32,8,17,37,11,0,8,0,20,0,33,0,30,24,46,28,0,13,0,0,0,20,0,0,0,0,21,0,19,29,0,43,0,23,0,18,31,14,4,34,11,3,47,11,12,0,0,0,0,0,0,0,6,14,0,9,0,0,22,0,0,23,10,0,42,0,12,7,0,0
"cell9",27,23,13,18,19,21,19,20,30,27,10,15,12,23,19,26,29,19,12,29,17,31,0,31,20,9,22,14,16,0,0,0,0,30,38,0,0,34,13,42,7,11,0,8,8,0,4,0,0,0,0,0,0,0,0,0,0,0,0,0,0,0,0,0,0,0,0,0,0,0,0,0,18,12,0,0,32,19,9,0,0,25,0,0,0,1,19,19,21,8,0,0,19,0,15,0,0,6,36,0,24,36,36,0,18,19,23,13,0,0,0,0,0,27,14,23,17,4,14,25,22,0,23,26,47,0,20,24,26,11,0,14,14,0,0,17,0,0,0,2,33,22,0,26,0,0,27,3,0,27,25,12,36,16,0,0,0,0,15,0,26,0,10,20,33,30,0,27,0,0,0,27,0,0,0,0,8,0,17,32,2,35,0,20,0,20,20,21,0,29,15,0,34,3,14,0,0,0,0,0,0,0,0,0,0,0,0,0,18,0,0,15,16,0,34,0,17,2,0,0
"cell10",26,19,34,32,17,34,27,16,34,21,20,27,12,32,23,29,7,25,17,18,15,41,0,45,44,22,20,6,26,0,0,0,0,30,52,0,0,26,19,48,12,22,0,6,4,7,2,0,0,0,0,0,0,0,0,0,0,0,0,0,0,0,0,0,0,0,1,0,0,0,0,0,13,19,0,0,19,16,27,0,0,36,0,0,0,0,24,38,44,21,0,0,23,0,35,0,0,0,26,0,23,25,26,0,23,25,41,15,7,11,0,0,0,40,25,21,16,22,18,28,26,0,25,33,44,0,15,41,33,32,0,19,16,0,0,13,0,0,0,3,30,31,0,15,0,0,40,5,0,27,24,12,27,43,0,0,0,2,10,0,37,0,21,40,42,15,0,44,0,0,0,25,0,0,0,0,26,0,21,36,0,43,0,24,0,14,27,13,0,38,15,1,33,7,27,0,0,0,0,0,0,0,2,0,0,0,0,0,25,0,0,13,19,0,29,0,18,2,0,0
"cell11",23,23,17,21,9,16,14,8,25,22,7,15,12,16,10,18,8,21,5,12,3,3,15,4,0,1,0,0,0,17,23,18,10,0,0,20,22,0,0,0,0,0,12,0,0,0,0,0,0,0,0,0,0,0,0,0,0,0,0,0,0,0,0,0,0,0,0,0,0,0,0,0,18,11,0,0,11,18,14,0,27,15,0,0,0,24,0,40,24,0,0,0,24,0,18,5,0,6,5,0,0,23,0,0,0,0,0,18,0,0,20,0,0,0,19,18,15,0,0,21,11,0,16,0,23,0,25,22,0,13,0,14,14,0,0,12,0,0,0,0,29,0,0,7,23,13,0,10,0,9,18,9,18,12,0,0,0,0,13,10,0,8,0,22,0,0,27,12,18,15,0,22,0,0,0,0,0,0,0,0,5,0,0,23,0,20,9,12,0,20,14,2,30,2,10,0,0,0,0,11,16,0,0,0,0,0,0,0,13,15,0,20,0,0,19,5,10,9,10,0
"cell12",26,11,16,19,13,20,14,15,20,15,15,5,8,19,25,24,6,16,5,16,15,24,6,4,0,0,0,0,0,16,29,20,13,0,0,19,23,0,0,0,0,0,7,0,0,0,0,0,0,0,0,0,0,0,0,0,0,0,0,0,0,0,0,0,0,0,0,0,0,0,0,0,18,10,0,0,13,15,17,0,15,23,0,0,0,22,0,36,7,0,0,0,18,0,18,0,0,8,20,0,0,31,0,0,0,0,0,11,0,0,29,0,0,0,9,21,25,0,0,17,14,0,15,0,30,0,29,35,0,16,0,12,10,0,0,17,0,0,0,0,26,0,0,14,18,10,0,18,0,20,16,2,6,19,0,0,0,0,23,27,0,3,0,21,0,0,26,14,14,10,0,11,0,0,0,0,0,0,0,0,17,0,0,29,0,12,19,21,1,34,4,0,29,7,14,0,0,0,0,20,6,0,0,0,0,0,0,0,24,24,0,25,0,0,41,8,9,30,17,0
"cell13",31,21,11,14,17,29,19,17,16,13,28,23,14,21,30,29,12,18,12,17,19,29,1,5,2,0,0,0,0,18,21,20,21,0,0,33,35,0,0,0,0,0,14,0,0,0,0,0,0,0,0,0,0,0,0,0,0,0,0,0,0,0,0,0,0,0,0,0,0,0,0,0,25,16,0,0,9,17,26,0,18,18,0,0,0,31,0,31,22,0,0,0,27,0,30,0,0,13,20,3,0,23,0,0,0,0,0,26,0,0,23,0,0,0,7,24,18,0,0,18,16,0,19,0,44,0,26,29,0,13,0,13,21,0,0,19,0,0,0,0,32,0,0,18,32,26,0,14,0,20,28,11,16,21,0,0,0,0,27,32,0,2,0,21,0,0,43,12,33,19,0,16,0,0,0,0,0,0,0,0,9,0,0,23,0,24,12,20,1,33,17,1,37,5,21,0,0,0,0,21,21,0,0,0,0,0,0,0,20,22,0,18,0,0,40,20,14,19,22,0
"cell14",19,9,17,19,12,11,17,12,25,10,8,11,7,15,19,21,6,13,9,13,5,14,9,1,0,0,0,0,0,17,20,12,14,0,0,21,27,0,0,0,0,0,12,0,0,0,0,0,0,0,0,0,0,0,0,0,0,0,0,0,0,0,0,0,0,0,0,0,0,0,0,0,23,9,2,0,10,14,18,0,29,16,0,0,0,23,0,25,20,0,0,0,8,0,12,2,0,4,12,0,0,27,0,0,0,0,0,14,0,0,25,0,0,0,14,15,14,0,0,19,17,0,9,0,28,0,16,19,0,14,0,15,13,0,0,19,0,0,0,0,21,0,0,28,21,10,0,17,0,27,15,6,8,12,0,0,0,0,12,17,0,3,0,18,0,0,31,14,18,14,0,16,0,0,0,0,0,0,0,0,5,2,0,17,0,13,13,23,0,21,8,0,27,2,5,0,0,0,0,19,15,0,0,0,0,0,0,0,15,19,0,13,0,0,39,10,9,13,18,0
"cell15",32,28,37,32,17,24,21,25,47,27,12,43,25,41,26,39,21,49,35,38,20,57,0,54,32,17,50,23,14,0,0,0,0,40,57,0,0,44,38,70,10,26,0,49,44,0,0,19,30,52,7,7,10,12,4,10,0,0,0,0,0,0,0,0,0,0,0,0,0,0,0,0,30,25,0,0,43,21,32,0,0,23,20,0,16,1,35,52,43,17,0,0,17,0,36,0,0,0,27,0,50,47,44,0,24,34,33,14,43,0,0,0,0,54,15,27,0,24,29,31,40,0,16,43,6,0,4,12,46,48,39,16,0,36,23,6,39,37,32,37,4,46,43,0,0,0,34,0,0,26,39,25,29,41,41,2,19,3,44,0,44,0,23,40,52,31,0,31,3,0,0,40,31,37,24,28,11,0,31,49,0,47,0,20,0,33,32,38,1,39,15,0,59,4,27,0,0,0,0,0,0,0,0,0,0,24,6,0,15,0,0,33,30,39,4,0,10,3,0,0
"cell16",25,10,18,13,4,26,11,11,32,17,11,15,15,29,30,25,10,15,13,19,15,27,4,0,3,0,0,0,2,13,24,10,18,0,0,13,13,0,0,0,0,0,17,0,0,0,0,0,0,0,0,0,0,0,0,0,0,0,0,0,0,0,0,0,0,0,0,0,0,0,0,0,23,12,0,0,23,7,18,0,30,23,0,0,0,28,0,21,27,4,0,0,26,0,30,2,0,20,16,0,0,29,0,0,0,0,0,22,0,0,13,0,0,0,27,20,30,0,0,11,8,0,32,0,12,0,25,24,0,15,0,12,16,0,0,8,0,0,0,0,29,0,0,12,26,26,0,13,0,20,28,17,19,22,0,0,0,0,25,34,0,0,0,18,0,0,30,19,22,5,0,27,0,0,0,0,0,0,0,0,3,0,0,18,0,10,14,14,0,41,15,1,26,4,21,0,0,0,0,19,19,0,0,0,0,0,0,0,8,22,0,8,0,0,43,11,22,33,12,0
"cell17",34,30,19,36,26,38,39,20,48,25,32,32,16,56,17,57,19,40,31,40,47,23,0,63,38,30,27,35,19,0,0,0,4,48,49,0,0,60,32,75,10,14,0,62,46,0,0,15,14,39,13,7,2,12,35,2,0,0,0,0,0,0,0,0,0,0,0,0,0,0,0,0,55,33,0,0,26,25,37,0,0,37,32,0,17,0,25,47,35,26,0,0,20,0,33,0,0,0,49,0,21,29,19,0,40,27,29,35,33,0,4,0,0,32,22,29,15,37,27,21,27,0,31,38,0,0,0,58,70,33,0,27,0,48,38,0,15,26,27,48,0,37,26,0,0,0,31,2,0,24,41,12,36,23,29,3,38,9,52,0,34,0,20,40,45,36,0,27,0,0,0,45,59,28,16,19,12,0,19,39,0,54,0,30,0,18,41,21,0,54,12,8,33,3,18,0,0,0,0,0,0,0,0,0,22,50,49,0,34,0,0,29,14,10,9,0,0,5,0,0
"cell18",48,30,26,28,17,21,26,29,27,35,34,21,18,58,24,37,16,34,21,24,24,44,0,46,44,22,37,17,27,0,0,0,0,46,36,0,2,41,21,59,21,21,0,37,26,0,0,22,14,43,11,9,1,18,24,0,0,0,0,0,0,0,0,0,0,0,0,0,1,1,4,0,14,16,0,4,24,5,13,0,0,34,33,0,18,0,24,39,44,22,7,0,20,0,33,0,0,0,18,1,23,40,29,0,33,24,25,34,50,4,0,0,0,44,41,24,0,28,15,25,29,0,15,49,4,0,0,46,37,40,2,12,2,28,32,0,20,54,39,39,2,35,38,0,30,0,42,9,0,19,43,18,26,40,43,7,24,12,31,0,24,0,24,24,26,11,0,18,0,0,0,25,10,12,10,19,26,0,26,36,0,57,17,28,5,41,16,16,0,30,14,1,44,6,21,0,1,0,0,0,0,0,0,1,27,43,34,0,20,0,0,30,13,6,9,0,0,8,0,2
"cell19",17,21,21,21,20,18,12,12,27,20,5,15,8,13,10,21,9,16,3,18,4,5,18,4,0,0,3,1,2,18,22,15,13,0,0,13,22,0,0,0,0,0,11,0,0,0,0,0,0,0,0,0,0,0,0,0,0,0,0,0,0,0,0,0,0,0,0,0,0,0,0,0,31,9,0,0,12,15,19,0,22,21,0,0,0,21,0,26,19,0,0,0,27,0,16,2,0,9,12,0,0,22,0,0,0,0,0,12,0,0,20,0,0,0,18,19,22,0,0,18,15,0,11,0,35,0,27,39,0,23,0,10,10,0,0,16,0,0,0,0,27,0,0,17,22,16,0,21,0,22,12,9,22,12,0,0,0,0,12,4,0,6,0,27,0,0,23,11,8,9,0,22,0,0,0,0,0,0,0,0,5,0,0,16,0,26,15,9,0,18,11,0,24,2,8,0,0,0,0,3,9,0,0,0,0,0,0,0,10,22,0,17,0,0,25,7,19,11,15,0
"cell20",27,33,27,42,17,23,15,17,29,13,14,17,14,32,11,38,14,19,25,20,22,50,0,38,28,21,21,9,17,0,0,0,0,33,43,0,0,31,18,57,20,23,0,23,12,4,0,10,8,12,10,12,1,4,22,3,0,0,4,0,0,0,0,0,5,0,2,1,3,5,14,6,5,5,2,0,17,8,19,0,0,23,22,0,7,3,21,46,46,11,0,0,25,0,35,0,0,0,27,0,15,42,24,0,40,24,33,14,34,17,0,0,0,32,16,34,0,31,26,28,14,2,13,37,16,0,1,52,29,33,0,17,10,5,10,1,2,25,20,22,13,40,21,2,17,0,20,7,1,29,42,23,25,20,31,7,38,2,21,0,30,0,9,40,69,31,0,28,0,0,0,33,0,6,1,10,20,0,26,33,0,28,43,20,0,17,25,19,0,44,7,3,33,10,13,0,3,0,0,0,0,2,8,6,9,23,22,0,40,0,0,20,26,0,32,0,22,5,0,9
"cell21",24,24,27,26,20,20,16,8,29,10,15,20,16,21,27,30,10,14,25,28,12,28,0,33,16,7,13,4,8,13,11,10,18,0,0,46,19,0,0,0,0,0,19,0,0,0,0,0,0,0,0,0,0,0,0,0,0,0,0,0,0,0,0,0,0,0,0,0,0,0,0,0,23,13,0,0,14,14,20,0,30,26,0,0,0,9,1,35,32,9,0,0,17,0,14,0,0,24,37,0,16,40,0,0,0,0,0,18,0,0,26,0,0,16,20,14,17,0,0,30,19,0,25,1,31,0,39,39,0,21,0,4,10,0,0,19,0,0,0,0,29,0,0,19,23,15,12,3,0,19,17,15,17,19,0,0,0,0,22,24,0,0,0,20,0,0,24,8,10,20,0,20,0,0,0,0,5,0,0,0,11,0,0,19,0,24,23,18,0,25,15,5,50,1,8,0,0,0,0,22,18,0,0,0,0,0,0,0,24,2,0,17,0,0,34,7,20,20,13,0
"cell22",24,28,29,23,17,25,16,13,20,19,22,14,18,30,21,37,14,28,22,18,27,36,0,45,32,25,27,7,31,0,0,0,0,38,51,0,0,39,37,53,13,24,0,2,7,5,0,0,0,0,0,0,0,0,0,0,0,0,0,0,0,0,0,0,0,0,0,0,0,0,0,0,15,11,0,0,15,16,29,0,0,40,0,0,0,0,10,25,44,10,0,0,22,0,42,0,0,0,24,0,19,21,26,0,25,19,27,27,2,0,0,0,0,15,30,30,18,18,11,23,24,0,16,28,36,0,17,42,38,23,0,8,8,0,0,27,0,0,0,0,36,25,0,15,0,0,33,0,0,24,28,8,30,18,0,0,0,1,25,0,48,0,28,34,55,19,0,18,0,0,0,26,0,0,0,0,15,0,28,31,0,23,0,44,0,20,36,23,0,41,14,1,25,1,13,0,0,0,0,0,0,0,0,0,0,0,0,0,27,0,0,27,15,0,39,0,14,4,0,0
"cell23",22,14,14,14,16,16,20,13,17,10,14,17,13,11,8,16,3,3,2,2,0,0,7,1,1,0,0,0,0,10,26,12,16,0,0,13,18,0,0,0,0,0,18,0,0,0,0,0,0,0,0,0,0,0,0,0,0,0,0,0,0,0,0,0,0,0,0,0,0,0,0,0,25,19,0,0,14,3,17,0,27,10,0,0,0,23,0,17,22,0,0,0,16,0,0,17,0,10,0,0,1,8,0,0,0,0,0,10,0,0,19,0,0,0,9,14,13,0,0,15,13,0,10,0,29,1,10,18,0,18,0,10,3,0,0,14,0,0,0,0,21,0,0,5,10,28,0,15,0,12,12,7,15,16,0,0,0,0,14,12,0,24,0,21,0,0,24,7,12,8,0,10,0,0,0,0,0,0,0,0,4,0,0,21,0,12,19,19,0,24,10,1,19,2,9,0,0,0,0,19,33,0,0,0,0,0,0,0,11,11,0,14,0,0,18,8,8,19,11,0
"cell24",20,18,17,19,18,26,21,19,24,25,11,17,13,19,18,34,4,19,24,19,20,23,0,3,0,0,0,0,0,18,26,17,15,0,0,22,20,0,0,0,0,0,20,0,0,0,0,0,0,0,0,0,0,0,0,0,0,0,0,0,0,0,0,0,0,0,0,0,0,0,0,0,32,23,0,0,11,10,14,0,25,12,0,0,0,30,0,25,15,0,0,0,20,0,20,0,0,10,24,1,0,41,0,0,0,0,0,15,0,0,21,0,0,0,6,19,22,0,0,20,23,0,20,0,52,0,25,24,0,14,0,7,21,0,0,21,0,0,0,0,29,0,0,26,22,20,0,20,0,17,16,8,23,28,0,0,0,0,19,22,0,1,0,24,0,0,39,10,19,9,0,20,0,0,0,0,0,0,0,0,10,0,0,27,0,20,13,18,1,50,13,0,43,1,15,0,0,0,0,17,27,0,0,0,0,0,0,0,24,22,0,25,0,0,28,21,10,19,21,0
"cell25",12,22,7,23,14,14,10,15,22,21,16,12,11,14,23,26,10,20,19,21,10,18,6,1,4,0,0,0,0,16,19,20,19,0,0,11,20,0,0,0,0,0,3,0,0,0,0,0,0,0,0,0,0,0,0,0,0,0,0,0,0,0,0,0,0,0,0,0,0,0,0,0,23,11,0,0,12,9,8,0,29,17,0,0,0,29,0,25,21,2,0,0,11,0,19,2,0,13,29,0,0,16,0,0,0,0,0,19,0,0,23,0,0,0,21,25,16,0,0,18,11,0,19,0,27,0,21,27,0,14,0,13,20,0,0,17,0,0,0,0,30,0,0,21,17,21,0,19,0,19,30,15,28,24,0,0,0,0,20,16,0,0,0,12,0,0,38,16,13,10,0,22,0,0,0,0,0,0,0,0,10,1,0,23,0,19,24,13,0,29,16,0,16,4,12,0,0,0,0,14,21,0,0,0,0,0,0,0,26,26,0,18,0,0,35,13,10,15,12,0
"cell26",23,16,17,21,23,24,16,20,14,17,15,16,15,34,15,34,4,17,11,16,16,25,6,0,4,0,0,0,1,9,24,12,18,0,0,19,30,0,0,0,0,0,15,0,0,0,0,0,0,0,0,0,0,0,0,0,0,0,0,0,0,0,0,0,0,0,0,0,0,0,0,0,26,15,0,0,23,5,7,0,25,22,0,0,0,27,0,37,25,3,0,0,15,0,33,0,0,10,21,0,4,24,0,0,0,0,0,9,0,0,28,0,0,0,29,26,26,0,0,13,16,0,24,0,20,0,27,21,0,22,0,13,10,0,0,14,0,0,0,0,29,0,0,10,29,34,0,15,0,17,26,17,20,22,0,0,0,0,28,12,0,0,0,17,0,0,29,10,26,4,0,15,0,0,0,0,0,0,0,0,3,0,0,34,0,17,9,16,0,36,5,3,23,3,11,0,0,0,0,15,17,0,0,0,0,0,0,0,18,21,0,13,0,0,45,14,18,12,9,0
"cell27",26,28,16,29,19,31,23,11,43,9,23,19,13,39,10,34,8,32,12,26,20,42,0,25,26,18,18,6,13,0,0,0,0,27,35,2,1,1,0,0,0,0,9,0,0,0,0,0,0,0,0,0,0,0,0,0,0,0,0,0,0,0,0,0,0,0,0,0,0,0,0,0,31,12,0,0,18,15,18,0,7,41,0,0,0,0,19,34,34,19,0,0,24,0,20,0,0,9,18,0,24,32,10,0,36,8,28,18,0,0,27,0,0,31,26,26,11,0,0,13,12,0,21,27,21,0,28,41,0,22,0,12,13,0,0,36,0,0,0,0,26,0,0,22,0,2,19,1,0,28,18,18,26,12,0,0,0,0,38,0,24,0,10,13,0,0,28,23,0,0,0,19,0,0,0,0,15,0,20,28,28,2,0,25,0,20,18,20,0,35,11,2,39,5,13,0,0,0,0,15,17,0,0,0,0,0,0,0,23,0,0,24,0,0,19,0,16,1,18,0
"cell28",28,29,26,37,12,22,22,24,44,22,21,17,25,28,32,30,17,32,14,25,28,43,0,55,30,32,31,12,24,0,0,0,0,26,42,0,0,41,22,39,12,14,0,15,17,0,0,11,8,13,12,7,0,10,3,0,7,1,8,6,4,0,0,1,1,0,0,0,0,0,0,0,42,22,0,0,23,13,21,0,0,43,17,0,6,0,33,32,39,29,3,0,23,0,38,0,0,0,20,0,21,30,25,2,33,22,42,16,31,14,1,0,0,31,27,34,5,22,20,12,24,0,36,34,30,0,20,32,47,34,0,12,8,9,11,1,13,22,26,37,17,34,0,6,0,0,33,2,0,33,40,12,33,24,18,1,14,2,24,0,26,0,11,27,47,12,0,13,0,0,0,23,0,0,6,3,20,0,29,39,0,43,0,31,0,26,18,31,0,41,15,2,44,3,17,0,19,0,5,0,0,0,0,2,2,38,0,0,19,0,0,25,20,0,33,0,20,5,0,0
"cell29",17,21,25,35,10,29,23,23,40,11,21,31,8,30,24,34,17,21,17,46,24,47,0,36,27,23,42,26,22,0,0,0,0,25,37,0,0,24,25,46,10,17,0,21,24,0,0,10,11,8,5,3,0,0,0,0,0,0,0,0,0,0,0,0,0,0,3,0,0,1,0,1,35,23,0,0,17,15,23,0,0,44,0,0,0,1,17,47,39,25,0,0,20,0,31,0,0,0,20,0,27,26,21,0,34,12,18,12,6,8,0,0,0,42,9,23,8,13,36,22,15,0,29,37,29,0,16,69,34,28,0,19,13,3,9,1,6,29,13,27,22,33,0,34,0,0,35,0,0,14,28,10,12,36,8,0,10,0,20,0,38,0,32,22,38,24,4,20,0,0,0,24,0,2,0,0,14,0,18,27,0,42,0,26,0,13,32,21,2,34,12,1,67,6,20,0,0,0,0,0,0,0,6,9,0,11,0,0,21,0,0,24,10,0,28,0,18,6,0,0
"cell30",12,10,17,9,6,6,20,10,21,3,4,9,3,16,11,16,1,13,8,9,0,1,11,2,2,0,0,0,0,12,22,14,12,0,0,10,15,0,0,0,0,0,8,0,0,0,0,0,0,0,0,0,0,0,0,0,0,0,0,0,0,0,0,0,0,0,0,0,0,0,0,0,28,6,0,0,14,6,12,0,10,22,0,0,0,11,0,12,14,0,0,0,15,0,2,11,0,11,1,0,0,15,0,0,0,0,0,16,0,0,9,0,0,0,15,8,9,0,0,17,6,0,25,0,27,0,13,16,0,22,0,4,6,0,0,15,0,0,0,0,13,0,0,7,8,14,0,17,0,5,12,8,17,11,0,0,0,0,14,9,1,7,1,12,0,0,28,10,15,2,0,8,0,0,0,0,0,0,0,0,13,4,0,16,0,10,16,15,0,21,12,0,26,1,10,0,0,0,0,8,15,0,0,0,0,0,0,0,20,7,0,13,0,0,20,5,6,11,18,0
"cell31",27,16,13,26,13,24,17,18,25,14,17,12,27,27,15,26,13,30,29,25,2,27,0,19,22,14,19,9,18,0,0,0,0,9,22,6,9,0,0,0,0,0,12,0,0,0,0,0,0,0,0,0,0,0,0,0,0,0,0,0,0,0,0,0,0,0,0,0,0,0,0,0,25,18,0,0,19,16,8,0,9,25,0,0,0,2,15,36,33,19,0,0,14,0,21,0,0,10,16,0,11,33,0,5,6,9,10,15,0,0,34,0,0,36,20,23,6,0,0,12,20,0,10,25,30,0,23,24,0,15,0,27,17,0,0,12,0,0,0,0,29,0,0,23,0,3,30,6,0,24,35,12,24,21,0,0,0,0,31,0,29,0,10,39,0,0,28,26,0,0,0,20,0,0,0,0,15,0,25,27,18,6,0,20,0,21,12,24,0,38,18,1,42,4,27,0,0,0,0,28,16,0,0,0,0,0,0,0,22,0,0,19,0,0,35,0,18,1,20,0
"cell32",24,10,15,16,19,23,20,7,32,16,23,9,11,19,17,38,11,17,14,30,2,24,5,0,0,0,1,0,1,15,15,11,22,0,0,12,27,0,0,0,0,0,13,0,0,0,0,0,0,0,0,0,0,0,0,0,0,0,0,0,0,0,0,0,0,0,0,0,0,0,0,0,20,16,0,0,15,8,13,0,23,21,0,0,0,14,0,28,19,0,0,0,14,0,12,1,0,18,10,0,0,17,0,0,0,0,0,17,0,0,28,0,0,0,15,22,8,0,0,15,12,0,5,0,30,0,27,29,0,23,0,29,15,0,0,17,0,0,0,0,29,0,0,15,19,26,0,21,0,16,32,7,10,15,0,0,0,0,22,20,0,2,0,15,0,0,41,13,16,15,0,33,0,0,0,0,0,0,0,0,17,1,0,18,0,21,10,8,0,27,15,2,35,0,12,0,0,0,0,15,20,0,0,0,0,0,0,0,29,17,0,5,0,0,22,11,22,15,17,0
"cell33",9,4,19,13,12,26,15,3,19,8,11,9,5,16,16,14,2,9,6,10,0,0,5,0,2,0,0,0,0,9,24,15,12,0,0,21,12,0,0,0,0,0,10,0,0,0,0,0,0,0,0,0,0,0,0,0,0,0,0,0,0,0,0,0,0,0,0,0,0,0,0,0,24,6,0,0,20,6,19,0,13,18,0,0,0,17,0,14,19,0,0,0,22,0,1,9,0,11,1,0,0,20,0,0,0,0,2,24,0,0,9,0,0,0,9,3,10,0,0,11,6,0,13,0,19,0,14,18,0,18,0,12,12,0,0,26,0,0,0,0,20,0,0,5,12,11,0,10,0,11,17,11,9,11,0,0,0,0,4,15,0,8,1,20,0,0,19,6,13,9,1,10,0,0,0,0,0,0,0,0,8,1,0,19,0,11,20,14,0,16,15,0,30,1,8,0,0,0,0,10,15,0,0,0,0,0,0,0,20,13,0,12,0,0,29,4,8,12,9,0
"cell34",23,23,12,13,20,11,25,15,14,14,7,9,9,20,11,21,3,11,0,11,0,0,19,3,0,4,1,0,0,14,22,13,8,0,0,17,25,0,0,0,0,0,8,0,0,0,0,0,0,0,0,0,0,0,0,0,0,0,0,0,0,0,0,0,0,0,0,0,0,0,0,0,9,14,0,0,12,5,13,0,13,16,0,0,0,27,0,22,18,0,0,0,23,0,6,14,0,5,3,0,0,14,1,0,0,0,0,10,0,0,16,0,0,0,10,12,23,0,0,12,8,0,11,0,25,0,27,20,0,12,0,5,11,0,0,18,0,0,0,0,22,0,0,22,22,12,0,7,0,13,18,12,15,15,0,0,0,0,23,22,0,9,0,20,0,0,19,23,5,16,0,18,0,0,0,0,0,0,0,0,8,0,0,23,0,32,12,10,1,26,12,5,23,0,7,0,0,0,0,13,13,0,0,0,0,0,0,0,12,13,0,14,0,0,31,8,14,25,18,0
"cell35",25,11,10,34,15,22,20,17,22,15,22,13,23,32,24,25,7,24,11,19,18,28,0,0,3,0,0,0,0,11,32,10,25,0,0,21,34,0,0,0,0,0,11,0,0,0,0,0,0,0,0,0,0,0,0,0,0,0,0,0,0,0,0,0,0,0,0,0,0,0,0,0,36,22,0,0,20,7,10,0,22,32,0,0,0,29,0,34,18,5,0,0,21,0,26,0,0,15,21,0,1,25,0,0,0,0,0,18,0,0,24,0,0,0,20,28,25,0,0,12,15,0,29,0,17,0,21,17,0,19,0,17,10,0,0,15,0,0,0,0,35,0,0,18,17,27,0,6,0,15,21,15,20,19,0,0,0,0,16,23,0,0,0,24,0,0,34,6,25,8,0,17,0,0,0,0,0,0,0,0,4,1,0,33,0,17,11,17,0,34,19,3,27,2,17,0,0,0,0,20,22,0,0,0,0,0,0,0,13,22,0,16,0,0,36,14,12,15,11,0
"cell36",24,17,32,31,27,20,31,9,43,14,11,16,19,31,19,37,9,13,11,43,13,37,0,20,39,16,28,11,18,0,0,0,1,32,40,0,0,22,21,47,4,24,2,5,11,0,4,0,2,0,0,0,0,0,0,0,0,0,0,0,0,0,0,0,0,0,0,0,0,0,0,0,33,21,0,0,23,21,21,4,1,15,0,0,0,0,21,30,29,14,0,0,37,0,27,0,0,2,23,0,18,24,15,0,27,29,32,8,0,1,0,0,0,34,24,28,5,13,15,31,26,0,23,14,39,1,15,32,42,17,0,4,22,0,0,17,0,0,2,0,36,22,0,18,0,0,25,1,0,32,18,8,23,27,0,0,0,0,27,0,25,0,18,31,33,17,3,14,0,0,0,13,0,0,0,0,7,0,18,34,2,24,0,20,2,24,14,18,0,23,9,2,43,4,14,0,0,0,0,0,0,0,0,1,0,0,0,0,13,0,0,10,12,0,32,0,21,0,0,0
"cell37",18,11,11,7,8,18,12,9,17,5,24,13,7,12,12,11,11,5,0,0,0,0,15,0,1,0,0,0,0,8,26,13,9,0,0,9,23,0,0,0,0,0,11,0,0,0,0,0,0,0,0,0,0,0,0,0,0,0,0,0,0,0,0,0,0,0,0,0,0,0,0,0,12,15,0,0,15,6,13,0,25,8,0,0,0,23,0,24,16,0,0,0,11,0,0,7,0,8,0,1,0,8,0,0,0,0,0,12,0,0,17,0,0,0,9,19,11,0,0,11,10,0,12,0,21,0,17,29,0,8,0,10,8,0,0,15,0,0,0,0,11,0,0,8,20,15,0,14,0,9,13,1,11,12,0,0,0,0,12,11,0,16,0,10,0,0,19,9,8,7,0,10,0,0,0,0,0,0,0,0,7,0,0,15,0,18,14,17,0,6,7,2,19,1,5,0,0,0,0,10,24,0,0,0,0,0,0,1,9,16,0,12,0,0,15,2,16,17,11,0
"cell38",55,27,28,31,29,30,17,29,36,29,19,27,19,41,48,21,19,27,27,17,22,33,0,48,40,37,33,20,27,0,0,0,0,23,32,0,0,26,12,48,21,26,0,11,10,0,3,5,6,8,13,3,0,2,0,0,0,0,0,0,0,3,0,0,0,0,6,6,5,8,6,5,13,5,0,0,19,15,20,0,0,18,2,0,3,2,38,50,44,17,0,0,29,0,39,0,0,0,21,0,18,51,27,2,35,12,24,20,32,20,5,0,0,39,18,22,0,23,42,24,17,0,25,46,46,0,17,39,30,35,0,5,11,0,7,1,1,12,18,27,38,56,0,6,17,0,20,3,0,13,44,20,14,26,18,0,12,2,41,0,27,0,24,20,34,30,0,38,1,0,0,27,0,0,3,1,28,0,20,28,0,42,19,36,3,32,28,34,0,65,8,2,37,6,33,0,0,0,0,0,0,2,5,13,0,0,0,0,37,0,0,11,27,0,36,0,36,3,0,0
"cell39",27,34,27,16,27,29,21,19,26,20,26,15,20,21,16,41,29,23,8,27,18,29,0,41,29,15,25,22,13,0,0,0,0,21,37,0,0,25,11,19,11,17,0,7,7,4,9,0,0,0,0,0,0,0,0,0,0,0,0,0,0,0,0,0,0,0,4,1,0,0,0,0,34,22,0,0,23,30,34,0,0,29,0,0,0,2,30,32,22,10,0,0,16,0,16,0,0,2,27,3,15,30,12,0,23,23,24,24,0,0,0,0,0,18,16,12,17,14,15,22,14,0,11,31,35,0,14,44,25,30,0,13,11,0,0,12,0,0,3,6,33,35,0,21,0,0,36,2,0,20,25,17,40,22,0,0,0,0,9,0,17,0,8,37,26,23,0,17,0,0,0,32,0,0,0,0,10,0,24,33,0,37,0,27,0,16,15,26,0,27,18,0,46,2,24,0,0,0,0,0,0,0,1,6,0,0,0,0,19,0,0,20,7,0,32,0,22,0,0,0
"cell40",28,38,22,23,29,21,16,16,39,17,17,12,24,42,18,35,11,38,15,26,13,34,0,31,38,17,19,5,14,0,0,0,0,18,21,0,0,41,16,25,3,15,0,32,23,0,0,14,26,28,12,11,3,11,23,4,0,0,0,0,0,0,0,0,0,0,0,0,0,0,0,0,30,13,0,2,17,10,36,0,0,17,31,0,16,1,25,43,29,18,0,0,15,0,32,0,0,0,36,0,19,39,18,0,29,26,22,25,30,0,0,0,0,33,18,36,0,21,15,32,22,0,25,38,9,0,4,53,45,29,2,14,5,34,27,0,10,30,31,22,3,34,31,1,0,0,25,0,0,25,51,15,43,17,34,6,41,11,20,0,35,0,12,26,26,22,2,25,0,0,0,34,11,21,15,16,15,0,40,32,0,25,3,39,0,32,37,28,0,49,23,7,39,2,10,0,0,0,0,0,0,0,0,0,8,38,31,0,16,0,0,9,13,2,26,0,10,7,0,0
"cell41",43,33,33,48,41,30,22,21,52,29,12,17,16,34,31,42,16,26,18,39,26,26,0,51,51,26,36,26,23,0,0,0,0,27,45,0,0,38,23,42,9,29,0,61,35,0,0,30,17,57,5,4,13,6,7,24,0,0,0,0,0,0,0,0,0,0,0,0,0,0,0,0,38,27,0,0,32,25,40,0,0,41,32,1,17,0,42,66,56,35,0,0,49,0,22,0,0,0,47,0,25,48,36,0,29,32,35,37,19,0,0,0,0,48,33,38,2,33,36,34,12,0,26,52,2,1,1,18,45,45,39,16,0,31,24,0,11,51,39,36,6,42,29,2,0,0,46,9,0,39,36,22,22,27,28,0,29,0,39,0,43,0,22,32,49,36,0,25,0,0,0,30,23,31,19,26,19,0,25,35,0,43,0,47,0,22,18,15,0,33,16,2,58,1,19,0,0,0,0,0,0,0,0,0,8,51,13,2,11,0,0,16,27,34,18,0,14,7,0,0
"cell42",19,20,18,33,9,35,11,9,18,21,15,16,16,26,9,17,15,16,10,27,20,44,0,38,24,13,18,18,22,0,0,0,2,6,22,12,4,0,0,0,0,0,9,0,0,0,0,0,0,0,0,0,0,0,0,0,0,0,0,0,0,0,0,0,0,0,0,0,0,0,0,0,28,29,0,0,21,19,24,0,13,13,0,0,0,0,23,27,29,12,0,0,27,0,15,0,0,11,20,0,16,28,0,0,3,13,26,20,0,0,28,0,0,26,20,7,14,0,0,38,5,0,13,31,40,0,33,28,0,16,0,6,11,0,0,19,0,0,0,0,32,0,0,16,2,13,19,1,0,24,21,11,16,11,0,0,0,0,22,1,16,0,7,31,0,0,38,24,0,0,0,26,0,0,0,0,14,0,25,28,29,1,0,28,0,13,18,15,0,35,16,2,26,6,23,0,0,0,0,27,27,0,0,0,0,0,0,0,22,0,0,7,0,0,20,0,11,5,19,0
"cell43",47,32,33,29,32,37,35,22,26,12,23,24,16,51,25,41,19,20,25,26,30,46,0,57,43,27,41,22,30,0,0,0,0,46,61,0,0,48,24,57,18,19,0,62,53,0,0,17,24,27,7,9,0,9,44,3,0,0,0,0,0,0,0,0,0,0,0,0,0,0,0,0,46,25,0,0,34,34,36,0,0,35,33,0,18,2,15,55,28,23,0,0,32,0,36,0,0,0,31,0,26,35,28,1,39,16,33,31,28,0,1,0,0,32,31,23,6,23,21,32,27,0,31,49,0,0,0,48,53,38,0,24,3,45,31,0,12,43,50,30,4,30,30,0,0,0,32,2,0,34,34,6,41,34,30,7,32,13,70,0,36,0,11,34,37,32,0,15,0,0,0,32,43,43,27,32,17,0,17,41,0,34,0,40,0,29,25,16,0,27,14,1,37,5,16,0,0,0,0,0,0,0,0,0,22,44,60,0,23,0,0,30,20,9,9,0,0,3,0,0
"cell44",24,26,10,15,16,17,11,10,13,13,10,11,10,22,12,21,5,11,0,0,0,0,6,1,1,0,0,0,0,11,30,19,16,0,0,11,10,0,0,0,0,0,12,0,0,0,0,0,0,0,0,0,0,0,0,0,0,0,0,0,0,0,0,0,0,0,0,0,0,0,0,0,15,17,0,0,10,12,14,0,12,11,0,0,0,28,0,23,20,0,0,0,11,0,0,12,0,3,0,1,0,19,0,0,0,0,0,7,0,0,15,0,0,0,10,12,18,0,0,17,9,0,6,0,17,1,23,23,0,21,0,8,13,0,0,12,0,0,0,0,18,0,0,8,15,8,0,20,0,18,15,11,12,27,0,0,0,0,7,15,0,21,0,21,0,0,17,8,8,5,0,5,0,0,0,0,0,0,0,0,10,2,0,15,0,22,16,20,0,24,16,2,20,2,8,0,0,0,0,20,5,0,0,0,0,0,0,0,6,21,0,19,0,0,24,9,25,17,17,0
"cell45",26,45,24,43,23,54,26,16,38,13,11,21,24,24,23,45,22,21,17,28,23,48,0,49,48,13,28,10,23,0,0,0,0,24,34,0,0,38,19,57,5,21,0,30,17,0,0,20,8,19,10,7,2,4,13,1,0,0,0,0,0,0,0,0,1,0,3,0,4,6,13,7,6,2,0,1,33,13,24,0,0,29,19,0,13,1,21,33,35,8,0,0,32,0,25,0,0,0,28,0,26,34,21,0,35,14,26,12,33,10,0,0,0,29,24,23,0,22,23,27,26,0,10,63,8,0,3,52,46,35,0,21,19,19,11,3,6,26,30,11,13,37,21,0,19,0,22,2,0,33,32,6,19,28,14,6,34,8,27,0,34,0,17,27,47,28,0,20,2,0,0,24,8,3,9,9,14,0,14,34,0,32,54,32,2,23,26,20,0,43,5,3,20,5,17,0,4,0,0,0,0,0,4,7,7,36,16,0,20,0,0,21,26,0,36,0,26,6,0,11
"cell46",30,33,32,29,23,41,29,22,43,27,26,17,26,33,22,57,17,25,44,36,28,69,0,41,41,22,37,32,29,0,0,0,0,46,46,0,0,28,42,43,25,29,0,49,35,0,0,35,18,40,15,9,5,19,23,0,0,0,0,0,0,0,0,0,0,2,0,0,0,0,0,0,30,34,0,0,15,21,31,1,1,37,46,0,18,0,42,43,53,27,0,0,30,0,39,0,0,0,26,0,39,44,29,0,26,30,56,24,46,5,0,0,0,34,24,45,1,38,30,23,25,0,14,44,5,4,2,46,42,39,0,18,1,36,51,2,19,21,59,32,4,28,41,0,0,0,25,0,0,20,34,15,26,25,35,6,25,11,46,0,62,0,25,26,45,31,0,31,0,0,0,40,36,33,15,24,16,0,9,37,0,55,0,30,0,33,37,40,0,34,12,0,52,7,15,0,10,5,0,0,0,0,0,0,13,37,28,0,33,0,0,21,20,0,25,0,2,8,0,0
"cell47",23,22,26,31,13,30,22,17,22,26,17,21,7,31,16,41,8,31,11,21,21,42,0,23,41,12,28,11,23,0,0,0,0,24,48,0,0,21,19,54,10,19,0,6,3,5,1,0,2,0,0,0,0,0,0,0,0,0,0,0,0,0,0,0,0,0,1,2,0,0,0,0,32,15,0,0,13,13,32,0,0,38,0,0,0,2,23,32,39,19,0,0,27,0,29,0,0,0,20,0,25,34,27,0,22,26,22,24,9,11,0,0,0,43,28,20,11,18,20,20,28,0,22,29,35,0,16,50,28,18,0,20,20,0,0,24,0,0,0,0,38,24,0,18,0,0,29,4,0,35,22,10,27,34,0,0,0,1,24,0,36,0,28,30,34,30,0,28,0,0,0,31,0,0,0,0,15,0,24,35,2,26,0,29,0,9,23,21,0,36,18,4,38,3,19,0,0,0,0,0,0,0,1,0,0,0,0,0,21,0,0,18,16,0,49,0,18,1,0,0
"cell48",22,27,29,20,23,22,26,12,28,9,12,17,13,35,27,38,9,20,6,28,17,26,0,35,15,4,4,5,10,14,20,25,26,0,0,25,22,0,0,0,0,0,21,0,0,0,0,0,0,0,0,0,0,0,0,0,0,0,0,0,0,0,0,0,0,0,0,0,0,0,0,0,20,23,0,0,27,14,19,0,15,23,0,0,0,10,0,34,28,9,0,0,14,0,21,0,0,25,22,0,25,33,0,0,0,0,0,22,0,0,18,0,0,14,25,24,15,0,0,25,16,0,15,1,47,0,41,26,0,27,0,12,14,0,0,37,0,0,0,0,32,0,0,16,28,13,14,3,0,14,21,11,20,12,0,0,0,0,22,26,0,0,0,23,0,0,21,15,5,18,0,29,0,0,0,0,1,0,0,0,3,2,0,15,0,21,30,16,0,32,8,6,27,1,11,0,0,0,0,20,14,0,0,0,0,0,0,0,16,5,0,13,0,0,33,11,15,18,6,0
"cell49",30,37,23,30,25,24,18,26,42,26,18,12,18,32,22,32,17,35,16,27,23,22,0,39,37,18,25,7,16,0,0,0,0,18,28,0,0,31,20,38,13,27,0,40,21,0,0,10,30,32,13,7,4,15,23,5,0,0,0,0,0,0,0,0,0,0,0,0,0,0,0,0,31,13,0,0,13,16,37,0,0,35,33,0,14,1,22,29,29,19,0,0,20,0,32,0,0,0,31,0,18,28,16,0,35,25,32,31,30,0,0,0,0,27,19,31,1,29,24,35,25,0,29,24,10,0,3,40,34,29,5,11,9,41,27,0,5,32,46,19,2,36,36,2,0,0,26,2,0,24,46,19,52,16,28,5,35,13,13,0,35,0,18,36,50,16,0,16,0,0,0,31,25,21,19,20,22,0,32,28,0,31,1,38,0,26,29,29,0,45,14,4,62,4,10,0,0,0,0,0,0,0,0,0,4,35,29,0,8,0,0,16,15,4,24,0,7,8,0,0
"cell50",26,23,16,22,35,29,28,26,32,25,21,21,23,28,15,41,11,16,18,28,23,33,0,34,26,14,26,16,16,0,0,0,0,31,25,0,0,48,16,35,12,12,0,3,7,0,1,0,0,0,0,0,0,0,0,0,0,0,0,0,0,0,0,0,0,0,0,1,0,0,0,0,35,15,0,0,15,19,25,0,0,19,0,0,0,0,22,22,33,9,0,0,16,0,20,0,0,3,40,0,21,27,21,0,28,14,17,21,0,0,0,0,0,21,21,13,26,10,12,30,28,0,29,29,26,0,21,48,20,13,0,17,10,0,0,21,0,0,0,1,31,32,0,29,0,0,24,0,0,24,24,13,51,21,0,0,0,0,22,0,24,0,14,16,37,23,0,24,0,0,0,16,0,0,0,0,7,0,27,29,2,37,0,32,0,23,20,19,0,32,15,0,31,2,18,0,0,0,0,0,0,0,0,0,0,0,0,0,24,0,0,27,3,0,32,0,19,2,0,0
"cell51",13,17,10,3,10,16,14,6,13,5,13,8,4,7,5,5,6,9,0,2,0,0,7,1,0,0,0,0,0,10,13,9,11,0,0,14,10,0,0,0,0,0,6,0,0,0,0,0,0,0,0,0,0,0,0,0,0,0,0,0,0,0,0,0,0,0,0,0,0,0,0,0,17,6,0,0,10,12,11,0,14,15,0,0,0,7,0,19,9,0,0,0,9,0,0,5,0,4,0,0,0,16,0,0,0,0,1,12,0,0,15,0,0,0,7,6,7,0,0,5,7,0,5,0,20,0,9,9,0,15,0,4,4,0,0,13,0,0,0,0,6,0,0,7,12,10,0,9,0,10,18,7,9,6,0,0,0,0,6,9,0,16,0,11,0,0,12,6,13,10,0,14,0,0,0,0,0,0,0,0,5,0,0,7,0,14,19,11,0,14,6,0,22,0,9,0,0,0,0,8,10,0,0,0,0,0,0,0,9,12,0,8,0,0,11,8,7,12,13,0
"cell52",13,11,17,39,20,29,23,16,18,17,12,20,21,26,24,30,9,27,29,25,14,29,0,34,16,20,19,6,17,0,0,0,1,0,17,14,13,0,0,0,0,0,6,0,0,0,0,0,0,0,0,0,0,0,0,0,0,0,0,0,0,0,0,0,0,0,0,0,0,0,0,0,18,16,0,0,23,18,32,0,25,30,0,0,0,3,23,32,25,9,0,0,25,0,23,0,0,8,16,0,19,17,0,0,0,1,11,11,0,0,21,0,0,26,19,13,20,0,0,23,8,0,18,21,48,0,34,27,0,11,0,11,16,0,0,17,0,0,0,0,20,0,0,10,4,3,22,2,0,26,24,12,23,18,0,0,0,0,15,9,24,0,2,25,0,0,31,18,0,0,1,7,0,0,0,0,10,0,20,29,24,0,0,27,0,22,17,25,0,34,22,1,21,1,13,0,0,0,0,17,19,0,0,0,0,0,0,0,21,0,0,10,0,0,27,0,14,10,12,0
"cell53",27,22,17,22,10,27,27,17,29,12,13,11,15,20,17,19,19,31,13,23,22,26,0,13,11,5,5,1,0,21,18,18,38,0,0,22,22,0,0,0,0,0,5,0,0,0,0,0,0,0,0,0,0,0,0,0,0,0,0,0,0,0,0,0,0,0,0,0,0,0,0,0,28,17,0,0,19,18,29,0,14,25,0,0,0,31,0,23,25,0,0,0,13,0,38,0,0,12,24,0,11,24,0,0,0,0,0,22,0,0,18,0,0,11,24,21,13,0,0,21,11,0,21,0,57,0,30,34,0,22,0,8,11,0,0,20,0,0,0,0,30,0,0,11,16,28,4,4,0,18,38,13,18,18,0,0,0,0,16,36,0,0,0,30,0,0,23,14,21,15,0,7,0,0,0,0,0,0,0,0,10,2,0,21,0,23,14,27,0,38,12,2,20,5,14,0,0,0,0,14,28,0,0,0,0,0,0,0,24,4,0,31,0,0,33,15,12,29,22,0
"cell54",25,21,19,33,25,31,29,9,32,39,21,30,16,57,31,46,11,16,23,48,21,33,0,50,44,19,20,15,10,0,0,0,0,32,39,0,0,40,22,46,7,23,0,8,2,5,7,4,2,0,0,0,0,0,0,0,1,0,0,0,0,0,0,0,0,0,5,5,6,3,7,4,24,14,0,0,25,31,24,0,4,27,0,0,0,3,23,36,55,16,0,0,18,0,38,0,0,0,29,0,38,42,21,0,37,18,29,25,12,4,3,0,0,30,17,21,0,22,44,17,30,0,17,37,42,0,11,38,31,36,0,23,18,0,7,4,1,3,29,10,28,41,0,21,0,0,23,1,0,32,37,15,30,26,2,0,2,0,24,0,38,0,17,37,45,28,2,19,0,0,0,45,0,0,0,0,31,0,31,34,0,31,1,26,0,18,16,16,0,38,11,5,50,3,14,0,0,0,0,0,0,9,8,5,0,0,0,0,37,0,0,23,14,0,34,0,32,8,3,0
"cell55",18,19,7,19,14,15,11,16,21,7,9,17,14,16,40,25,16,32,5,23,17,28,8,0,0,1,1,0,3,17,20,10,10,0,0,9,33,0,0,0,0,0,13,0,0,0,0,0,0,0,0,0,0,0,0,0,0,0,0,0,0,0,0,0,0,0,0,0,0,0,0,0,32,10,0,0,9,14,17,0,19,24,0,0,0,36,0,23,28,1,0,0,10,0,28,0,0,21,12,0,0,27,0,0,0,0,0,6,0,0,27,0,0,0,19,15,18,0,0,4,20,0,16,0,38,0,19,19,0,22,0,25,7,0,0,9,0,0,0,0,23,0,0,12,21,21,0,27,0,27,19,16,16,18,0,0,0,0,13,18,0,0,0,23,0,0,31,12,8,10,0,25,0,0,0,0,0,0,0,0,10,1,0,17,0,20,18,12,0,31,20,0,37,0,8,0,0,0,0,19,20,0,0,0,0,0,0,0,23,23,0,23,0,0,14,22,10,12,8,0
"cell56",10,12,5,9,8,19,14,6,10,9,5,7,6,20,4,12,8,10,2,2,0,0,12,0,0,0,0,0,0,7,15,10,10,0,0,14,8,0,0,0,0,0,13,0,0,0,0,0,0,0,0,0,0,0,0,0,0,0,0,0,0,0,0,0,0,0,0,0,0,0,0,0,18,6,0,0,10,7,9,0,11,11,0,0,0,11,0,18,14,0,0,0,8,0,0,9,0,4,0,0,0,11,0,0,0,0,1,10,0,0,15,0,0,0,8,3,9,0,0,6,6,0,14,0,10,0,12,11,0,13,0,5,4,0,0,11,0,0,0,0,11,0,0,10,9,10,0,6,0,17,13,2,9,14,0,0,0,0,10,10,0,15,0,11,0,0,13,11,13,8,1,7,0,0,0,0,0,0,0,0,7,2,0,10,0,6,16,14,0,17,7,0,19,2,6,0,0,0,0,12,4,0,0,0,0,0,0,0,11,9,0,13,0,0,12,6,8,8,7,0
"cell57",21,18,17,21,17,42,12,24,47,23,25,21,17,20,16,26,22,12,20,37,17,41,0,36,40,26,28,15,10,0,0,0,0,19,41,0,0,43,15,36,22,9,0,27,12,0,1,11,7,4,8,2,0,0,0,0,0,0,0,0,0,0,0,0,0,0,5,1,0,0,0,0,33,22,0,0,10,19,29,0,0,26,0,0,0,0,29,51,43,29,0,0,16,0,30,0,0,0,25,0,27,39,18,0,36,16,28,27,4,5,0,0,0,41,10,17,5,18,23,30,20,0,35,27,28,0,20,56,29,25,0,17,15,0,3,1,10,18,19,23,14,31,0,18,0,0,30,4,0,20,30,12,17,41,5,0,1,0,24,0,29,0,23,30,41,18,3,16,0,0,0,18,0,0,2,0,18,0,14,30,1,23,0,21,0,26,17,22,0,39,12,2,53,7,15,0,0,0,0,0,0,0,3,10,0,4,0,0,18,0,0,19,15,0,36,0,19,5,0,0
"cell58",8,13,11,7,14,13,13,12,17,6,2,8,2,12,6,19,8,9,6,14,0,0,6,1,0,0,0,0,0,13,31,7,11,0,0,22,15,0,0,0,0,0,7,0,0,0,0,0,0,0,0,0,0,0,0,0,0,0,0,0,0,0,0,0,0,0,0,0,0,0,0,0,20,8,0,0,13,13,18,0,9,14,0,0,0,14,0,20,15,0,0,0,16,1,2,3,0,9,0,0,0,12,0,0,0,0,1,21,0,0,17,0,0,0,12,6,6,0,0,20,6,0,12,0,24,0,14,11,0,16,0,11,4,0,0,20,0,0,0,0,14,0,0,4,15,9,0,6,0,11,20,6,20,10,0,0,0,0,12,10,0,4,0,15,0,0,18,4,13,11,0,8,0,0,0,0,0,0,0,0,10,0,0,8,0,10,13,12,0,19,6,0,21,2,11,0,0,0,0,4,7,0,0,0,0,0,0,0,9,12,0,8,0,0,18,3,4,11,7,0
"cell59",21,18,16,25,23,30,27,12,26,7,15,15,13,40,26,32,27,14,27,36,20,30,0,32,30,23,31,11,10,0,0,0,0,35,58,0,0,18,25,28,4,11,0,0,0,0,0,0,0,0,0,0,0,0,0,0,0,0,0,0,0,0,0,0,0,0,0,0,0,0,0,0,30,24,0,0,18,23,17,0,0,24,0,0,0,0,22,24,27,13,0,0,10,0,30,0,0,10,16,2,29,20,21,0,19,24,29,16,0,0,3,0,0,27,18,23,15,0,4,22,18,0,25,32,41,0,10,26,46,35,0,13,8,0,0,20,0,0,0,0,28,23,0,30,0,0,26,1,0,35,32,10,34,16,0,0,0,0,27,0,32,0,9,33,21,29,0,15,0,0,0,11,0,0,0,0,10,0,9,21,16,33,0,36,0,19,18,25,0,37,21,0,31,3,27,0,0,0,0,0,0,0,0,0,0,0,0,1,23,0,0,29,9,0,26,0,30,3,3,0
"cell60",24,17,15,23,20,14,19,5,36,11,13,5,8,37,34,23,13,18,19,24,27,36,0,55,17,12,20,8,10,8,3,0,6,0,0,34,25,0,0,0,0,0,16,0,0,0,0,0,0,0,0,0,0,0,0,0,0,0,0,0,0,0,0,0,0,0,0,0,0,0,0,0,22,17,0,0,18,22,12,0,19,33,0,0,0,1,1,31,12,14,0,0,25,0,18,0,0,18,19,0,21,32,0,0,0,0,0,24,0,0,15,0,0,22,10,17,19,0,0,18,30,0,13,5,45,5,42,29,0,30,0,6,6,0,0,16,0,0,0,0,44,0,0,29,18,16,21,0,0,7,23,14,21,15,0,0,0,0,20,37,2,0,0,22,0,0,28,14,0,5,0,21,0,0,0,0,13,0,0,15,20,2,0,18,0,21,21,24,0,20,13,1,44,0,19,0,0,0,0,16,19,0,0,0,0,0,0,0,24,0,0,10,0,0,34,9,18,9,15,0
"cell61",39,26,26,25,14,19,25,7,27,11,8,13,11,16,17,19,18,26,14,34,20,24,0,18,12,6,7,2,2,14,20,19,20,0,0,27,20,0,0,0,0,0,17,0,0,0,0,0,0,0,0,0,0,0,0,0,0,0,0,0,0,0,0,0,0,0,0,0,0,0,0,0,28,25,0,0,16,24,15,0,18,18,0,0,0,23,0,19,28,0,0,0,14,0,42,0,0,24,19,0,13,16,0,0,0,0,0,19,0,0,10,0,0,12,19,15,13,0,0,18,12,0,14,0,40,0,30,36,0,22,0,9,15,0,0,12,0,0,0,0,25,0,0,18,21,39,3,1,0,14,20,1,17,20,0,0,0,0,18,33,0,0,0,31,0,0,25,13,19,20,0,8,0,0,0,0,1,0,0,0,15,5,0,25,0,21,6,20,0,26,13,4,14,2,27,0,0,0,0,18,20,0,0,0,0,0,0,0,24,3,0,14,0,0,36,13,19,12,12,2
"cell62",7,22,13,13,21,21,10,6,26,17,10,13,8,18,15,14,13,17,7,13,0,2,17,5,0,5,0,0,0,15,22,21,19,0,0,12,19,0,0,0,0,0,10,0,0,0,0,0,0,0,0,0,0,0,0,0,0,0,0,0,0,0,0,0,0,0,0,0,0,0,0,0,19,17,0,0,12,13,19,0,7,16,0,0,0,29,0,34,19,0,0,0,15,0,3,13,0,9,10,0,0,22,0,0,0,0,1,18,0,0,15,0,0,0,7,10,14,0,0,20,9,0,14,0,17,0,28,31,0,18,0,5,12,0,0,20,0,0,0,0,18,0,0,15,23,15,0,10,0,21,19,9,12,17,0,0,0,0,13,13,0,10,0,21,0,0,18,6,7,15,0,18,0,0,0,0,0,0,0,0,12,0,0,25,0,28,19,15,0,12,8,2,28,3,8,0,0,0,0,10,15,0,0,0,0,0,0,0,9,20,0,10,0,0,30,7,12,12,11,0
"cell63",26,12,21,20,13,18,12,23,13,12,18,17,14,15,20,28,8,18,20,9,20,21,0,5,2,0,0,0,0,15,28,13,12,0,0,30,20,0,0,0,0,0,15,0,0,0,0,0,0,0,0,0,0,0,0,0,0,0,0,0,0,0,0,0,0,0,0,0,0,0,0,0,23,29,0,0,14,14,11,0,22,26,0,0,0,32,0,31,13,0,0,0,15,0,18,0,0,11,19,0,0,29,0,0,0,0,0,15,0,0,24,0,0,0,9,35,15,0,0,16,19,0,18,0,43,0,35,16,0,20,0,8,26,0,0,12,0,0,0,0,31,0,0,15,23,18,0,16,0,33,31,10,14,26,0,0,0,0,27,27,0,2,0,34,0,0,32,19,18,27,0,22,0,0,0,0,0,0,0,0,11,1,0,17,0,15,18,27,1,34,9,0,41,4,8,0,0,0,0,14,30,0,0,0,0,0,0,0,21,22,0,29,0,0,34,12,21,22,18,0
"cell64",11,12,11,25,17,18,16,14,19,11,7,15,11,28,15,19,8,17,24,23,8,29,0,8,9,0,0,0,0,17,24,12,10,0,0,27,22,0,0,0,0,0,18,0,0,0,0,0,0,0,0,0,0,0,0,0,0,0,0,0,0,0,0,0,0,0,0,0,0,0,0,0,25,12,0,0,14,11,20,0,17,33,0,0,0,12,0,22,22,2,0,0,13,0,19,0,0,15,15,0,1,29,0,0,0,0,0,24,0,0,22,0,0,0,26,23,10,0,0,18,12,0,6,1,34,0,24,31,0,20,0,8,10,0,0,10,0,0,0,0,32,0,0,14,15,6,0,2,0,23,45,8,17,15,0,0,0,0,18,21,0,0,0,24,0,0,24,18,33,20,0,25,0,0,0,0,0,0,0,0,17,4,0,24,0,15,14,14,0,19,22,2,48,4,24,0,0,0,0,19,18,0,0,0,0,0,0,0,23,13,0,17,0,0,26,14,20,25,12,0
"cell65",32,24,33,22,14,25,25,24,30,10,16,23,18,36,25,31,23,22,20,40,25,39,0,40,38,26,26,17,28,0,0,0,0,26,43,0,0,39,24,50,9,15,0,25,29,0,0,8,18,2,3,6,0,2,1,0,0,0,0,0,0,0,0,0,0,0,4,0,0,2,0,2,29,15,0,0,9,13,25,0,0,42,0,0,0,0,18,41,50,16,0,0,15,0,35,0,0,0,32,0,27,37,22,0,34,10,22,23,2,1,0,0,0,38,6,19,7,16,31,14,12,0,23,34,45,0,16,44,25,28,0,10,9,1,13,0,7,15,29,24,12,36,0,22,0,0,42,6,0,22,32,16,19,35,7,0,10,0,32,0,24,0,26,29,36,30,2,18,0,0,0,27,0,0,0,0,13,0,11,35,0,30,0,31,0,23,23,29,1,29,20,1,57,7,19,0,0,0,0,0,0,0,5,6,0,8,0,0,29,0,0,13,11,0,28,0,22,14,0,0
"cell66",40,36,29,17,23,40,36,14,43,18,39,18,28,29,22,39,28,37,43,49,38,60,0,41,47,21,43,23,25,0,0,0,0,56,65,0,0,21,25,50,7,24,0,56,36,0,0,28,24,33,19,8,2,20,30,0,0,0,0,1,0,0,1,0,0,0,0,0,0,0,0,0,34,30,0,0,32,19,36,0,0,49,27,0,7,0,45,58,38,37,1,0,23,0,27,0,0,0,27,0,37,46,23,1,26,25,40,31,45,4,1,0,0,41,34,43,1,41,22,30,21,0,42,48,4,2,1,47,33,25,0,19,0,21,46,1,22,19,42,33,5,40,23,2,0,0,32,0,0,40,40,9,44,33,52,0,30,15,37,0,53,0,24,30,51,14,0,31,2,0,0,34,22,25,9,17,12,0,16,61,0,44,0,32,0,42,42,40,0,30,18,0,39,4,23,0,21,1,6,0,0,0,0,0,23,43,34,0,22,0,0,17,17,0,11,0,5,3,0,0
"cell67",13,13,14,13,19,16,16,10,11,11,11,9,8,5,12,25,7,12,1,13,0,0,8,1,0,0,0,0,0,6,30,12,6,0,0,14,26,0,0,0,0,0,12,0,0,0,0,0,0,0,0,0,0,0,0,0,0,0,0,0,0,0,0,0,0,0,0,0,0,0,0,0,18,18,0,0,11,9,9,0,21,13,0,0,0,8,0,23,21,0,0,0,17,0,0,9,0,13,0,0,0,10,0,0,0,0,1,9,0,0,19,0,0,0,17,13,13,0,0,19,9,0,11,0,12,0,18,39,0,17,0,5,4,0,0,15,0,0,0,0,17,0,0,3,24,15,0,7,0,13,11,6,12,22,0,0,0,0,23,14,0,32,0,21,0,0,24,13,24,12,0,5,0,0,0,0,0,0,0,0,6,1,0,20,0,12,14,13,2,13,7,1,14,1,8,0,0,0,0,10,18,0,0,0,0,0,0,0,9,14,0,8,0,0,29,9,11,22,8,0
"cell68",17,26,13,19,12,23,15,14,31,11,5,15,10,17,14,31,8,14,9,19,15,30,0,4,9,0,0,0,0,20,20,21,24,0,0,13,21,0,0,0,0,0,18,0,0,0,0,0,0,0,0,0,0,0,0,0,0,0,0,0,0,0,0,0,0,0,0,0,0,0,0,0,32,10,0,0,19,16,15,0,33,22,0,0,0,22,0,19,21,0,0,0,23,0,21,0,0,12,8,0,5,31,0,0,0,0,0,16,0,0,19,0,0,0,9,16,26,0,0,18,17,0,5,0,23,0,19,28,0,22,0,19,14,0,0,22,0,0,0,0,32,0,0,18,19,33,0,16,0,25,19,9,14,18,0,0,0,0,8,31,0,1,0,29,0,0,32,13,17,17,0,12,0,0,0,0,0,0,0,0,7,0,0,12,0,17,23,26,3,22,19,2,29,2,21,0,0,0,0,25,15,0,0,0,0,0,0,0,18,14,0,21,0,0,26,5,27,12,28,0
"cell69",26,19,25,25,18,32,18,10,23,13,13,17,15,27,24,39,16,23,10,14,14,39,0,33,20,16,22,11,7,4,3,0,2,0,0,36,21,0,0,0,0,0,13,0,0,0,0,0,0,0,0,0,0,0,0,0,0,0,0,0,0,0,0,0,0,0,0,0,0,0,0,0,36,20,0,0,28,24,20,0,28,21,0,0,0,1,3,39,32,12,0,0,19,0,24,0,0,13,18,0,21,25,0,0,0,0,0,29,0,0,30,0,0,14,19,21,19,0,0,18,13,0,18,6,51,0,29,28,0,21,0,3,18,0,0,23,0,0,0,0,47,0,0,10,22,13,20,0,0,20,33,24,12,14,0,0,0,0,24,18,7,0,2,29,0,0,39,14,2,3,0,28,0,0,0,0,12,0,9,16,15,3,0,26,0,32,14,17,0,27,5,0,31,0,14,0,0,0,0,25,28,0,0,0,0,0,0,0,19,2,0,19,0,0,26,3,13,24,17,0
"cell70",25,19,19,26,20,28,12,10,35,10,23,9,21,20,24,33,9,24,15,30,16,37,0,32,12,14,16,15,17,5,3,0,7,0,0,21,26,0,0,0,0,0,14,0,0,0,0,0,0,0,0,0,0,0,0,0,0,0,0,0,0,0,0,0,0,0,0,0,0,0,0,0,31,23,0,0,32,26,7,0,23,25,0,0,0,3,1,19,21,9,0,0,12,0,18,0,0,25,16,0,27,28,0,0,0,0,0,33,0,0,18,0,0,31,14,21,30,0,0,17,18,0,28,1,49,0,41,38,0,29,0,9,25,0,0,16,0,0,0,0,43,0,0,26,19,16,23,0,0,17,33,19,25,21,0,0,0,0,29,31,1,0,0,22,0,0,29,13,0,13,0,24,0,0,0,0,10,0,0,24,11,4,0,16,0,20,20,24,0,29,8,1,54,0,17,0,0,0,0,14,25,0,0,0,0,0,0,0,17,0,0,10,0,0,24,13,13,18,8,0
"cell71",13,25,8,27,7,26,25,30,11,21,7,16,17,24,12,34,11,22,19,39,15,26,0,31,24,18,11,15,21,0,0,0,0,25,29,0,0,2,5,0,0,0,21,0,0,0,0,0,0,0,0,0,0,0,0,0,0,0,0,0,0,0,0,0,0,0,0,0,0,0,0,0,23,33,0,0,17,10,17,0,0,33,0,0,0,1,12,41,33,19,0,0,48,0,25,0,0,22,24,0,14,27,28,0,28,25,24,23,0,0,20,0,0,22,18,14,15,0,0,38,27,0,17,31,60,0,24,30,0,34,0,15,12,0,0,25,0,0,0,0,22,0,0,15,0,0,22,0,0,25,32,18,19,9,0,0,0,0,21,0,19,0,20,29,0,0,32,16,3,0,0,8,0,0,0,0,3,0,18,25,40,17,0,21,0,27,16,27,0,20,19,1,25,2,15,0,0,0,0,5,11,0,0,0,0,0,0,0,18,0,0,14,0,0,23,0,18,3,8,0
"cell72",22,20,18,16,13,15,29,15,37,20,22,20,12,29,23,37,14,13,12,26,26,44,0,31,33,12,25,17,22,0,0,0,0,25,37,0,0,24,19,25,13,7,4,0,0,0,0,0,0,0,0,0,0,0,0,0,0,0,0,0,0,0,0,0,0,0,0,0,0,0,0,0,27,20,0,0,20,14,9,0,0,20,0,0,0,6,20,24,26,13,0,0,23,0,28,0,0,13,33,0,28,36,23,1,10,8,18,18,0,0,0,0,0,33,12,17,21,1,4,17,17,0,13,26,42,0,9,40,19,25,0,3,13,0,0,16,0,0,0,0,38,29,0,21,0,0,16,1,0,22,36,7,32,15,0,0,0,0,17,0,23,0,17,16,32,26,1,15,0,0,0,13,0,0,0,0,11,0,21,39,17,27,0,30,0,23,17,18,0,37,19,1,27,7,18,0,0,0,0,0,0,0,0,0,0,0,0,0,28,0,0,22,6,0,37,0,11,13,0,0
"cell73",20,13,19,12,6,12,4,20,25,8,8,5,3,18,10,23,10,22,11,26,7,9,4,1,0,0,0,0,0,14,18,15,21,0,0,18,31,0,0,0,0,0,17,0,0,0,0,0,0,0,0,0,0,0,0,0,0,0,0,0,0,0,0,0,0,0,0,0,0,0,0,0,27,11,0,0,16,17,12,0,17,16,0,0,0,23,0,18,11,0,0,0,17,0,12,0,0,11,18,0,0,33,0,0,0,0,0,13,0,0,12,0,0,0,9,19,22,0,0,11,7,0,9,0,26,0,22,15,0,14,0,8,18,0,0,12,0,0,0,0,21,0,0,9,23,25,0,17,0,35,14,6,12,11,0,0,0,0,17,14,0,3,0,16,0,0,28,15,21,11,0,16,0,0,0,0,0,0,0,0,12,1,0,18,0,19,7,23,0,28,9,0,21,2,5,0,0,0,0,7,10,0,0,0,0,0,0,0,13,10,0,27,0,0,33,1,13,12,10,0
"cell74",41,39,19,32,26,28,28,32,53,26,27,26,23,57,28,46,30,36,16,37,53,28,0,68,32,35,20,35,21,0,0,0,1,39,48,0,0,53,42,76,22,12,0,61,37,0,0,12,25,57,13,18,3,28,40,1,0,0,0,0,0,0,0,0,0,0,0,0,0,0,0,0,70,31,0,0,36,33,44,0,0,33,35,0,24,0,23,47,36,28,0,0,20,0,44,0,0,4,51,0,35,37,35,0,39,31,37,40,40,0,0,0,0,42,31,44,16,41,39,37,21,0,22,53,0,0,0,79,79,32,0,33,0,42,48,0,29,27,38,39,0,26,40,0,0,0,45,7,0,38,48,4,36,38,35,7,38,11,66,0,39,0,18,56,51,31,0,37,0,0,0,44,57,35,24,18,19,0,17,45,0,49,0,43,0,36,39,37,0,47,17,2,42,2,28,0,0,0,0,0,0,0,0,0,29,72,70,0,31,0,0,39,20,9,6,0,0,5,0,0
"cell75",35,23,26,31,36,37,31,22,33,22,26,12,14,26,10,51,19,23,20,29,16,46,0,46,39,19,29,11,26,0,0,0,0,20,37,0,0,30,20,47,18,16,0,27,40,1,0,16,21,22,20,19,1,14,15,11,0,0,0,0,0,0,2,0,0,0,1,0,0,2,2,2,4,4,5,9,28,13,22,0,0,36,50,0,8,1,44,21,27,20,3,0,16,0,36,0,0,0,16,1,15,32,31,0,16,23,31,13,29,7,0,0,0,51,29,35,4,37,24,33,24,0,8,37,3,7,0,45,40,30,1,20,3,22,13,0,13,26,28,32,10,29,32,0,9,0,18,7,0,19,32,5,27,25,36,0,23,8,13,0,28,0,16,29,33,25,0,23,0,0,0,33,8,17,17,17,15,0,19,31,0,38,24,21,9,29,20,24,0,42,16,1,45,1,19,0,0,0,0,0,0,0,3,1,9,36,38,0,20,0,0,31,6,6,11,0,13,6,0,4
"cell76",25,19,28,36,21,29,32,15,18,20,17,18,21,29,24,42,15,18,14,15,21,36,0,38,47,23,11,13,26,0,0,0,0,35,51,0,0,22,17,56,21,21,0,6,5,4,1,0,0,0,0,0,0,0,0,0,0,0,0,0,0,0,0,0,0,0,2,3,0,0,0,0,27,10,0,0,16,21,30,0,0,24,0,0,0,0,11,24,44,10,0,0,32,0,34,0,0,0,25,0,25,26,32,0,19,24,34,28,18,6,0,0,0,18,21,17,16,27,14,21,22,0,18,35,34,0,12,31,39,28,0,13,19,0,0,25,0,0,0,0,39,37,0,10,0,0,43,2,0,31,24,10,24,26,0,0,0,1,36,0,34,0,12,33,43,25,0,30,0,0,0,27,0,0,0,0,19,0,17,39,0,13,0,26,0,14,19,21,0,34,19,5,37,7,15,0,0,0,0,0,0,0,2,0,0,0,0,0,19,0,0,13,12,0,32,0,16,0,0,0
"cell77",18,24,25,26,19,28,19,15,32,17,10,13,15,26,17,46,23,21,22,22,11,34,0,39,20,20,27,7,13,1,1,0,1,0,0,25,26,0,0,0,0,0,19,0,0,0,0,0,0,0,0,0,0,0,0,0,0,0,0,0,0,0,0,0,0,0,0,0,0,0,0,0,27,24,0,0,25,24,27,0,29,17,0,0,0,3,4,38,31,18,0,0,22,0,17,0,0,13,14,0,17,15,0,0,0,0,0,12,0,0,29,0,0,14,21,16,13,0,0,27,12,0,28,12,45,0,33,27,0,24,0,4,21,0,0,28,0,0,0,0,44,0,0,11,33,17,20,0,0,17,30,13,12,28,0,0,0,0,24,10,5,0,0,27,0,0,43,19,1,2,0,32,0,0,0,0,11,0,11,21,24,2,0,17,0,21,19,29,0,35,8,0,39,0,11,0,0,0,0,25,31,0,0,0,0,0,0,0,17,0,0,20,0,0,28,11,5,29,19,0
"cell78",22,19,10,23,16,14,13,10,19,19,6,15,11,16,9,18,5,11,7,5,6,5,6,1,0,0,1,1,0,18,20,21,2,0,0,15,18,1,0,0,0,0,9,0,0,0,0,0,0,0,0,0,0,0,0,0,0,0,0,0,0,0,0,0,0,0,0,0,0,0,0,0,23,16,0,0,21,13,12,0,32,21,0,0,0,17,0,24,24,0,0,0,29,0,17,2,0,3,13,0,0,21,1,0,0,0,0,15,0,0,16,0,0,0,21,15,16,0,0,18,9,0,16,0,32,0,32,23,0,15,0,12,10,0,0,7,0,0,0,0,23,0,0,18,14,9,0,12,0,12,29,13,11,6,0,0,0,0,15,10,0,5,0,16,0,0,21,9,12,14,0,17,0,0,0,0,0,0,0,0,15,0,0,16,0,22,8,16,0,24,11,6,21,3,4,0,0,0,0,8,14,0,0,0,0,0,0,0,15,14,0,16,0,0,30,5,22,16,17,0
"cell79",29,20,28,26,12,31,30,17,29,22,20,15,7,36,24,40,12,23,12,12,18,47,0,35,38,14,29,11,16,0,0,0,0,27,61,0,0,36,22,49,11,21,0,6,7,3,3,0,2,0,0,0,0,0,0,0,0,0,0,0,0,0,0,0,0,0,2,1,0,0,0,0,27,17,0,0,27,7,29,0,0,38,0,0,0,1,16,26,39,19,0,0,15,0,28,0,0,0,24,0,32,24,25,0,32,19,23,17,15,8,0,0,0,33,24,27,8,30,17,18,19,0,14,17,40,0,20,39,50,18,0,22,9,0,0,25,0,0,2,2,48,19,0,17,0,0,29,4,0,26,25,10,40,27,0,0,0,1,21,0,40,0,17,38,35,24,0,24,0,0,0,31,0,0,0,0,18,0,16,30,1,31,0,23,0,15,24,16,0,27,22,3,35,1,22,0,0,0,0,0,0,0,4,0,0,0,0,0,27,0,0,23,16,0,30,0,16,2,0,0
"cell80",12,19,20,33,23,16,16,19,39,24,14,6,10,22,17,46,18,13,11,20,19,37,0,38,29,13,27,12,15,0,0,0,0,17,29,0,0,16,7,1,0,0,22,0,0,0,0,0,0,0,0,0,0,0,0,0,0,0,0,0,0,0,0,0,0,0,0,0,0,0,0,0,30,22,0,0,18,12,20,0,1,21,0,0,0,0,25,34,35,16,0,0,22,0,27,0,0,22,23,0,19,23,35,0,22,17,18,23,0,0,26,0,0,26,31,19,21,0,0,18,12,0,13,33,30,0,9,24,4,20,0,13,15,0,0,20,0,0,0,0,43,0,0,25,0,0,20,2,0,30,27,9,23,27,0,0,0,0,22,0,31,1,13,26,0,0,15,15,0,0,0,29,0,0,0,0,16,0,15,36,28,21,0,20,0,25,15,22,0,24,9,0,23,7,9,0,0,0,0,10,12,0,0,0,0,0,0,0,14,0,0,19,0,0,40,0,11,6,0,0
"cell81",28,8,23,19,27,23,31,16,34,16,7,23,14,32,26,22,11,21,5,25,17,51,0,61,24,16,26,9,8,0,0,0,0,15,55,0,0,24,19,35,8,13,2,0,0,4,4,0,0,0,0,0,0,0,0,0,0,0,0,0,0,0,0,0,0,0,0,0,0,0,0,0,40,24,0,0,27,17,27,0,0,25,0,0,0,2,16,44,24,10,0,0,25,0,26,0,0,10,25,0,23,17,15,0,31,13,16,14,0,0,0,0,0,29,17,30,15,3,9,24,12,0,17,23,50,0,26,48,37,27,0,11,10,0,0,34,0,0,0,0,29,21,0,12,0,0,34,4,0,25,24,10,33,20,0,0,0,0,23,0,30,0,19,21,28,14,2,25,0,0,0,12,0,0,0,0,3,0,15,21,7,30,0,22,0,17,19,16,0,31,17,1,22,2,10,0,0,0,0,0,0,0,0,0,0,0,0,0,16,0,0,13,8,0,32,0,24,2,0,0
"cell82",37,11,18,19,18,15,17,20,17,8,11,16,9,19,14,27,11,21,15,12,22,28,0,10,2,0,0,0,0,17,36,17,13,0,0,34,17,0,0,0,0,0,11,0,0,0,0,0,0,0,0,0,0,0,0,0,0,0,0,0,0,0,0,0,0,0,0,0,0,0,0,0,27,23,0,0,21,17,32,0,18,20,0,0,0,25,0,42,21,0,0,0,27,0,26,0,0,9,14,2,0,31,0,0,0,0,0,21,0,0,35,0,0,0,8,28,17,0,0,20,18,0,18,0,30,0,28,31,0,20,0,17,7,0,0,21,0,0,0,0,43,0,0,12,23,9,0,14,0,25,13,18,21,10,0,0,0,0,31,23,0,0,0,36,0,0,34,12,25,13,0,9,0,0,0,0,0,0,0,0,11,0,0,34,0,15,14,18,1,35,15,0,31,3,17,0,0,0,0,26,15,0,0,0,0,0,0,0,22,25,0,22,0,0,33,20,13,24,17,0
"cell83",37,15,14,19,8,26,16,23,16,16,19,16,14,16,25,34,8,24,20,22,30,21,0,4,1,0,0,0,0,23,18,15,17,0,0,26,24,0,0,0,0,0,10,0,0,0,0,0,0,0,0,0,0,0,0,0,0,0,0,0,0,0,0,0,0,0,0,0,0,0,0,0,28,20,0,0,14,11,15,0,25,28,0,0,0,30,0,25,15,0,0,0,18,0,24,0,0,12,23,3,0,33,0,0,0,0,0,13,0,0,23,0,0,0,8,37,20,0,0,14,9,0,12,0,28,0,36,29,0,15,0,13,16,0,0,14,0,0,0,0,23,0,0,20,28,25,0,19,0,27,19,12,24,23,0,0,0,0,24,37,0,0,0,31,0,0,31,17,25,13,0,18,0,0,0,0,0,0,0,0,15,1,0,27,0,18,18,21,3,35,7,0,39,4,14,0,0,0,0,20,29,0,0,0,0,0,0,0,20,30,0,22,0,0,39,16,24,22,18,0
"cell84",50,32,38,41,53,25,39,25,42,18,27,32,21,58,11,57,32,44,28,41,22,64,0,61,62,25,18,10,16,0,0,0,0,56,42,0,3,62,34,69,7,17,0,72,63,0,0,20,13,37,10,10,0,15,36,2,0,0,0,0,0,0,0,0,0,0,0,0,0,0,0,0,37,26,0,0,20,23,38,0,0,31,33,0,12,1,22,52,45,25,0,0,27,0,33,0,0,0,38,0,51,48,45,0,44,25,33,25,39,1,0,0,0,43,33,29,1,25,18,43,17,2,37,47,6,0,0,55,72,54,0,20,0,26,22,0,17,29,49,17,6,30,45,0,0,0,26,2,0,42,36,15,22,27,31,9,28,22,39,0,54,0,22,42,41,21,0,29,0,0,0,42,39,49,44,31,13,0,22,36,0,49,2,39,0,27,19,22,0,28,6,4,30,3,21,0,0,0,0,0,0,0,0,4,28,33,52,0,30,0,0,27,14,12,16,0,0,7,0,0
"cell85",30,28,35,35,20,18,22,17,43,18,20,12,27,47,22,24,11,40,17,28,23,24,0,43,30,22,25,13,19,0,0,0,0,25,32,0,1,31,16,28,9,23,0,36,34,0,0,19,16,28,12,21,3,11,27,3,0,0,0,0,0,0,0,0,0,0,0,0,0,0,0,0,20,20,0,0,23,11,20,0,0,23,32,0,13,0,27,57,39,21,0,0,23,0,40,0,0,0,33,0,25,26,26,0,31,27,25,28,35,2,0,0,0,30,12,17,1,29,30,31,21,0,17,35,13,0,0,54,30,23,1,18,5,41,18,0,4,34,43,25,3,23,39,2,0,0,31,4,0,28,32,17,37,22,38,2,45,9,20,0,31,0,20,35,43,30,0,29,0,2,0,25,13,24,16,9,26,0,38,38,0,24,1,36,0,29,23,17,0,45,17,1,32,1,17,0,0,0,0,0,0,0,0,0,10,23,36,0,14,0,0,14,14,5,33,0,6,9,0,0
"cell86",43,17,16,21,15,24,13,12,21,18,24,7,5,22,27,44,13,18,16,31,20,36,0,31,25,12,28,13,18,0,0,0,0,30,36,0,0,22,16,18,0,3,5,0,0,0,0,0,0,0,0,0,0,0,0,0,0,0,0,0,0,0,0,0,0,0,0,0,0,0,0,0,18,19,0,0,24,12,32,0,0,26,0,0,0,0,13,36,24,5,0,0,27,0,18,0,0,13,13,0,25,25,26,0,28,14,18,13,0,0,1,0,0,30,10,28,23,0,0,25,18,0,21,31,29,0,20,41,14,20,0,7,15,0,0,17,0,0,0,0,31,15,0,12,0,0,29,7,0,28,31,13,28,21,0,0,0,0,14,0,24,0,10,16,10,14,12,18,0,0,0,17,0,0,0,0,15,0,19,36,19,32,0,17,0,13,27,12,2,30,16,3,24,4,14,0,0,0,0,0,1,0,0,0,0,0,0,0,18,0,0,10,0,0,38,0,19,1,1,0
"cell87",14,17,6,14,5,18,13,9,14,10,15,14,5,10,15,17,8,6,0,0,0,0,18,0,0,0,0,0,0,6,22,9,17,0,0,6,17,0,0,0,0,0,15,0,0,0,0,0,0,0,0,0,0,0,0,0,0,0,0,0,0,0,0,0,0,0,0,0,0,0,0,0,17,10,0,0,13,2,3,0,16,5,0,0,0,14,0,29,15,0,0,0,10,0,0,6,0,10,0,0,2,10,0,0,0,0,2,9,0,0,24,0,0,0,15,15,12,0,0,7,8,0,12,0,20,0,14,21,0,6,0,9,3,0,0,25,0,0,0,0,20,0,0,5,16,6,0,12,0,12,17,7,9,22,0,0,0,0,8,11,0,15,0,11,0,0,19,11,13,8,0,16,0,0,0,0,0,0,0,0,10,0,0,23,0,13,8,15,0,8,10,0,20,3,11,0,0,0,0,13,19,0,0,0,0,0,0,1,12,9,0,8,0,0,19,4,10,17,16,0
"cell88",26,26,24,26,25,27,25,13,32,31,15,13,11,24,22,30,31,30,15,21,19,34,0,22,18,10,14,24,15,0,0,0,0,27,32,0,0,34,12,32,3,8,2,4,6,0,1,0,0,0,0,0,0,0,0,0,0,0,0,0,0,0,0,0,0,0,0,0,0,0,0,0,19,17,0,0,22,19,25,0,0,22,0,0,0,2,22,25,23,7,0,0,14,0,31,0,0,9,28,0,27,39,24,0,16,20,28,18,0,0,0,0,0,24,20,24,25,5,16,30,18,0,27,34,44,0,17,24,23,18,0,11,15,0,0,26,0,0,0,1,27,31,0,24,0,0,26,4,0,26,31,12,33,14,0,0,0,0,21,0,13,0,11,21,45,35,0,27,0,0,0,22,0,0,0,0,9,0,19,33,2,18,0,23,0,19,11,19,0,20,16,0,29,3,14,0,0,0,0,0,0,0,0,0,0,0,0,0,29,0,0,25,8,0,28,0,16,3,0,0
"cell89",25,14,21,25,27,20,15,21,26,14,19,7,16,32,24,40,23,21,8,21,12,43,0,35,32,19,10,15,22,0,0,0,0,24,54,0,0,35,22,50,10,33,0,5,3,5,2,0,0,0,0,0,0,0,0,0,0,0,0,0,0,0,0,0,0,0,0,0,0,0,0,0,25,14,0,0,9,20,29,0,0,24,0,0,0,1,12,23,42,20,0,0,21,0,44,0,0,0,22,0,26,22,25,0,21,27,34,28,4,5,0,0,0,27,36,19,14,15,12,18,21,0,26,35,40,0,21,40,35,15,0,8,18,0,0,20,0,0,0,0,42,34,0,13,0,0,42,2,0,24,26,18,33,33,0,0,0,0,29,0,38,0,16,22,46,21,0,21,0,0,0,22,0,0,0,0,20,0,31,27,0,26,0,21,0,16,18,37,0,36,10,5,29,5,19,0,0,0,0,0,0,0,1,0,0,0,0,0,13,0,0,16,8,0,34,0,11,2,0,0
"cell90",31,22,16,22,23,22,19,23,20,19,16,11,15,39,15,26,26,14,21,26,14,32,0,46,29,21,42,18,15,0,0,0,0,22,49,0,0,23,18,41,3,7,4,0,0,0,0,0,0,0,0,0,0,0,0,0,0,0,0,0,0,0,0,0,0,0,0,0,0,0,0,0,34,14,0,0,23,17,12,0,0,16,0,0,0,2,25,28,27,19,0,0,23,0,21,0,0,15,16,1,28,23,26,0,29,25,19,27,0,0,5,0,0,25,13,20,19,4,1,26,10,0,19,39,47,0,12,46,38,43,0,8,11,0,0,28,0,0,0,0,40,7,0,16,0,0,26,1,0,30,35,11,33,14,0,0,0,0,36,0,32,0,27,22,33,29,0,18,0,0,0,16,0,0,0,0,10,0,16,39,18,27,0,20,0,20,34,40,0,40,17,0,34,2,33,0,0,0,0,0,0,0,0,0,0,0,0,1,27,0,0,26,5,0,41,0,20,8,2,0
"cell91",20,17,30,26,16,18,17,13,40,13,16,11,13,35,34,37,13,36,14,24,14,44,0,32,32,28,27,17,17,0,0,0,0,35,50,0,0,30,23,50,9,11,0,5,9,10,2,0,0,0,0,0,0,0,0,0,0,0,0,0,0,0,0,0,0,0,0,0,0,0,0,0,27,15,0,0,20,20,25,0,0,26,0,0,0,1,21,25,47,18,0,0,25,0,21,0,0,0,27,0,22,24,28,0,16,23,29,20,1,0,0,0,0,28,33,23,18,11,16,11,22,0,18,27,43,0,15,25,38,22,0,11,19,0,0,25,0,0,0,0,34,48,0,17,0,0,29,0,0,23,35,9,26,26,0,0,0,2,34,0,38,0,25,26,33,19,0,17,0,0,0,35,0,0,0,0,17,0,20,34,0,22,0,23,0,21,29,21,0,44,25,4,41,1,13,0,0,0,0,0,0,0,0,0,0,0,0,0,22,0,0,26,9,0,47,0,28,5,0,0
"cell92",42,40,24,25,19,23,13,16,38,20,24,15,15,45,40,32,18,24,30,28,34,56,0,44,28,31,31,17,39,0,0,0,0,27,51,0,0,48,21,42,16,20,0,26,22,0,0,14,8,17,12,14,0,7,21,0,1,3,1,2,0,0,0,3,5,0,0,0,0,0,0,0,28,17,0,0,23,19,45,0,0,35,25,0,2,2,27,45,31,18,2,0,22,0,25,0,0,0,28,0,12,25,40,1,34,8,35,27,36,10,1,0,0,30,31,25,0,19,11,22,19,0,16,47,32,0,6,35,41,33,0,9,8,20,6,4,11,22,24,28,19,50,2,8,0,0,32,8,0,25,53,18,20,35,26,5,25,12,26,0,39,0,24,26,34,18,0,26,2,0,0,36,3,1,3,4,17,0,34,55,0,45,0,22,0,32,22,12,0,42,18,3,37,4,11,0,9,0,5,0,0,0,0,1,3,43,7,0,26,0,0,20,10,0,43,0,8,4,0,0
"cell93",13,26,14,14,16,21,13,9,20,14,8,13,6,15,11,34,10,16,9,18,8,19,2,4,1,0,0,0,0,21,17,7,14,0,0,25,19,0,0,0,0,0,13,0,0,0,0,0,0,0,0,0,0,0,0,0,0,0,0,0,0,0,0,0,0,0,0,0,0,0,0,0,21,16,0,0,20,14,14,0,14,22,0,0,0,26,0,25,24,0,0,0,18,0,25,1,0,10,12,0,0,29,0,0,0,0,2,15,0,0,27,0,0,0,16,17,15,0,0,15,11,3,14,0,19,0,12,21,0,22,0,5,16,0,0,14,0,0,0,0,45,0,0,12,9,23,0,14,0,28,13,4,18,17,0,0,0,0,14,22,0,3,0,33,0,0,13,16,16,8,0,18,0,0,0,0,0,0,0,0,7,2,0,14,0,18,14,22,1,15,14,0,24,6,24,0,0,0,0,13,13,0,0,0,0,0,0,0,16,11,0,15,0,0,31,8,23,9,10,0
"cell94",20,25,14,24,5,23,14,21,43,11,14,14,15,26,14,32,3,10,8,26,16,35,0,40,28,13,21,17,12,0,1,0,1,3,8,20,18,0,0,0,0,0,7,0,0,0,0,0,0,0,0,0,0,0,0,0,0,0,0,0,0,0,0,0,0,0,0,0,0,0,0,0,27,13,0,0,24,7,27,0,29,19,0,0,0,3,13,32,31,17,0,0,27,0,26,0,0,11,18,0,28,25,0,0,1,0,15,24,0,0,23,0,0,22,19,11,13,0,0,33,21,0,31,32,20,0,40,38,0,17,0,17,14,0,0,17,0,0,0,0,30,0,0,19,13,12,26,0,0,14,26,8,14,16,0,0,0,0,16,5,33,0,2,29,0,0,28,15,0,1,0,23,0,0,0,0,16,0,13,21,23,0,0,21,0,18,25,15,0,44,7,2,34,6,11,0,0,0,0,14,30,0,0,0,0,0,0,0,18,0,0,22,0,0,28,0,25,4,17,0
"cell95",12,28,9,17,15,13,12,5,34,11,15,7,8,15,12,41,12,20,11,22,6,28,1,0,3,0,0,0,0,15,24,19,22,0,0,13,19,0,0,0,0,0,19,0,0,0,0,0,0,0,0,0,0,0,0,0,0,0,0,0,0,0,0,0,0,0,0,0,0,0,0,0,26,15,0,0,22,7,19,0,25,24,0,0,0,27,0,26,26,0,0,0,17,0,26,0,0,16,14,0,2,16,0,0,0,0,0,15,0,0,15,0,0,0,11,7,19,0,0,11,19,0,7,0,26,0,20,25,0,32,0,17,11,0,0,20,0,0,0,0,29,0,0,18,32,20,0,20,0,18,18,5,15,10,0,0,0,0,16,40,0,1,0,16,0,0,35,20,20,28,0,18,0,0,0,0,0,0,0,0,10,2,0,24,0,20,28,29,1,25,13,1,46,6,18,0,0,0,0,24,17,0,0,0,0,0,0,0,24,18,0,17,0,0,26,2,18,16,19,0
"cell96",17,21,28,16,14,26,14,14,27,19,8,16,10,30,20,45,24,16,11,16,10,48,0,44,28,21,20,16,27,0,0,0,0,24,51,0,0,31,26,52,18,14,0,3,13,5,0,0,0,0,0,0,0,0,0,0,0,0,0,0,0,0,0,0,0,0,0,1,0,0,0,0,26,9,0,0,17,14,29,0,0,37,0,0,0,0,13,41,41,25,0,0,23,0,25,0,0,0,23,0,35,13,30,0,23,18,34,32,8,1,0,0,0,22,22,28,17,19,11,10,31,0,18,39,50,0,18,44,45,11,0,12,16,0,0,27,0,0,0,0,41,24,0,15,0,0,28,0,0,29,27,13,22,30,0,0,0,2,28,0,42,0,18,27,29,18,0,25,0,0,0,29,0,0,0,0,19,0,22,23,0,28,0,19,0,13,23,33,0,30,19,7,41,3,25,0,0,0,0,0,0,0,0,0,0,0,0,0,17,0,0,16,17,0,33,0,9,1,0,0
"cell97",24,14,12,24,14,18,8,18,22,17,8,18,16,24,18,24,8,19,13,24,14,21,3,0,2,0,0,0,0,7,17,13,13,0,0,31,23,0,0,0,0,0,24,0,0,0,0,0,0,0,0,0,0,0,0,0,0,0,0,0,0,0,0,0,0,0,0,0,0,0,0,0,21,11,0,0,15,7,8,0,25,29,0,0,0,31,0,28,21,7,0,0,16,0,20,0,0,10,18,0,1,30,0,0,0,0,0,20,0,0,18,0,0,0,25,19,19,0,0,12,24,0,26,0,24,0,34,29,0,10,0,10,15,0,0,13,0,0,0,0,31,0,0,12,17,27,0,10,0,11,19,12,26,22,0,0,0,0,20,22,0,0,0,17,0,0,14,23,27,11,0,16,0,0,0,0,0,0,0,0,7,3,0,25,0,13,16,19,0,29,11,2,25,0,16,0,0,0,0,17,30,0,0,0,0,0,0,0,20,21,0,15,0,0,43,13,11,13,23,0
"cell98",21,31,21,23,20,39,29,21,30,26,16,21,12,23,32,33,9,20,18,22,13,35,0,37,39,10,28,12,20,0,0,0,0,26,51,0,0,25,22,44,17,17,0,6,3,8,4,0,1,0,0,0,0,0,0,0,0,0,0,0,0,0,0,0,0,0,2,2,0,0,0,0,16,19,0,0,18,13,34,0,0,28,0,0,0,1,19,30,46,22,0,0,25,0,22,0,0,0,17,0,30,28,23,0,40,14,29,18,8,13,0,0,0,31,25,33,13,30,19,24,29,0,18,34,36,0,14,46,41,28,0,19,20,0,0,19,0,0,2,0,40,28,0,22,0,0,32,2,0,28,36,13,27,30,0,0,0,1,18,0,37,0,11,25,37,14,0,30,0,0,0,27,0,0,0,0,14,0,32,27,1,47,0,33,0,6,31,24,0,30,17,1,42,4,25,0,0,0,0,0,0,0,1,0,0,0,0,0,28,0,0,17,16,0,32,0,8,4,0,0
"cell99",27,26,17,23,13,13,19,9,31,20,29,16,14,25,19,23,9,13,26,17,16,26,0,5,17,2,2,0,0,12,20,24,14,0,0,28,36,0,0,0,0,0,10,0,0,0,0,0,0,0,0,0,0,0,0,0,0,0,0,0,0,0,0,0,0,0,0,0,0,0,0,0,29,19,0,0,31,23,24,0,26,14,0,0,0,19,0,35,33,0,0,0,25,0,13,0,0,12,25,0,10,24,0,0,0,0,0,21,0,0,17,0,0,0,18,19,18,0,0,18,20,0,8,0,55,0,47,36,0,27,0,11,12,0,0,10,0,0,0,0,33,0,0,31,18,21,0,2,0,17,25,9,28,12,0,0,0,0,21,33,0,0,0,26,0,0,61,17,13,16,0,14,0,0,0,0,0,0,0,0,9,0,0,28,0,28,10,26,0,23,25,1,47,1,13,0,0,0,0,27,22,0,0,0,0,0,0,1,16,18,0,12,0,0,39,13,16,17,15,0
"cell100",17,13,14,16,14,17,14,9,27,16,8,14,8,22,7,29,9,12,9,15,5,4,8,5,0,2,1,2,0,23,22,10,19,0,0,19,22,0,0,0,0,0,6,0,0,0,0,0,0,0,0,0,0,0,0,0,0,0,0,0,0,0,0,0,0,0,0,0,0,0,0,0,22,14,0,0,12,16,11,0,18,22,0,0,0,34,0,26,21,0,0,0,20,0,14,4,0,16,13,0,0,32,0,0,0,0,0,18,0,0,15,0,0,0,6,20,14,0,0,19,16,0,12,0,23,0,29,38,0,15,0,13,13,0,0,12,0,0,0,0,27,0,0,10,27,16,0,19,0,15,21,11,11,12,0,0,0,0,10,16,0,4,0,22,0,0,30,11,21,22,0,20,0,0,0,0,0,0,0,0,7,2,0,25,0,23,7,13,0,21,7,8,31,4,12,0,0,0,0,10,23,0,0,0,0,0,0,0,21,19,0,12,0,0,15,3,5,17,13,0
"cell101",14,15,15,30,20,24,21,15,27,27,9,4,27,43,24,32,21,23,19,40,18,27,0,32,25,14,17,14,18,0,0,0,0,10,16,10,8,0,0,0,0,0,20,0,0,0,0,0,0,0,0,0,0,0,0,0,0,0,0,0,0,0,0,0,0,0,0,0,0,0,0,0,24,21,0,0,24,22,22,0,16,28,0,0,0,0,19,34,22,23,0,0,20,0,39,0,0,17,12,0,18,24,0,5,4,6,21,31,0,0,23,0,0,32,17,12,13,0,0,20,13,0,19,18,43,0,28,22,0,15,0,11,19,0,0,21,0,0,0,0,34,0,0,16,0,5,21,2,0,22,31,9,29,17,0,0,0,0,15,0,36,0,6,28,0,0,52,18,0,0,3,19,0,0,0,0,20,0,20,32,17,0,0,24,0,27,12,17,0,17,22,3,36,1,17,0,0,0,0,20,28,0,0,0,0,0,0,0,12,0,0,17,0,0,36,0,22,4,14,0
"cell102",25,29,11,22,16,20,8,13,29,8,7,15,17,12,13,19,9,25,8,23,12,17,2,1,4,0,0,0,0,9,22,12,23,0,0,23,22,0,0,0,0,0,12,0,0,0,0,0,0,0,0,0,0,0,0,0,0,0,0,0,0,0,0,0,0,0,0,0,0,0,0,0,24,14,0,0,12,15,18,0,28,14,0,0,0,32,0,25,24,0,0,0,26,0,26,0,0,17,14,0,2,27,0,0,0,0,0,14,0,0,20,0,0,0,6,7,17,0,0,16,10,0,8,0,19,0,15,33,0,16,0,11,16,0,0,17,0,0,0,0,28,0,0,10,20,32,0,16,0,24,22,4,9,13,0,0,0,0,18,25,0,2,0,21,0,0,29,8,8,10,0,18,0,0,0,0,0,0,0,0,12,2,0,21,0,25,14,20,2,18,20,2,27,2,22,0,0,0,0,19,19,0,0,0,0,0,0,0,23,26,0,10,0,0,27,7,9,10,11,0
"cell103",21,6,24,31,15,21,17,16,26,22,14,14,14,25,18,26,22,10,24,27,14,31,0,25,27,15,27,3,24,0,0,0,1,6,22,12,16,0,0,0,0,0,19,0,0,0,0,0,0,0,0,0,0,0,0,0,0,0,0,0,0,0,0,0,0,0,0,0,0,0,0,0,15,22,0,0,25,16,34,0,25,18,0,0,0,5,26,20,22,15,0,0,18,0,29,0,0,19,24,0,11,22,0,0,0,0,15,15,0,0,22,0,0,29,7,25,12,0,0,15,6,0,15,24,58,0,19,33,0,15,0,17,16,0,0,25,0,0,0,0,22,0,0,14,1,6,24,4,0,28,28,16,23,16,0,0,0,0,21,2,17,0,5,24,0,0,24,36,0,0,2,14,0,0,0,0,14,0,20,30,21,0,0,37,0,24,10,22,0,24,17,1,43,6,18,0,0,0,0,22,19,0,0,0,0,0,0,0,15,0,0,16,0,0,19,0,23,10,16,0
"cell104",26,8,11,16,6,14,16,9,25,11,10,13,8,26,12,30,8,14,9,24,6,10,7,1,1,0,0,0,0,22,25,11,17,0,0,12,16,0,0,0,0,0,11,0,0,0,0,0,0,0,0,0,0,0,0,0,0,0,0,0,0,0,0,0,0,0,0,0,0,0,0,0,18,6,0,0,12,11,18,0,30,20,0,0,0,19,0,23,22,0,0,0,18,0,5,3,0,4,15,0,0,23,0,0,0,0,0,15,0,0,16,0,0,0,18,20,7,0,0,19,15,0,15,0,27,0,12,24,0,11,0,10,8,0,0,15,0,0,0,0,14,0,0,14,13,17,0,12,0,20,15,4,23,12,0,0,0,0,23,18,0,7,0,21,0,0,26,15,15,12,0,8,0,0,0,0,0,0,0,0,7,1,0,22,0,10,9,20,0,29,9,0,20,4,9,0,0,0,0,12,18,0,0,0,0,0,0,0,22,17,0,12,0,0,25,6,13,14,10,0
"cell105",11,7,14,15,3,18,11,10,11,8,14,7,15,5,8,14,6,8,0,0,0,0,12,0,1,0,0,0,0,12,20,14,8,0,0,7,16,0,0,0,0,0,10,0,0,0,0,0,0,0,0,0,0,0,0,0,0,0,0,0,0,0,0,0,0,0,0,0,0,0,0,0,14,14,0,0,8,8,14,0,18,5,0,0,0,11,0,22,20,0,0,0,15,0,0,13,0,9,0,0,1,7,0,0,0,0,0,7,0,0,19,0,0,0,10,10,10,0,0,16,6,0,9,0,23,1,23,31,0,13,0,8,2,0,0,19,0,0,0,0,18,0,0,7,15,15,0,19,0,9,18,8,9,16,0,0,0,0,11,7,0,17,0,14,0,0,22,10,9,6,0,13,0,0,0,0,0,0,0,0,4,0,0,15,0,8,12,6,3,22,8,0,26,0,14,0,0,0,0,14,20,0,0,0,0,0,0,0,10,12,0,7,0,0,17,9,16,15,11,0
"cell106",24,17,22,29,24,23,20,18,33,24,11,17,15,13,18,32,11,17,17,24,21,24,0,36,24,9,17,19,9,0,0,0,0,24,35,0,0,23,11,29,7,5,3,0,1,0,1,0,0,0,0,0,0,0,0,0,0,0,0,0,0,0,0,0,0,0,0,0,0,0,0,0,25,18,0,0,20,13,18,0,0,31,0,0,0,1,24,27,39,16,0,0,24,0,21,0,0,9,24,1,36,36,21,0,20,12,23,13,0,0,0,0,0,32,11,18,28,0,3,18,29,0,21,28,51,0,14,42,19,19,0,9,8,0,0,23,0,0,0,0,43,22,0,19,0,0,17,8,0,16,40,10,28,13,0,0,0,0,16,0,20,0,13,19,25,22,0,20,0,0,0,19,0,0,0,0,11,0,25,36,11,23,0,25,0,20,18,20,0,44,6,0,27,6,12,0,0,0,0,0,0,0,0,0,0,0,0,0,30,0,0,27,9,0,31,0,19,8,0,0
"cell107",35,19,11,22,27,13,16,16,23,18,13,7,15,36,13,23,8,20,16,26,21,22,0,17,11,4,0,0,1,20,35,13,21,0,0,8,23,0,0,0,0,0,25,0,0,0,0,0,0,0,0,0,0,0,0,0,0,0,0,0,0,0,0,0,0,0,0,0,0,0,0,0,27,11,0,0,35,20,19,0,36,37,0,0,0,11,0,26,25,1,0,0,18,0,33,0,0,11,15,0,6,39,0,0,0,0,0,35,0,0,16,0,0,3,22,23,16,0,0,23,28,0,12,0,31,0,35,54,0,21,0,11,19,0,0,19,0,0,0,0,33,0,0,32,16,20,3,1,0,23,27,9,32,16,0,0,0,0,33,32,0,0,0,28,0,0,38,24,14,19,0,15,0,0,0,0,0,0,0,0,3,0,0,26,0,25,18,17,0,28,16,1,29,1,10,0,0,0,0,12,28,0,0,0,0,0,0,1,18,14,0,16,0,0,31,10,18,21,13,0
"cell108",29,24,14,38,16,32,27,10,35,21,16,13,11,41,30,41,22,15,12,35,22,48,0,48,27,18,25,14,6,0,0,0,0,24,38,0,0,45,14,33,9,23,0,22,24,0,0,11,15,9,8,20,2,4,2,0,0,0,0,0,0,0,0,0,0,0,2,0,0,0,0,1,20,23,0,0,11,12,20,0,0,35,0,0,0,0,15,45,58,14,0,0,23,0,47,0,0,1,22,0,26,26,29,0,35,15,26,29,4,0,0,0,0,37,6,19,0,11,25,23,14,0,19,45,35,0,15,49,38,27,0,14,2,17,15,0,3,25,22,25,16,39,0,15,0,0,33,0,0,24,29,14,16,18,9,0,10,0,19,0,24,0,25,25,26,19,2,12,0,0,0,22,0,2,0,0,11,0,14,19,0,29,2,29,0,25,29,32,2,24,15,0,37,7,16,0,0,0,0,0,0,0,5,2,0,19,0,0,19,0,0,17,5,0,43,0,25,4,0,0
"cell109",17,22,25,29,8,44,17,24,28,19,26,25,18,26,12,27,23,19,20,42,34,40,0,25,43,26,24,21,17,0,0,0,0,22,50,0,0,40,23,56,14,9,0,21,18,0,1,16,5,6,3,7,0,0,0,0,0,0,0,0,0,0,0,0,0,0,1,1,0,0,0,0,44,22,0,0,12,16,21,0,0,26,0,0,0,0,11,49,51,21,0,0,25,0,35,0,0,0,28,0,37,40,29,0,26,18,27,32,2,9,0,0,0,31,17,23,2,33,22,30,25,0,38,41,28,0,19,46,31,32,0,19,12,0,5,1,7,21,21,38,14,36,0,16,0,0,41,3,0,29,23,8,14,29,9,0,8,0,30,0,29,0,26,16,39,18,2,16,0,0,0,27,0,0,2,0,26,0,27,37,1,39,0,30,0,24,19,25,0,36,16,2,58,5,15,0,0,0,0,0,0,1,12,9,0,1,0,0,16,0,0,10,9,0,34,0,16,4,0,0
"cell110",22,18,14,21,15,18,12,14,25,10,12,15,20,30,26,33,17,29,7,27,10,16,2,0,0,1,2,0,1,20,16,14,15,0,0,10,29,0,0,0,0,0,15,0,0,0,0,0,0,0,0,0,0,0,0,0,0,0,0,0,0,0,0,0,0,0,0,0,0,0,0,0,25,9,0,0,7,4,23,0,29,23,0,0,0,28,0,21,24,4,0,0,19,0,29,0,0,14,11,0,0,24,0,0,1,0,0,17,0,0,29,0,0,0,14,24,16,0,0,10,31,0,12,0,38,0,27,20,0,21,0,26,19,0,0,15,0,0,0,0,15,0,0,12,21,32,0,25,0,28,15,7,20,18,0,0,0,0,20,15,0,0,0,19,0,0,28,11,8,17,0,17,0,0,0,0,0,0,0,0,12,2,0,19,0,22,13,18,0,23,16,0,37,0,17,0,0,0,0,8,21,0,0,0,0,0,0,0,17,16,0,11,0,0,25,13,14,14,9,0
"cell111",28,23,25,23,10,20,12,19,25,23,11,18,26,37,30,21,10,16,9,31,27,31,0,40,41,11,25,16,16,0,1,0,0,2,21,24,21,0,0,0,0,0,13,0,0,0,0,0,0,0,0,0,0,0,0,0,0,0,0,0,0,0,0,0,0,0,0,0,0,0,0,0,30,21,0,0,25,15,21,0,23,22,0,0,0,0,15,39,38,14,0,0,18,0,12,0,0,12,18,0,16,16,0,0,3,9,24,29,0,0,27,0,0,19,32,8,10,0,0,27,20,0,17,25,36,0,27,43,0,20,0,12,5,0,0,14,0,0,0,0,40,0,0,23,2,15,21,0,0,22,17,11,19,11,0,0,0,0,23,1,31,0,3,18,0,0,39,24,0,0,0,21,0,0,0,0,27,0,13,19,23,1,0,19,0,12,20,27,0,35,9,1,28,2,21,0,0,0,0,24,29,0,0,0,0,0,0,0,15,0,0,21,0,0,28,0,12,11,12,0
"cell112",33,15,30,16,9,25,12,8,35,11,9,9,14,17,13,26,12,24,13,20,12,24,0,26,17,6,9,6,3,11,22,11,28,0,0,6,37,0,0,0,0,0,14,0,0,0,0,0,0,0,0,0,0,0,0,0,0,0,0,0,0,0,0,0,0,0,0,0,0,0,0,0,12,21,0,0,18,10,17,0,24,20,0,0,0,26,0,27,31,0,0,0,13,0,17,0,0,12,16,0,19,21,0,0,0,0,0,29,0,0,25,0,0,16,19,30,15,0,0,21,21,0,10,0,46,0,34,34,0,20,0,11,8,0,0,16,0,0,0,0,34,0,0,13,26,19,11,6,0,20,36,5,20,35,0,0,0,0,31,32,0,0,0,15,0,0,25,13,17,11,1,15,0,0,0,0,6,0,0,0,22,4,0,22,0,12,14,17,0,17,10,0,18,2,12,0,0,0,0,15,25,0,0,0,0,0,0,0,29,4,0,20,0,0,32,11,19,18,13,0
"cell113",41,25,12,34,23,21,18,10,25,16,17,18,23,34,16,19,9,11,11,21,17,27,0,28,23,13,29,16,10,0,1,1,1,0,12,27,31,0,0,0,0,0,16,0,0,0,0,0,0,0,0,0,0,0,0,0,0,0,0,0,0,0,0,0,0,0,0,0,0,0,0,0,30,23,0,0,27,19,24,0,17,21,0,0,0,1,15,24,25,18,0,0,20,0,18,0,0,18,14,1,20,27,0,0,0,0,1,8,0,0,15,0,0,17,20,10,22,0,0,19,15,0,12,24,47,0,31,44,0,21,0,14,12,0,0,11,0,0,0,0,33,0,0,25,26,16,20,2,0,28,25,14,31,17,0,0,0,0,12,13,21,0,0,30,0,0,36,12,2,0,0,20,0,0,0,0,13,0,7,18,24,0,0,23,0,23,16,30,0,16,11,0,38,3,10,0,0,0,0,17,22,0,0,0,0,0,0,0,35,1,0,23,0,0,41,0,32,6,21,0
"cell114",12,23,35,26,11,27,19,16,34,6,15,8,21,40,22,35,18,27,15,24,18,50,0,19,34,21,15,17,20,0,0,0,0,49,50,0,0,39,25,48,12,16,1,0,3,2,0,0,0,0,0,0,0,0,0,0,0,0,0,0,0,0,0,0,0,0,0,0,0,0,0,0,28,17,0,0,15,19,25,0,0,16,0,0,0,2,10,26,37,20,0,0,22,0,22,0,0,0,36,0,29,26,49,0,29,13,25,15,0,0,0,0,0,31,23,33,14,7,18,20,9,0,16,18,35,0,22,32,34,28,0,13,15,0,0,20,0,0,0,0,39,37,0,27,0,0,24,3,0,29,36,2,11,24,0,0,0,3,23,0,24,0,9,32,24,23,0,34,2,0,0,31,0,0,0,0,13,0,13,38,1,40,0,27,0,26,35,24,0,39,10,4,38,6,16,0,0,0,0,0,0,0,0,0,0,0,0,0,14,0,0,11,9,0,42,0,8,3,0,0
"cell115",23,10,13,40,20,32,14,10,45,9,7,15,14,23,23,42,17,21,14,27,11,19,0,30,33,25,16,4,15,0,0,0,0,16,28,3,4,0,0,0,0,0,14,0,0,0,0,0,0,0,0,0,0,0,0,0,0,0,0,0,0,0,0,0,0,0,0,0,0,0,0,0,29,13,0,0,12,15,23,0,8,33,0,0,0,2,11,46,26,12,0,0,11,0,24,0,0,9,28,0,20,38,4,0,24,12,20,5,0,0,23,0,0,35,16,27,8,0,0,30,23,0,22,23,29,0,24,44,0,22,0,7,12,0,0,23,0,0,0,0,34,0,0,24,0,0,30,1,0,32,19,7,16,25,0,0,0,0,23,0,32,0,13,19,0,0,35,40,0,0,0,27,0,0,0,0,11,0,18,34,20,3,0,18,0,14,13,20,0,36,14,6,28,5,18,0,0,0,0,16,29,0,0,0,0,0,0,0,25,0,0,16,0,0,24,0,18,1,15,0
"cell116",27,32,23,22,23,31,19,15,33,28,16,11,11,25,17,21,29,22,8,26,20,40,0,18,18,12,21,21,13,0,0,0,0,27,38,0,0,29,21,29,5,7,0,3,4,0,2,0,0,0,0,0,0,0,0,0,0,0,0,0,0,0,0,0,0,0,0,0,0,0,0,0,39,14,0,0,17,14,20,0,0,17,0,0,0,0,25,22,34,23,0,0,25,0,17,0,0,6,43,0,22,27,28,0,18,19,20,22,0,0,0,0,0,18,34,27,27,5,15,27,23,0,20,36,42,0,10,32,32,16,0,16,20,0,0,16,0,0,0,1,36,28,0,13,0,0,16,7,0,14,42,9,35,17,0,0,0,0,19,0,22,0,9,21,38,28,0,18,0,0,0,20,0,0,0,0,23,0,23,19,0,27,0,21,0,16,17,21,0,28,13,0,25,3,16,0,0,0,0,0,0,0,0,0,0,0,0,0,27,0,0,16,9,0,25,0,24,4,0,0
"cell117",37,17,31,43,24,36,25,18,37,23,24,14,7,29,29,46,14,34,12,20,17,34,0,47,34,13,22,20,29,0,0,0,0,36,41,0,0,32,22,63,11,19,0,3,8,5,1,0,2,0,0,0,0,0,0,0,0,0,0,0,0,0,0,0,0,0,0,0,0,0,0,0,35,23,0,0,9,13,24,0,0,36,0,0,0,0,17,35,46,19,0,0,27,0,30,0,0,0,30,0,28,26,25,0,31,22,32,17,10,7,0,0,0,31,27,30,12,27,25,17,43,0,18,32,40,0,22,46,45,24,0,18,16,0,0,20,0,0,2,0,36,34,0,15,0,0,40,3,0,33,25,24,22,23,0,0,0,0,23,0,34,0,16,35,38,10,0,23,0,0,0,23,0,0,0,0,25,0,21,30,2,36,0,28,0,12,27,16,0,22,16,5,39,1,29,0,0,0,0,0,0,0,6,0,0,0,0,0,25,0,0,15,16,0,43,0,15,0,0,0
"cell118",27,7,20,20,13,12,11,14,20,14,12,3,7,16,24,30,11,20,10,24,16,27,1,2,3,0,0,0,0,21,24,22,18,0,0,14,28,0,0,0,0,0,15,0,0,0,0,0,0,0,0,0,0,0,0,0,0,0,0,0,0,0,0,0,0,0,0,0,0,0,0,0,25,12,0,0,13,14,15,0,31,28,0,0,0,24,0,29,5,0,0,0,14,0,22,0,0,14,17,0,0,22,0,0,0,0,0,14,0,0,28,0,0,0,16,23,19,0,0,12,15,0,17,0,23,0,30,26,0,15,0,13,15,0,0,22,0,0,0,0,27,0,0,13,18,7,0,13,0,21,20,5,11,15,0,0,0,0,16,30,0,1,0,30,0,0,25,13,18,11,0,18,0,0,0,0,0,0,0,0,8,2,0,17,0,11,9,18,2,28,8,1,32,2,16,0,0,0,0,28,14,0,0,0,0,0,0,0,14,19,0,17,0,0,27,9,16,36,17,0
"cell119",27,28,23,21,27,38,27,12,27,20,10,14,21,25,24,47,23,28,21,21,30,26,0,24,31,17,24,10,11,0,0,0,0,24,34,0,0,35,21,21,12,9,0,7,3,0,13,0,0,0,0,0,0,0,0,0,0,0,0,0,0,0,0,0,0,0,0,1,0,0,0,0,33,18,0,0,19,22,23,0,0,34,0,0,0,2,33,30,33,8,0,0,15,0,24,0,0,1,44,3,17,41,19,0,20,15,15,16,0,0,0,0,0,29,18,14,14,18,13,28,26,0,13,28,43,0,15,39,29,15,0,14,10,0,0,16,0,0,2,3,39,22,0,30,0,0,36,2,0,18,27,11,27,25,0,0,0,0,25,0,25,0,8,26,31,25,0,16,0,0,0,32,0,0,0,0,8,0,24,29,3,33,0,18,0,20,12,27,0,25,18,0,35,4,26,0,0,0,0,0,0,0,4,1,0,0,0,0,23,0,0,21,8,0,28,0,25,4,0,0
"cell120",16,19,17,17,12,21,14,17,29,10,18,9,11,10,8,18,10,10,0,0,0,0,11,0,0,0,0,0,0,4,26,18,15,0,0,11,19,0,0,0,0,0,10,0,0,0,0,0,0,0,0,0,0,0,0,0,0,0,0,0,0,0,0,0,0,0,0,0,0,0,0,0,23,22,0,0,12,6,11,0,25,2,0,0,0,24,0,21,21,0,0,0,15,0,0,8,0,6,0,0,1,12,0,0,0,0,0,12,0,0,17,0,0,0,15,14,12,0,0,11,12,0,6,0,16,1,21,38,0,14,0,9,3,0,0,11,0,0,0,0,30,0,0,9,18,26,0,7,0,4,12,8,12,15,0,0,0,0,17,12,0,22,0,8,0,0,36,10,22,5,0,16,0,0,0,0,0,0,0,0,7,0,0,16,0,8,11,22,1,21,8,1,22,2,8,0,0,0,0,15,17,0,0,0,0,0,0,2,13,10,0,16,0,0,22,13,13,22,11,0
"cell121",19,25,13,21,13,13,19,12,24,11,18,7,11,15,13,48,13,13,7,19,14,16,1,1,1,0,0,0,0,15,19,21,22,0,0,17,16,0,0,0,0,0,12,0,0,0,0,0,0,0,0,0,0,0,0,0,0,0,0,0,0,0,0,0,0,0,0,0,0,0,0,0,18,12,0,0,15,9,19,0,12,25,0,0,0,26,0,20,21,0,0,0,11,0,15,0,0,8,13,0,3,26,0,0,0,0,1,14,0,0,22,0,0,0,6,11,11,0,0,17,24,0,10,0,17,0,10,36,0,23,0,10,4,0,0,14,0,0,0,0,37,0,0,8,18,20,0,15,0,18,18,5,21,9,0,0,0,0,19,17,0,4,0,20,0,0,21,20,13,13,0,22,0,0,0,0,0,0,0,0,10,5,0,25,0,28,21,20,1,21,9,0,17,2,20,0,0,0,0,10,24,0,0,0,0,0,0,0,21,11,0,17,0,0,32,6,21,16,11,0
"cell122",28,25,18,32,13,29,21,13,35,13,9,31,21,36,15,34,20,25,21,22,26,41,0,36,26,17,24,14,21,0,0,0,0,31,44,0,0,32,17,31,17,19,0,13,15,0,0,14,6,12,15,15,3,4,10,0,1,0,2,0,0,0,0,1,5,0,2,2,8,10,2,1,7,4,0,0,18,6,24,0,0,42,29,0,5,1,32,29,31,18,0,0,27,0,27,0,0,0,24,0,28,44,34,0,24,18,33,20,36,14,0,0,0,37,23,29,0,23,21,24,12,2,15,35,13,1,1,34,32,41,0,19,12,4,4,0,4,33,18,24,16,44,25,8,19,0,27,1,1,28,30,17,30,25,23,1,51,6,28,0,31,0,17,43,57,21,0,27,0,0,0,31,0,3,1,8,19,0,13,23,0,35,36,21,1,23,30,27,0,53,16,0,44,7,11,0,3,0,0,0,0,2,6,12,8,27,14,0,21,0,0,19,30,0,24,0,26,4,0,10
"cell123",31,16,25,18,13,31,31,21,29,15,16,21,29,30,33,45,25,23,8,35,22,41,0,37,44,25,26,20,18,0,0,0,0,26,37,0,0,30,19,31,10,12,0,8,3,6,9,0,0,0,0,0,0,0,0,0,0,0,0,0,0,0,0,0,0,0,4,1,0,0,2,0,14,23,0,0,16,11,30,0,0,25,0,0,0,0,19,19,36,20,0,0,25,0,26,0,0,1,24,0,28,39,29,0,33,28,21,11,0,5,0,0,0,32,10,33,14,23,14,22,27,0,15,35,43,0,18,47,24,26,0,18,12,0,0,8,0,5,2,7,31,17,0,22,0,0,37,2,0,26,37,10,27,22,0,0,0,0,22,0,47,0,15,27,40,24,0,28,0,0,0,24,0,0,0,0,20,0,20,30,3,42,0,33,0,15,18,13,0,35,14,0,25,8,27,0,0,0,0,0,0,0,4,13,0,0,0,0,29,0,0,17,11,0,35,0,19,7,0,0
"cell124",25,23,22,38,26,27,20,17,34,20,33,12,21,19,20,36,6,28,20,34,31,53,0,34,48,15,27,21,28,0,0,0,0,20,58,0,0,37,29,27,17,13,0,30,21,0,0,17,14,18,12,13,3,13,18,0,0,4,0,2,0,0,0,0,1,0,0,0,0,0,0,0,48,18,0,0,26,18,22,0,0,32,31,0,3,3,21,37,41,28,1,0,23,0,36,0,0,0,27,0,25,35,16,0,38,19,42,17,42,9,0,0,0,28,20,27,1,30,13,26,16,0,26,39,19,0,10,31,33,31,0,17,9,30,9,1,4,39,33,27,17,25,20,2,0,0,38,4,0,20,53,13,23,31,29,11,17,10,33,0,30,0,22,37,61,14,0,22,0,0,0,24,0,6,6,9,22,0,20,42,0,34,0,42,0,33,14,29,0,36,22,2,37,8,21,0,8,2,5,0,0,0,0,0,7,37,8,0,31,0,0,13,9,0,37,0,44,1,0,0
"cell125",20,15,8,12,10,18,17,11,27,18,12,20,2,18,12,11,12,12,6,16,1,3,6,2,0,0,0,0,0,8,29,11,21,0,0,21,18,0,0,0,0,0,12,0,0,0,0,0,0,0,0,0,0,0,0,0,0,0,0,0,0,0,0,0,0,0,0,0,0,0,0,0,13,12,0,0,20,12,13,0,27,13,0,0,0,19,0,20,18,0,0,0,10,0,9,12,0,9,17,0,0,20,0,0,0,0,0,9,0,0,13,0,0,0,11,11,19,0,0,21,17,0,18,0,39,0,16,43,0,11,0,9,9,0,0,11,0,0,0,0,17,0,0,15,15,25,0,12,0,17,24,9,13,16,0,0,0,0,12,8,0,17,0,20,0,0,13,18,12,10,0,10,0,0,0,0,0,0,0,0,5,1,1,26,0,7,8,13,0,19,7,0,26,1,13,0,0,0,0,9,15,0,0,0,0,0,0,1,19,15,0,8,0,0,33,8,7,12,13,0
"cell126",20,19,17,22,12,13,18,8,24,26,19,11,7,12,3,25,15,7,6,20,4,15,13,4,0,0,1,0,1,22,22,25,21,0,0,15,24,0,0,0,0,0,13,0,0,0,0,0,0,0,0,0,0,0,0,0,0,0,0,0,0,0,0,0,0,0,0,0,0,0,0,0,21,12,0,0,11,12,13,0,22,15,0,0,0,17,0,33,28,0,0,0,14,0,25,1,0,15,10,0,0,10,0,0,0,0,0,20,0,0,26,0,0,0,15,8,7,0,0,17,8,0,11,0,28,0,37,26,0,17,0,9,15,0,0,9,0,0,0,0,26,0,0,14,16,21,0,12,0,13,13,11,17,18,0,0,0,0,21,24,0,2,0,12,0,0,31,16,22,14,0,23,0,0,0,0,0,0,0,0,13,0,0,20,0,19,9,15,0,23,8,4,29,2,17,0,0,0,0,13,16,0,0,0,0,0,0,0,12,24,0,17,0,0,22,11,12,19,18,0
"cell127",29,32,25,22,12,27,24,9,34,16,9,10,13,26,14,17,12,25,10,30,15,30,0,24,7,4,5,2,0,20,20,15,29,0,0,21,24,0,0,0,0,0,19,0,0,0,0,0,0,0,0,0,0,0,0,0,0,0,0,0,0,0,0,0,0,0,0,0,0,0,0,0,29,26,0,0,29,28,14,0,11,22,0,0,0,46,0,18,21,0,0,0,14,0,33,0,0,9,25,0,13,25,0,0,0,0,0,20,0,0,14,0,0,8,16,11,10,0,0,20,10,0,9,0,39,0,31,40,0,22,0,6,14,0,0,25,0,0,0,0,24,0,0,14,28,33,0,0,0,29,35,7,30,14,0,0,0,0,20,32,0,0,1,25,0,0,27,14,22,24,0,10,0,0,0,0,2,0,0,0,13,2,0,14,0,27,25,28,0,28,16,1,24,6,16,0,0,0,0,24,30,0,0,0,0,0,0,0,17,4,0,27,0,0,43,13,15,16,29,0
"cell128",35,28,18,45,18,18,16,16,36,22,20,16,22,27,40,32,22,20,16,32,27,38,0,60,29,29,35,17,29,0,0,0,0,24,43,0,0,41,22,28,16,16,0,21,24,0,0,10,9,8,15,14,0,8,9,0,0,2,0,4,1,1,0,2,3,1,0,0,0,0,0,0,41,10,0,0,25,22,16,0,0,35,14,0,7,0,22,27,42,19,1,0,21,0,21,0,0,0,23,0,16,38,31,2,32,17,39,34,30,19,2,0,0,46,24,33,2,19,18,27,15,0,29,31,32,0,18,34,34,18,0,17,5,17,15,1,12,20,26,39,16,37,0,10,0,0,24,0,0,21,37,14,32,20,21,1,29,2,30,0,35,0,10,26,48,28,0,24,1,0,0,29,0,1,0,3,22,0,26,49,0,44,0,27,0,27,27,23,0,27,20,4,32,4,27,0,9,0,1,0,0,0,0,3,3,33,0,0,24,0,0,29,10,0,32,0,21,0,0,0
"cell129",25,27,20,27,26,26,22,15,25,12,19,18,18,30,23,44,16,25,14,17,24,40,0,27,31,29,25,16,23,0,0,0,0,32,44,0,0,42,10,65,16,25,0,3,10,3,1,0,0,0,0,0,0,0,0,0,0,0,0,0,0,0,0,0,0,0,0,1,0,0,0,0,19,10,0,0,9,9,34,0,0,34,0,0,0,0,13,27,49,18,0,0,25,0,26,0,0,0,28,0,35,32,39,0,17,30,23,25,5,2,0,0,0,26,31,17,17,16,13,19,26,0,17,35,50,0,13,32,42,22,0,16,17,0,0,24,0,0,0,0,40,32,0,13,0,0,27,3,0,26,30,10,41,25,0,0,0,2,25,0,32,0,12,23,25,30,0,22,0,0,0,31,0,0,0,0,20,0,22,31,0,20,0,16,0,16,24,26,0,28,15,2,35,3,33,0,0,0,0,0,0,0,1,0,0,0,0,0,17,0,0,15,17,0,35,0,14,1,0,0
"cell130",26,26,24,27,21,19,34,20,35,24,17,20,19,28,18,40,10,21,10,20,23,41,0,36,28,17,29,12,24,0,0,0,0,25,57,0,0,20,23,36,8,20,0,3,8,2,5,0,1,0,0,0,0,0,0,0,1,0,0,0,0,0,0,0,0,0,3,1,0,0,0,0,32,13,0,0,12,21,21,0,0,37,0,0,0,1,11,21,40,18,0,0,26,0,26,0,0,0,23,0,23,27,18,0,25,23,20,17,14,12,0,0,0,21,28,28,12,23,19,18,28,0,19,29,41,0,16,43,35,23,0,22,12,0,0,25,0,0,0,1,31,20,0,17,0,0,45,4,0,35,34,24,23,25,0,0,0,3,18,0,53,0,16,25,54,12,0,36,0,0,0,25,0,0,0,0,21,0,22,32,2,36,0,24,0,15,19,25,0,42,19,0,42,2,20,0,0,0,0,0,0,0,1,0,0,0,0,0,17,0,0,9,14,0,50,0,14,4,0,0
"cell131",14,13,13,9,9,24,18,10,6,6,7,6,1,7,6,13,11,9,1,5,0,0,7,0,0,0,0,0,0,3,22,13,10,0,0,23,11,0,0,0,0,0,7,0,0,0,0,0,0,0,0,0,0,0,0,0,0,0,0,0,0,0,0,0,0,0,0,0,0,0,0,0,13,13,0,0,14,10,10,0,19,20,0,0,0,15,0,19,11,0,0,0,8,1,0,7,0,4,1,0,0,25,0,0,0,0,0,10,0,0,15,0,0,0,11,5,15,0,0,10,6,0,11,0,25,0,17,21,0,14,0,9,9,0,0,13,0,0,0,0,3,0,0,7,13,15,0,10,0,5,15,7,15,15,0,0,0,0,11,7,0,15,0,7,0,0,14,6,22,10,0,14,0,0,0,0,0,0,0,0,8,0,0,8,0,10,23,14,0,9,6,0,17,1,5,0,0,0,0,10,9,0,0,0,0,0,0,0,13,6,0,9,0,0,26,5,5,6,11,0
"cell132",21,17,26,28,13,23,18,16,21,20,22,10,15,20,26,28,8,16,18,22,26,20,0,20,18,4,31,13,21,0,0,0,0,9,15,10,19,0,0,0,0,0,22,0,0,0,0,0,0,0,0,0,0,0,0,0,0,0,0,0,0,0,0,0,0,0,0,0,0,0,0,0,26,13,0,0,28,23,26,0,30,29,0,0,0,6,12,27,21,19,0,0,23,0,24,0,0,16,25,0,13,13,0,0,0,5,13,26,0,0,13,0,0,21,22,26,10,0,0,15,12,0,11,13,42,0,28,34,0,20,0,20,13,0,0,25,0,0,0,0,23,0,0,21,3,5,28,5,0,33,29,13,33,25,0,0,0,0,18,0,21,0,2,25,0,0,22,31,2,0,0,15,0,0,0,0,15,0,28,33,18,0,0,36,0,21,14,17,0,26,21,0,39,1,14,0,0,0,0,27,24,0,0,0,0,0,0,0,12,0,0,11,0,0,23,0,42,4,15,0
"cell133",30,29,25,34,25,35,33,10,50,27,30,32,24,57,17,61,17,32,25,48,43,22,0,53,36,26,36,26,29,0,0,0,0,51,34,0,0,56,29,50,8,15,0,67,56,0,0,22,24,48,9,8,5,12,45,3,0,0,0,0,0,0,0,0,0,0,0,0,0,0,0,0,62,28,0,0,25,27,38,0,0,36,41,0,9,0,21,52,36,24,0,0,28,0,30,0,0,2,46,0,44,32,31,0,31,31,41,41,39,0,3,0,0,38,32,24,11,34,44,35,19,0,23,42,0,0,0,69,52,30,1,18,0,55,28,0,19,28,42,40,0,34,34,0,0,0,32,1,0,37,33,7,39,31,28,13,27,9,47,0,34,0,34,40,38,36,0,27,0,0,0,43,57,40,20,31,7,0,35,38,0,41,0,46,0,23,32,29,0,46,23,3,54,1,24,0,0,0,0,0,0,0,0,0,22,59,59,0,38,0,0,25,19,7,8,0,0,4,0,0
"cell134",23,22,19,22,18,27,20,16,47,16,18,9,10,18,7,43,9,18,8,18,19,27,0,49,22,17,24,15,13,0,2,0,1,5,8,21,13,0,0,0,0,0,7,0,0,0,0,0,0,0,0,0,0,0,0,0,0,0,0,0,0,0,0,0,0,0,0,0,0,0,0,0,20,6,0,0,34,7,21,0,24,15,0,0,0,0,12,34,26,19,0,0,26,0,25,0,0,18,23,0,28,31,0,0,1,3,18,21,0,0,24,0,0,13,13,14,12,0,0,26,29,0,23,36,26,0,25,33,0,18,0,17,21,0,0,15,0,0,0,0,30,0,0,22,10,13,26,0,0,23,23,14,17,25,0,0,0,0,34,0,39,0,5,11,0,0,39,27,0,0,0,23,0,0,0,0,21,0,11,29,22,0,0,13,0,18,29,19,0,37,21,0,32,4,7,0,0,0,0,17,28,0,0,0,0,0,0,0,31,0,0,18,0,0,26,0,21,8,16,0
"cell135",23,29,31,22,25,27,28,8,39,13,16,30,22,33,10,35,15,17,17,38,12,24,0,37,33,17,38,22,14,0,0,0,0,35,50,0,0,26,29,32,14,30,0,20,11,5,6,5,3,2,0,0,0,0,0,0,0,0,0,0,0,0,0,0,0,0,1,0,0,0,0,0,27,24,0,0,17,23,15,0,3,27,0,0,0,0,13,46,51,17,0,0,27,0,22,0,0,1,25,0,27,22,26,0,41,25,32,23,2,2,0,0,0,39,12,27,0,17,22,29,15,0,12,16,38,0,15,33,38,22,0,8,18,0,0,4,0,9,21,9,26,35,0,26,0,0,24,3,0,31,28,9,26,28,0,0,0,0,43,0,19,1,28,20,42,30,0,33,0,0,0,18,0,0,0,0,12,0,24,20,1,24,0,30,0,24,12,23,1,30,16,7,50,8,17,0,0,0,0,0,0,0,4,3,0,0,0,2,14,0,0,23,11,0,32,0,18,0,1,0
"cell136",14,20,24,27,16,17,23,19,35,22,10,9,23,30,13,29,12,22,13,17,19,66,0,36,40,14,18,15,15,0,0,0,0,20,19,1,7,4,0,0,0,0,8,0,0,0,0,0,0,0,0,0,0,0,0,0,0,0,0,0,0,0,0,0,0,0,0,0,0,0,0,0,28,24,0,0,15,7,9,0,0,18,0,0,0,0,20,18,32,20,0,0,25,0,19,0,0,29,18,0,22,25,30,0,28,16,16,24,0,0,27,0,0,35,25,12,21,0,0,12,12,0,14,25,28,0,22,26,0,28,0,16,23,0,0,11,0,0,0,0,36,0,0,16,0,1,15,0,0,22,32,14,31,24,0,0,0,0,24,0,37,0,10,16,0,0,29,16,0,0,0,22,0,0,0,0,10,0,16,25,26,9,0,23,0,31,21,19,0,18,17,0,35,1,14,0,0,0,0,14,17,0,0,0,0,0,0,0,24,0,0,21,0,0,31,0,14,11,3,0
"cell137",20,27,16,36,15,25,17,13,28,21,9,7,28,33,21,27,18,14,20,26,19,42,0,34,23,7,18,11,27,0,0,0,0,10,19,8,14,0,0,0,0,0,26,0,0,0,0,0,0,0,0,0,0,0,0,0,0,0,0,0,0,0,0,0,0,0,0,0,0,0,0,0,19,15,0,0,20,11,19,0,13,32,0,0,0,0,18,24,22,15,0,0,7,0,28,0,0,17,24,0,18,27,0,0,4,5,23,21,0,0,27,0,0,25,18,28,25,0,0,21,16,0,13,21,33,0,27,25,0,13,0,11,13,0,0,23,0,0,0,0,36,0,0,15,0,3,16,4,0,20,19,13,26,17,0,0,0,0,26,0,18,0,10,28,0,0,41,29,0,0,0,16,0,0,0,0,16,0,17,31,22,0,0,21,0,22,25,28,0,19,29,3,46,3,18,0,0,0,0,27,25,0,0,0,0,0,0,0,12,0,0,17,0,0,29,0,24,2,17,0
"cell138",19,23,16,19,18,11,16,17,33,13,12,15,18,21,8,27,15,21,8,15,15,28,0,13,1,0,0,0,0,28,33,14,20,0,0,23,25,0,0,0,0,0,13,0,0,0,0,0,0,0,0,0,0,0,0,0,0,0,0,0,0,0,0,0,0,0,0,0,0,0,0,0,26,23,0,0,18,10,15,0,23,22,0,0,0,31,0,19,33,4,0,0,16,0,16,0,0,7,12,0,8,30,0,0,0,0,0,14,0,0,26,0,0,0,22,13,25,0,0,15,17,0,20,2,26,0,18,28,0,27,0,10,11,0,0,19,0,0,0,0,30,0,0,10,26,16,0,0,0,15,33,12,21,7,0,0,0,0,27,17,0,0,0,15,0,0,33,10,30,23,0,17,0,0,0,0,0,0,0,0,20,1,0,23,0,23,18,20,0,16,19,3,33,3,14,0,0,0,0,21,22,0,0,0,0,0,0,0,16,33,0,14,0,0,26,11,19,17,14,0
"cell139",28,27,23,35,22,15,16,15,36,21,19,17,10,44,22,43,19,22,13,15,20,36,0,34,33,14,15,16,29,0,0,0,0,33,44,0,0,29,23,49,21,19,0,5,14,9,0,0,0,0,0,0,0,0,0,0,0,0,0,0,0,0,0,0,0,0,0,0,0,0,0,0,26,12,0,0,10,14,28,0,0,25,0,0,0,0,17,37,33,16,0,0,29,0,24,0,0,0,23,0,27,16,27,0,24,15,34,24,7,6,0,0,0,27,18,26,14,13,17,21,26,0,23,42,37,0,14,37,39,14,0,13,15,0,0,28,0,0,0,0,38,20,0,21,0,0,25,3,0,16,32,16,33,26,0,0,0,2,39,0,43,0,12,26,33,23,0,26,0,0,0,24,0,0,0,0,18,0,24,32,0,35,0,23,0,17,25,37,0,32,16,2,32,3,15,0,0,0,0,0,0,0,0,0,0,0,0,0,16,0,0,13,18,0,45,0,14,2,0,0
"cell140",35,16,29,37,28,19,33,20,33,20,19,23,13,29,36,36,17,26,20,23,17,25,0,33,26,12,25,14,25,0,0,0,0,24,47,0,0,19,19,52,8,19,0,6,10,6,5,0,2,0,0,0,0,0,0,0,2,0,0,0,0,0,0,0,0,0,2,2,0,0,0,0,20,18,0,0,23,26,23,0,0,33,0,0,0,0,16,22,48,19,0,0,30,0,26,0,0,0,28,0,33,27,31,0,29,29,29,28,8,12,0,0,0,37,22,27,7,20,14,24,32,0,20,28,56,0,15,46,44,17,0,18,14,0,0,25,0,0,2,1,32,29,0,9,0,0,38,3,0,20,28,10,26,37,0,0,0,2,16,0,44,0,12,23,34,21,0,32,0,0,0,25,0,0,0,0,16,0,19,25,2,36,0,27,0,13,35,18,0,35,16,3,40,4,21,0,0,0,0,0,0,0,0,0,0,0,0,0,28,0,0,13,18,0,52,0,17,1,0,0
"cell141",21,10,12,9,9,13,15,12,19,16,10,8,7,17,9,24,8,9,5,12,9,2,11,0,0,0,0,0,0,17,21,14,10,0,0,16,15,0,0,0,0,0,12,0,0,0,0,0,0,0,0,0,0,0,0,0,0,0,0,0,0,0,0,0,0,0,0,0,0,0,0,0,8,5,0,0,12,10,12,0,27,12,0,0,0,19,0,15,24,0,0,0,12,0,10,3,0,8,19,0,0,20,0,0,0,0,0,10,0,0,22,0,0,0,12,17,7,0,0,18,10,0,18,0,28,0,13,19,0,10,0,12,11,0,0,10,0,0,0,0,14,0,0,16,17,17,0,10,0,22,9,4,22,14,0,0,0,0,20,10,0,9,0,24,0,0,19,10,11,4,0,9,0,0,0,0,0,0,0,0,5,1,0,21,0,7,13,12,0,22,7,0,17,1,14,0,0,0,0,14,19,0,0,0,0,0,0,0,14,22,0,13,0,0,21,3,14,19,18,0
"cell142",46,28,23,41,17,18,25,22,27,35,30,21,23,38,35,36,23,38,20,19,24,34,0,52,38,22,28,20,37,0,0,0,0,31,28,0,0,20,24,49,16,17,0,36,30,0,0,23,26,36,4,7,5,1,7,11,0,0,0,0,0,0,0,0,0,0,0,0,0,0,0,0,41,33,0,0,38,21,21,0,0,35,45,0,10,1,24,35,48,22,0,0,19,0,33,0,0,0,34,0,31,45,28,0,32,24,55,29,30,0,0,0,0,51,25,35,2,33,37,40,28,0,16,32,0,0,4,3,53,40,38,24,0,22,15,0,22,48,49,35,5,43,12,7,0,0,31,4,0,38,42,17,45,26,34,0,22,0,30,0,34,2,25,42,34,35,0,13,0,0,0,33,27,27,22,30,27,0,27,17,0,32,0,33,0,21,29,39,0,44,10,0,48,5,11,0,0,0,0,0,0,0,0,0,6,38,14,0,16,0,0,33,18,31,16,0,47,7,0,0
"cell143",25,24,30,30,12,19,20,17,24,13,9,14,7,20,17,22,7,19,12,15,11,25,0,33,18,3,16,4,7,18,22,16,10,0,0,11,22,0,0,0,0,0,18,0,0,0,0,0,0,0,0,0,0,0,0,0,0,0,0,0,0,0,0,0,0,0,0,0,0,0,0,0,17,26,0,0,22,16,18,0,23,27,0,0,0,13,0,25,18,8,0,0,22,0,16,0,0,22,17,0,18,18,0,0,0,0,0,15,0,0,19,0,0,15,24,16,20,0,0,14,17,0,23,0,45,0,40,39,0,19,0,9,12,0,0,11,0,0,0,0,35,0,0,22,28,25,16,4,0,27,35,14,20,12,0,0,0,0,11,36,0,0,3,35,0,0,37,17,11,10,0,12,0,0,0,0,8,0,0,1,13,3,0,11,0,23,15,23,0,22,6,0,42,2,14,0,0,0,0,15,20,0,0,0,0,0,0,0,17,4,0,16,0,0,27,10,25,18,16,0
"cell144",33,27,25,37,19,51,25,18,43,13,27,18,11,36,28,35,14,25,15,38,23,55,0,37,32,11,30,6,17,0,0,0,0,24,32,0,0,28,20,45,26,33,0,33,33,0,0,18,11,13,10,17,0,6,8,0,0,0,0,0,0,0,0,0,0,0,0,0,0,0,0,0,37,20,0,0,11,12,19,0,0,38,4,0,1,4,24,44,51,25,0,0,27,0,28,0,0,0,18,0,14,27,30,0,40,20,36,24,14,0,0,0,0,36,11,21,2,7,27,15,26,0,22,36,63,0,11,44,48,28,0,10,6,19,22,0,7,23,29,17,10,47,0,9,0,0,23,2,0,34,25,13,29,20,16,0,18,0,29,0,30,0,24,42,31,21,0,16,0,0,0,36,0,5,1,0,9,0,24,34,0,24,5,21,0,22,21,23,0,38,25,0,41,5,25,0,0,0,0,0,0,0,2,2,8,27,8,0,18,0,0,21,16,0,52,0,20,2,0,0
"cell145",48,29,21,27,18,26,24,29,18,20,23,41,29,51,34,47,9,35,13,27,23,46,2,53,40,23,12,15,21,0,0,0,0,33,44,0,1,45,18,51,19,23,0,24,40,0,0,21,23,46,10,13,0,14,26,0,0,0,0,0,0,0,0,0,0,0,0,0,0,0,5,0,14,16,3,5,15,6,9,0,0,38,24,0,15,0,34,30,29,37,9,0,21,0,42,0,0,0,30,0,17,44,17,0,29,21,33,32,51,0,0,0,0,48,32,17,0,31,17,28,29,0,8,45,6,4,0,30,51,36,0,20,1,35,36,0,13,51,18,68,6,26,49,0,27,0,29,3,0,33,40,22,28,23,38,11,20,12,32,0,36,0,24,32,29,9,0,28,0,0,0,21,12,24,17,12,8,0,20,27,0,35,25,31,9,42,11,22,0,35,24,2,47,5,23,0,0,0,0,0,0,0,0,1,19,50,33,0,34,0,0,32,15,5,12,0,2,3,0,5
"cell146",18,30,20,15,14,27,16,19,33,12,13,10,12,29,19,26,10,15,16,25,15,27,0,35,25,12,13,5,16,4,1,1,2,0,0,24,27,0,0,0,0,0,13,0,0,0,0,0,0,0,0,0,0,0,0,0,0,0,0,0,0,0,0,0,0,0,0,0,0,0,0,0,30,20,0,0,33,7,10,0,32,22,0,0,0,2,3,22,32,10,0,0,20,0,27,0,0,25,12,0,15,30,0,0,0,0,0,21,0,0,26,0,0,38,11,11,25,0,0,18,12,0,18,4,45,0,36,38,0,38,0,4,13,0,0,14,0,0,0,0,42,0,0,21,24,16,15,0,0,15,36,16,24,11,0,0,0,0,23,27,3,0,0,24,0,0,30,24,1,6,0,26,0,0,0,0,6,0,3,14,16,2,0,17,0,8,15,18,0,26,7,2,56,0,13,0,0,0,0,24,20,0,0,0,0,0,0,0,19,0,0,13,0,0,25,3,18,17,14,0
"cell147",21,18,28,21,23,20,23,22,43,20,12,14,8,22,32,50,20,24,16,28,31,45,0,43,34,11,26,9,11,0,0,0,0,15,23,0,3,2,6,0,0,0,23,0,0,0,0,0,0,0,0,0,0,0,0,0,0,0,0,0,0,0,0,0,0,0,0,0,0,0,0,0,27,19,0,0,19,17,11,0,1,30,0,0,0,0,22,20,31,20,0,0,23,0,21,0,0,26,22,0,15,31,31,0,29,12,18,21,0,0,11,0,0,20,19,24,24,0,0,31,16,0,15,26,29,0,14,24,0,17,0,9,6,0,0,16,0,0,0,0,42,0,0,21,0,0,23,0,0,23,43,11,33,19,0,0,0,0,21,0,31,1,9,28,0,0,32,16,0,1,0,26,0,0,0,0,17,0,16,28,19,15,0,17,0,29,19,20,0,34,16,0,23,1,15,0,0,0,0,18,11,0,0,0,0,0,0,0,9,0,0,17,0,0,29,0,24,2,0,0
"cell148",7,26,28,23,15,24,18,6,17,13,22,20,21,25,3,35,14,17,30,29,13,33,0,38,23,12,30,0,19,0,0,0,0,13,17,1,11,0,0,0,0,0,18,0,0,0,0,0,0,0,0,0,0,0,0,0,0,0,0,0,0,0,0,0,0,0,0,0,0,0,0,0,30,29,0,0,16,25,27,0,17,17,0,0,0,0,16,61,23,15,0,0,22,0,15,0,0,16,22,0,23,18,0,0,17,8,19,26,0,0,26,0,0,30,14,9,14,0,0,20,12,0,13,26,34,0,21,34,0,21,0,4,14,0,0,16,0,0,0,0,43,0,0,8,0,4,12,0,0,16,26,1,21,11,0,0,0,0,22,0,19,0,12,34,0,0,37,21,0,0,0,30,0,0,0,0,4,0,38,38,34,0,0,32,0,17,22,11,0,24,5,0,31,4,20,0,0,0,0,18,17,0,0,0,0,0,0,0,9,0,0,23,0,0,37,0,13,11,15,0
"cell149",23,24,33,48,19,32,34,21,29,27,22,30,22,40,32,46,16,26,29,14,29,41,0,50,65,45,28,19,27,0,0,0,0,41,48,0,0,25,25,40,17,13,0,40,20,0,0,21,21,36,1,6,11,1,1,16,0,0,0,0,0,0,0,0,0,0,0,0,0,0,0,0,47,26,0,0,31,27,21,0,0,41,33,0,13,2,36,49,50,19,0,0,54,0,30,0,0,0,16,3,39,41,29,0,33,21,39,34,51,0,0,0,0,34,27,36,2,19,31,24,27,0,21,44,3,0,6,5,40,41,30,13,1,60,26,1,10,53,34,58,3,21,22,7,0,0,21,0,0,29,38,15,27,34,29,0,29,5,32,0,46,1,22,35,43,24,0,29,6,0,0,34,24,34,28,31,28,0,22,30,0,40,0,31,0,27,27,29,0,43,9,0,46,2,24,0,0,0,0,0,0,0,0,0,4,50,13,0,28,0,0,43,23,30,12,0,36,5,0,0
"cell150",13,9,11,8,12,20,19,5,13,7,13,4,4,15,11,15,5,11,4,13,0,0,5,1,1,0,0,0,0,14,18,12,11,0,0,8,6,0,0,0,0,0,4,0,0,0,0,0,0,0,0,0,0,0,0,0,0,0,0,0,0,0,0,0,0,0,0,0,0,0,0,0,22,11,0,0,13,7,14,0,7,17,0,0,0,17,0,17,17,0,0,0,13,0,6,6,0,4,4,0,0,22,0,0,0,0,1,23,0,0,17,0,0,0,17,5,13,0,0,10,7,0,17,0,22,0,13,16,0,11,0,3,5,0,0,23,0,0,0,0,11,0,0,7,12,19,0,14,0,9,16,9,8,15,0,0,0,0,16,13,2,6,0,12,0,0,9,3,24,14,0,11,0,0,0,0,0,0,0,0,13,2,0,13,0,16,11,8,0,10,5,0,21,5,12,0,0,0,0,16,9,0,0,0,0,0,0,0,20,6,0,9,0,0,17,4,10,13,11,0
"cell151",23,15,16,22,14,22,24,15,12,17,13,13,25,28,19,21,1,20,13,38,13,35,2,0,4,0,0,0,2,15,34,18,18,0,0,17,18,0,0,0,0,0,12,0,0,0,0,0,0,0,0,0,0,0,0,0,0,0,0,0,0,0,0,0,0,0,0,0,0,0,0,0,18,19,0,0,14,10,9,0,33,24,0,0,0,43,0,22,26,2,0,0,17,0,24,0,0,13,10,0,1,28,0,0,0,0,0,18,0,0,28,0,0,0,23,17,13,0,0,6,14,0,41,0,24,0,26,33,0,20,0,13,8,0,0,12,0,0,0,0,33,0,0,21,26,29,0,4,0,11,25,14,19,24,0,0,0,0,11,10,0,0,0,13,0,0,31,11,31,9,0,22,0,0,0,0,0,0,0,0,5,1,0,17,0,15,12,10,0,24,13,2,25,3,16,0,0,0,0,16,24,0,0,0,0,0,0,0,13,21,0,9,0,0,49,9,16,19,5,0
"cell152",18,14,28,25,16,24,19,16,33,20,12,11,16,21,30,36,14,25,12,27,22,41,0,42,30,11,22,21,6,0,0,0,0,21,22,2,7,0,0,0,0,0,9,0,0,0,0,0,0,0,0,0,0,0,0,0,0,0,0,0,0,0,0,0,0,0,0,0,0,0,0,0,29,23,0,0,21,18,18,0,2,19,0,0,0,0,15,28,37,18,0,0,16,0,23,0,0,21,19,0,27,30,27,0,22,28,17,27,0,0,31,0,0,33,28,18,16,0,0,22,7,0,15,38,46,0,24,39,0,32,0,9,10,0,0,16,0,0,0,0,18,0,0,24,0,1,24,0,0,24,33,8,28,32,0,0,0,0,20,0,14,0,8,10,0,0,28,18,0,0,0,15,0,0,0,0,16,0,18,22,21,11,0,23,0,22,11,17,0,25,14,0,24,4,16,0,0,0,0,9,15,0,0,0,0,0,0,0,22,0,0,15,0,0,36,0,13,6,3,0
"cell153",26,20,26,27,18,20,23,25,27,26,20,14,8,30,17,40,14,14,12,27,14,36,0,26,32,15,16,8,29,0,0,0,0,25,39,0,0,21,24,50,18,18,0,3,3,8,2,0,1,0,0,0,0,0,0,0,0,0,0,0,0,0,0,0,0,0,1,1,0,0,0,0,18,22,0,0,12,11,26,0,0,29,0,0,0,1,10,39,51,13,0,0,28,0,32,0,0,0,28,0,23,41,37,0,32,16,29,14,12,4,0,0,0,28,23,22,15,21,11,21,38,0,19,24,39,0,17,42,54,37,0,20,14,0,0,26,0,0,0,0,48,34,0,13,0,0,40,2,0,23,17,11,20,23,0,0,0,1,30,0,34,0,14,28,39,24,0,28,0,0,0,24,0,0,0,0,20,0,27,24,0,22,0,33,0,14,18,24,0,28,18,2,37,9,15,0,0,0,0,0,0,0,0,0,0,0,0,0,24,0,0,10,12,0,27,0,10,0,0,0
"cell154",27,20,27,30,17,32,19,23,30,17,19,24,14,27,29,45,13,20,8,23,14,47,0,33,28,17,21,10,26,0,0,0,0,34,52,0,0,23,20,56,10,25,0,3,7,6,1,0,0,0,0,0,0,0,0,0,0,0,0,0,0,0,0,0,0,0,1,1,0,0,0,0,24,18,0,0,16,19,29,0,0,32,0,0,0,1,8,19,34,11,0,0,30,0,31,0,0,0,14,0,33,34,43,0,21,32,38,17,6,7,0,0,0,26,20,25,4,37,16,11,36,0,25,32,32,0,19,36,41,34,0,20,20,0,0,17,0,0,0,0,32,34,0,20,0,0,35,0,0,28,33,9,26,30,0,0,0,0,36,0,50,0,18,29,30,26,0,28,0,0,0,26,0,0,0,0,13,0,17,25,0,30,0,39,0,17,28,20,0,42,21,5,43,7,17,0,0,0,0,0,0,0,1,0,0,0,0,0,19,0,0,19,16,0,35,0,10,2,0,0
"cell155",24,15,13,15,10,22,11,15,38,11,6,14,8,22,18,28,9,19,14,21,6,34,0,5,7,0,0,0,0,10,15,14,22,0,0,14,15,0,0,0,0,0,16,0,0,0,0,0,0,0,0,0,0,0,0,0,0,0,0,0,0,0,0,0,0,0,0,0,0,0,0,0,26,20,0,0,20,10,17,0,21,25,0,0,0,19,0,29,26,0,0,0,26,0,25,0,0,17,16,0,4,23,0,0,0,0,0,12,0,0,16,0,0,0,11,13,22,0,0,12,20,0,10,0,33,0,17,22,0,36,0,13,7,0,0,14,0,0,0,0,38,0,0,23,29,32,0,23,0,14,24,2,16,21,0,0,0,0,11,30,0,3,0,23,0,0,43,10,14,14,0,17,0,0,0,0,0,0,0,0,12,0,0,15,0,28,20,26,0,23,19,1,32,1,26,0,0,0,0,15,19,0,0,0,0,0,0,0,24,19,0,24,0,0,42,9,21,19,20,0
"cell156",18,11,14,5,5,14,23,20,29,9,11,9,8,15,15,23,16,15,17,9,6,13,3,0,1,0,0,0,0,12,28,12,22,0,0,18,10,0,0,0,0,0,11,0,0,0,0,0,0,0,0,0,0,0,0,0,0,0,0,0,0,0,0,0,0,0,0,0,0,0,0,0,15,10,0,0,14,7,23,0,4,22,0,0,0,17,0,21,25,0,0,0,16,0,15,5,0,2,10,0,0,25,0,0,0,0,0,24,0,0,26,0,0,0,15,20,14,0,0,16,12,0,5,0,23,0,12,39,0,10,0,9,17,0,0,18,0,0,0,0,23,0,0,13,15,18,0,19,0,28,11,3,20,18,0,0,0,0,11,14,0,9,0,13,0,0,15,7,11,13,0,17,0,0,0,0,0,0,0,0,8,1,0,23,0,17,18,17,0,15,21,0,25,2,18,0,0,0,0,11,14,0,0,0,0,0,0,0,19,12,0,12,0,0,17,5,17,12,17,0
"cell157",36,15,22,15,14,15,13,18,12,20,12,21,19,14,24,36,4,24,14,22,23,27,1,3,1,0,0,0,0,19,28,18,19,0,0,26,30,0,0,0,0,0,17,0,0,0,0,0,0,0,0,0,0,0,0,0,0,0,0,0,0,0,0,0,0,0,0,0,0,0,0,0,25,20,0,0,15,9,22,0,20,25,0,0,0,19,0,23,17,0,0,0,16,0,16,0,0,7,22,1,0,41,0,0,0,0,0,12,0,0,24,0,0,0,11,31,23,0,0,16,15,0,17,0,33,0,25,25,0,14,0,10,20,0,0,22,0,0,0,0,38,0,0,12,25,24,0,13,0,24,19,19,9,18,0,0,0,0,19,26,0,1,0,25,0,0,40,14,23,14,0,16,0,0,0,0,0,0,0,0,10,2,0,25,0,23,15,29,0,33,12,0,46,5,18,0,0,0,0,14,34,0,0,0,0,0,0,0,22,31,0,23,0,0,39,18,23,23,15,0
"cell158",31,8,13,12,13,23,20,13,19,19,17,5,8,23,19,32,5,13,15,17,17,18,2,3,1,0,0,0,0,17,34,22,14,0,0,19,25,0,0,0,0,0,13,0,0,0,0,0,0,0,0,0,0,0,0,0,0,0,0,0,0,0,0,0,0,0,0,0,0,0,0,0,28,16,0,0,12,17,19,0,31,31,0,0,0,33,0,46,12,0,0,0,22,0,17,0,0,7,23,0,0,31,0,0,0,0,0,17,0,0,26,0,0,0,8,27,18,0,0,15,15,0,20,0,32,0,37,33,0,19,0,15,9,0,0,17,0,0,0,0,43,0,0,21,28,17,0,15,0,24,22,11,18,11,0,1,0,0,14,23,0,1,0,26,0,0,37,20,18,14,0,13,0,0,0,0,0,0,0,0,4,0,0,22,0,9,18,16,0,35,4,1,25,11,16,0,0,0,0,23,19,0,0,0,0,0,0,0,19,21,0,20,0,0,44,12,17,28,16,0
"cell159",33,35,30,35,16,13,31,23,44,29,12,27,21,46,15,40,17,45,14,39,21,52,0,71,40,33,29,6,15,0,0,0,0,39,37,0,0,33,11,52,10,19,0,51,27,0,0,21,31,43,11,11,0,25,17,4,0,0,0,0,0,0,0,0,0,0,0,0,0,0,0,0,47,30,0,0,24,12,26,0,0,33,51,0,16,2,38,34,35,25,0,0,53,0,53,0,0,0,26,0,35,37,51,0,46,26,20,19,29,1,3,0,0,37,22,39,0,29,23,22,30,0,20,40,9,0,4,54,39,38,1,20,0,33,28,0,20,54,39,28,4,46,38,0,1,0,53,2,0,30,46,18,39,26,49,8,36,8,38,0,50,0,30,52,46,31,0,31,0,1,0,29,32,17,30,19,20,0,35,35,0,39,1,44,0,37,25,29,0,36,21,6,44,1,13,0,0,0,0,0,0,0,0,0,22,44,29,0,22,0,0,35,10,7,16,0,1,4,0,0
"cell160",24,15,21,26,23,23,21,19,8,15,25,18,21,29,15,24,5,29,9,24,25,25,0,2,3,0,0,0,0,24,20,26,20,0,0,18,24,0,0,0,0,0,14,0,0,0,0,0,0,0,0,0,0,0,0,0,0,0,0,0,0,0,0,0,0,0,0,0,0,0,0,0,16,19,0,0,19,10,16,0,26,28,0,0,0,27,0,30,23,0,0,0,24,0,22,0,0,5,27,5,3,31,0,0,0,0,0,18,0,0,22,0,0,0,10,29,14,0,0,28,19,0,21,0,26,0,47,24,0,27,0,23,17,0,0,12,0,0,0,0,23,0,0,21,25,24,0,13,0,26,24,9,10,20,0,0,0,0,29,17,0,0,0,32,0,0,39,18,24,17,0,18,0,0,0,0,0,0,0,0,12,1,0,18,0,30,13,27,1,40,17,0,35,7,20,0,0,0,0,11,21,0,0,0,0,0,0,1,25,25,0,13,0,0,29,14,17,21,19,0
"cell161",24,20,22,27,8,26,14,19,43,9,11,11,14,27,15,28,14,12,6,32,17,36,0,50,33,18,20,18,11,0,2,0,2,4,12,19,9,0,0,0,0,0,10,0,0,0,0,0,0,0,0,0,0,0,0,0,0,0,0,0,0,0,0,0,0,0,0,0,0,0,0,0,19,6,0,0,22,8,15,0,28,21,0,0,0,0,18,43,34,14,0,0,19,0,22,0,0,20,21,0,26,32,0,0,1,8,19,16,0,0,23,0,0,16,13,11,14,0,0,21,24,0,21,31,19,0,28,45,0,22,0,29,13,0,0,13,0,0,0,0,38,0,0,15,8,5,22,0,0,24,23,8,10,18,0,0,0,0,22,2,36,0,5,24,0,0,35,21,0,0,0,21,0,0,0,0,24,0,11,24,20,0,0,22,0,16,25,19,0,47,17,0,29,5,11,0,0,0,0,22,24,0,0,0,0,0,0,0,19,0,0,17,0,0,24,0,19,6,24,0
"cell162",30,11,20,34,20,17,31,12,35,16,13,13,18,46,15,21,11,18,14,36,17,39,0,43,39,16,34,16,15,0,0,0,0,33,60,0,0,28,19,44,8,16,0,5,3,1,0,0,0,0,0,0,0,0,0,0,0,0,0,0,0,0,0,0,0,0,0,0,0,0,0,0,37,16,0,0,16,22,29,0,0,22,0,0,0,3,25,40,25,16,0,0,21,0,21,0,0,11,19,0,22,26,21,0,39,16,23,13,0,0,0,0,0,37,18,26,15,6,21,33,11,0,16,38,40,0,17,38,40,26,0,10,12,0,0,24,0,0,0,0,53,33,0,15,0,0,13,2,0,24,19,12,23,27,0,0,0,0,30,0,31,0,16,16,59,12,2,22,0,0,0,10,0,0,0,0,5,0,10,26,4,32,0,28,0,24,10,13,0,23,22,1,16,3,19,0,0,0,0,0,0,0,0,0,0,0,0,0,11,0,0,15,12,0,27,0,19,3,1,0
"cell163",33,20,12,19,21,26,15,15,17,21,21,18,10,24,29,37,13,16,13,29,20,19,3,0,0,0,0,0,0,23,24,20,12,0,0,28,36,0,0,0,0,0,22,0,0,0,0,0,0,0,0,0,0,0,0,0,0,0,0,0,0,0,0,0,0,0,0,0,0,0,0,0,18,22,0,0,12,12,23,0,28,17,0,0,0,31,0,19,25,0,0,0,26,0,27,0,0,12,23,1,0,40,0,0,0,0,0,33,0,0,13,0,0,0,13,22,19,0,0,13,19,1,19,0,44,0,24,27,0,25,0,10,9,0,0,23,0,0,0,0,32,0,0,16,26,28,0,15,0,36,23,11,19,30,0,0,0,0,25,31,0,0,0,24,0,0,32,12,29,22,0,13,0,0,0,0,0,0,0,0,2,2,0,27,0,17,21,23,0,33,14,2,44,2,22,0,0,0,0,24,30,0,0,0,0,0,0,0,18,33,0,18,0,0,33,11,11,19,17,0
"cell164",30,25,13,25,19,17,13,17,41,17,13,15,16,37,27,29,9,16,11,26,11,36,0,32,23,3,27,19,20,0,0,0,4,3,15,7,13,0,0,0,0,0,7,0,0,0,0,0,0,0,0,0,0,0,0,0,0,0,0,0,0,0,0,0,0,0,0,0,0,0,0,0,27,23,0,0,37,12,16,0,25,25,0,0,0,0,13,33,23,11,0,0,15,0,22,0,0,18,28,0,22,20,0,0,2,12,23,30,0,0,37,0,0,27,21,15,6,0,0,27,16,0,19,26,37,0,27,31,0,16,0,17,7,0,0,14,0,0,0,0,37,0,0,19,5,11,24,0,0,18,19,9,17,23,0,0,0,0,16,1,20,0,2,13,0,0,36,14,0,0,0,38,0,0,0,0,20,0,30,22,19,2,0,20,0,15,15,19,0,31,15,1,24,4,19,0,0,0,0,26,26,0,0,0,0,0,0,0,20,0,0,16,0,0,26,0,17,9,25,0
"cell165",19,25,17,21,17,23,11,9,29,15,22,21,10,19,24,20,8,20,20,22,9,38,0,37,26,21,22,18,19,0,0,0,2,14,38,4,7,0,0,0,0,0,15,0,0,0,0,0,0,0,0,0,0,0,0,0,0,0,0,0,0,0,0,0,0,0,0,0,0,0,0,0,25,13,0,0,19,11,19,0,2,33,0,0,0,0,28,34,22,21,0,0,28,0,15,0,0,9,22,0,18,27,1,0,22,19,29,18,0,0,24,0,0,23,25,14,21,0,0,24,16,0,16,20,33,0,24,33,0,16,0,18,18,0,0,23,0,0,0,0,28,0,0,17,2,3,22,0,0,28,30,12,12,18,0,0,0,0,16,0,26,0,12,21,0,0,41,29,0,0,0,29,0,0,0,0,12,0,8,39,24,2,0,39,0,16,19,24,0,35,10,0,30,2,18,0,0,0,0,16,28,0,0,0,0,0,0,0,17,0,0,14,0,0,41,0,9,11,7,0
"cell166",19,27,18,30,18,10,27,17,20,14,22,14,17,30,19,22,14,16,18,26,16,21,0,11,11,5,0,0,0,9,26,22,15,0,0,22,29,0,0,0,0,0,13,0,0,0,0,0,0,0,0,0,0,0,0,0,0,0,0,0,0,0,0,0,0,0,0,0,0,0,0,0,22,16,0,0,28,26,31,0,27,20,0,0,0,18,0,33,34,0,0,0,16,0,25,0,0,8,18,0,8,14,0,0,0,0,0,15,0,0,23,0,0,0,21,28,19,0,0,27,18,0,10,0,38,3,38,41,0,31,0,7,16,0,0,12,0,0,0,0,25,0,0,16,19,19,0,0,0,34,21,6,29,27,0,0,0,0,18,22,0,0,0,21,0,0,22,24,19,20,0,23,0,0,0,0,0,0,0,0,7,0,0,32,0,23,28,16,0,25,21,3,23,1,16,0,0,0,0,12,29,0,0,0,0,0,0,1,26,13,0,18,0,0,39,8,14,14,17,0
"cell167",35,9,14,14,17,21,31,12,20,10,6,7,18,25,18,32,17,12,14,14,15,46,0,52,18,26,28,9,7,0,0,0,0,20,52,0,0,23,22,28,4,10,0,0,0,0,2,0,0,0,0,0,0,0,0,0,0,0,0,0,0,0,0,0,0,0,0,0,0,0,0,0,31,18,0,0,13,6,18,0,0,25,0,0,0,0,19,40,32,9,0,0,24,0,32,0,0,7,16,0,22,24,14,0,25,19,14,12,0,0,1,0,0,31,14,20,13,2,17,28,14,0,10,18,43,0,10,35,21,20,0,9,21,0,0,33,0,0,0,0,27,28,0,14,0,0,20,3,0,15,18,6,22,23,0,0,0,0,27,0,21,0,13,32,35,13,1,19,0,0,0,24,0,0,0,0,11,0,15,37,8,32,0,25,0,24,28,16,0,31,8,2,39,4,9,0,0,0,0,0,0,0,0,0,0,0,0,2,29,0,0,21,16,0,29,0,21,5,1,0
"cell168",27,24,31,20,11,30,26,17,24,16,27,25,14,15,20,47,24,36,6,25,21,38,0,45,38,10,27,20,21,0,0,0,0,29,31,0,0,33,17,36,17,15,0,2,3,3,9,3,0,0,0,0,0,0,0,0,0,0,0,0,0,0,0,0,0,0,2,0,0,0,0,0,30,18,0,0,24,23,30,0,0,31,0,0,0,4,12,28,33,39,0,0,29,0,22,0,0,1,21,0,19,36,34,0,23,26,31,14,0,2,0,0,0,28,19,30,16,17,19,20,35,0,24,26,31,0,17,37,29,19,0,18,15,0,0,11,0,5,5,2,30,25,0,24,0,0,31,2,0,23,41,11,30,17,0,0,0,0,23,0,33,0,6,28,39,24,0,31,0,0,0,27,0,0,0,0,12,0,22,28,3,36,0,12,0,17,23,19,0,40,16,0,42,2,21,0,0,0,0,0,0,0,1,11,0,0,0,0,23,0,0,22,15,0,24,0,21,1,0,0
"cell169",34,38,29,33,16,40,52,10,37,32,30,12,13,35,39,25,22,19,18,39,30,36,0,50,50,29,27,13,23,0,0,0,0,45,49,0,0,23,30,45,12,14,0,55,45,0,0,25,23,44,3,5,9,2,9,3,0,0,0,0,0,0,0,0,0,0,0,0,0,0,0,0,48,28,0,1,18,5,23,0,0,32,10,0,5,0,23,31,40,37,0,0,17,0,29,0,0,0,26,0,35,34,38,0,32,43,37,31,31,0,0,0,0,42,19,22,3,27,21,21,20,0,42,66,4,3,2,49,52,37,13,27,2,35,32,0,20,50,47,40,2,39,44,0,4,0,25,4,0,45,34,14,27,23,24,0,15,2,25,0,30,0,19,55,48,9,0,23,0,0,0,38,30,29,35,19,22,0,25,47,2,49,2,37,0,30,24,24,0,38,20,3,55,10,28,0,0,0,0,0,0,0,0,0,31,72,25,0,20,0,0,37,24,19,4,0,8,3,0,0
"cell170",30,14,21,18,16,27,31,20,21,10,13,13,17,29,26,30,15,18,11,18,15,42,0,37,17,19,24,11,5,0,0,0,0,16,38,0,0,19,24,21,2,13,0,0,0,0,0,0,0,0,0,0,0,0,0,0,0,0,0,0,0,0,0,0,0,0,0,0,0,0,0,0,30,15,0,0,9,11,13,0,0,35,0,0,0,0,13,36,27,15,0,0,28,0,22,0,0,6,35,0,24,32,11,0,30,16,31,15,0,0,2,0,0,33,22,24,27,4,11,24,15,0,8,30,32,0,16,32,29,26,0,6,13,0,0,45,0,0,0,0,41,28,0,19,0,0,26,0,0,22,24,6,25,22,0,0,0,0,19,0,27,0,12,31,28,9,1,28,0,0,0,15,0,0,0,0,13,0,13,27,10,33,0,33,0,21,25,12,0,26,11,1,44,2,13,0,0,0,0,0,0,0,0,0,0,0,0,1,23,0,0,18,15,0,28,0,21,5,2,0
"cell171",27,12,20,20,7,33,17,14,19,14,11,12,19,20,14,30,6,13,11,26,14,29,2,0,1,0,0,0,0,12,26,14,22,0,0,33,28,0,0,0,0,0,18,0,0,0,0,0,0,0,0,0,0,0,0,0,0,0,0,0,0,0,0,0,0,0,0,0,0,0,0,0,18,14,0,0,13,11,18,0,30,34,0,0,0,40,0,31,18,3,0,0,18,0,27,0,0,18,14,0,2,32,0,0,0,0,0,16,0,0,30,0,0,0,25,17,9,0,0,10,26,0,21,0,25,0,24,20,0,8,0,13,10,0,0,17,0,0,0,0,42,0,0,11,16,28,0,9,0,30,22,6,22,16,0,0,0,0,19,19,0,0,0,21,0,0,15,12,31,8,0,11,0,0,0,0,0,0,0,0,9,0,0,31,0,25,15,12,0,32,15,2,27,4,14,0,0,0,0,20,32,0,0,0,0,0,0,0,25,17,0,15,0,0,34,15,16,17,22,0
"cell172",22,15,20,21,18,12,20,18,34,10,12,9,12,18,25,30,12,16,11,17,16,29,1,3,10,0,0,0,0,15,21,14,24,0,0,22,15,0,0,0,0,0,19,0,0,0,0,0,0,0,0,0,0,0,0,0,0,0,0,0,0,0,0,0,0,0,0,0,0,0,0,0,19,27,0,0,21,12,18,0,25,16,0,0,0,37,0,27,28,0,0,0,14,0,22,0,0,17,16,0,3,25,0,0,0,0,0,15,0,0,29,0,0,0,8,16,16,0,0,18,16,0,17,0,34,0,22,24,0,21,0,10,12,0,0,19,0,0,0,0,27,0,0,16,30,21,0,18,0,26,23,9,13,23,0,0,0,0,16,20,0,0,0,21,0,0,33,8,18,19,0,20,0,0,0,0,0,0,0,0,8,0,0,25,0,17,15,16,2,25,18,1,39,1,21,0,0,0,0,6,21,0,0,0,0,0,0,0,12,21,0,15,0,0,32,12,23,18,13,0
"cell173",25,8,21,21,37,12,34,15,40,19,9,16,14,32,17,16,17,13,10,38,10,41,0,42,29,16,18,17,16,0,0,0,0,16,55,0,0,25,18,53,6,26,3,5,4,3,3,0,0,0,0,0,0,0,0,0,0,0,0,0,0,0,0,0,0,0,0,0,0,0,0,0,34,14,0,0,12,11,18,0,0,17,0,0,0,0,12,41,21,7,0,0,34,0,25,0,0,6,17,0,18,26,27,0,38,20,26,18,0,0,0,0,0,37,14,26,12,6,16,20,12,0,15,40,44,0,17,27,32,24,0,11,14,0,0,25,0,0,0,0,38,15,0,19,0,0,20,2,0,25,27,8,16,26,0,0,0,0,35,0,22,0,20,10,36,17,1,19,0,0,0,8,0,0,0,0,7,0,21,37,6,19,0,27,1,28,19,22,0,26,13,1,30,3,11,0,0,0,0,0,0,0,0,1,0,0,0,0,18,0,0,17,24,0,32,0,22,5,1,0
"cell174",34,16,21,35,12,15,17,25,41,30,20,13,16,29,35,32,20,27,13,25,30,44,0,44,28,30,29,15,33,0,0,0,0,24,45,0,0,31,15,33,12,7,0,24,16,0,0,9,8,19,11,7,0,9,5,0,5,2,4,6,1,2,0,0,3,1,0,0,0,0,0,0,44,14,0,0,34,26,30,0,0,38,16,0,6,0,25,25,26,24,2,0,23,0,38,0,0,0,29,0,11,42,25,1,29,13,34,17,43,17,6,0,0,31,21,40,0,18,14,19,24,0,32,31,30,0,16,30,40,30,0,7,6,13,11,0,10,21,24,31,18,41,0,11,0,0,37,3,0,28,40,13,35,20,34,3,26,1,18,0,15,0,14,26,37,11,0,14,2,0,0,24,0,0,8,6,15,0,29,50,0,46,0,31,0,23,17,25,0,44,23,4,47,4,18,0,14,0,8,0,0,0,0,0,1,28,0,0,30,0,0,27,18,0,28,0,13,3,0,0
"cell175",29,27,27,23,22,30,28,16,42,13,29,12,17,30,23,32,8,25,18,25,23,26,0,25,32,22,27,17,17,0,0,0,0,20,24,0,0,26,9,40,10,14,0,47,22,0,0,18,14,15,10,29,4,22,15,4,0,0,0,0,0,0,0,0,0,0,0,0,0,2,1,0,34,25,0,0,30,9,25,0,0,25,21,0,2,3,25,40,34,25,0,0,16,0,46,0,0,0,16,0,25,23,20,0,40,21,41,26,25,0,0,0,0,30,19,16,3,33,18,11,25,0,40,35,34,1,5,63,37,34,0,11,9,37,12,0,16,26,22,18,2,34,19,6,0,0,19,2,0,30,29,13,50,17,41,3,24,1,36,0,23,0,26,30,30,21,0,23,0,0,0,29,2,7,5,7,26,0,23,32,2,26,0,29,0,40,30,23,0,25,15,3,66,1,21,0,0,0,0,0,0,0,0,1,31,40,28,0,21,0,0,15,13,0,47,0,28,1,0,0
"cell176",20,9,20,13,27,16,32,12,28,22,10,12,13,24,11,27,15,12,12,13,3,8,12,0,0,0,1,0,0,24,22,26,17,0,0,16,26,0,0,0,0,0,15,0,0,0,0,0,0,0,0,0,0,0,0,0,0,0,0,0,0,0,0,0,0,0,0,0,0,0,0,0,17,11,0,0,13,18,22,0,23,25,0,0,0,11,0,29,24,0,0,0,10,0,14,4,0,16,17,0,0,14,0,0,0,0,0,17,0,0,28,0,0,0,18,13,14,0,0,16,11,0,14,0,22,0,23,27,0,19,0,4,15,0,0,14,0,0,0,0,26,0,0,15,10,23,0,18,0,9,26,8,16,18,0,0,0,0,14,17,0,2,0,28,0,0,34,10,13,20,0,22,0,0,0,0,0,0,0,0,14,1,0,24,0,25,18,13,0,24,6,3,35,1,11,0,0,0,0,6,22,0,0,0,0,0,0,0,9,13,0,24,0,0,31,14,23,18,18,0
"cell177",11,17,13,21,13,25,16,10,22,13,4,10,3,15,9,14,12,15,1,6,1,2,17,5,0,3,1,0,0,8,22,10,15,0,0,8,16,0,0,0,0,0,9,0,0,0,0,0,0,0,0,0,0,0,0,0,0,0,0,0,0,0,0,0,0,0,0,0,0,0,0,0,22,24,0,0,15,12,13,0,5,29,0,0,0,13,0,45,20,0,0,0,18,0,4,9,0,4,3,0,0,16,1,0,0,0,1,19,0,0,16,0,0,0,15,8,15,0,0,13,11,0,9,0,13,0,35,25,0,22,0,7,11,0,0,20,0,0,0,0,14,0,0,12,16,22,0,13,0,12,22,10,10,9,0,0,0,0,6,16,0,3,0,19,0,0,18,7,8,16,0,17,0,0,0,0,0,0,0,0,9,5,0,20,0,25,16,17,1,26,10,1,30,1,4,0,0,0,0,12,7,0,0,0,0,0,0,0,8,16,0,12,0,0,23,4,11,17,10,0
"cell178",21,3,27,25,17,25,24,8,24,13,13,6,14,43,30,41,23,16,17,27,15,59,0,30,30,21,26,13,4,0,0,0,0,27,40,0,0,27,18,49,7,15,0,0,0,1,8,0,0,0,0,0,0,0,0,0,0,0,0,0,0,0,0,0,0,0,0,0,0,0,0,0,31,19,0,0,11,10,14,0,0,18,0,0,0,3,24,46,32,12,0,0,31,0,20,0,0,7,37,0,32,29,12,0,36,20,22,23,0,0,0,0,0,29,15,39,11,3,13,19,14,0,8,34,42,0,16,31,34,28,0,13,8,0,0,28,0,0,0,0,35,34,0,20,0,0,25,7,0,17,18,13,29,24,0,0,0,0,25,0,18,0,25,21,26,16,0,17,0,0,0,10,0,0,0,0,19,0,16,37,4,26,0,39,0,15,17,14,0,35,10,0,34,7,17,0,0,0,0,0,0,0,0,2,0,0,0,0,20,0,0,19,13,0,28,0,36,2,0,0
